# CLDR symbol names for as: symbol, tts name, keywords
# cldr-version	48
# source	https://unicode.org/Public/cldr/48/cldr-common-48.zip
# sha256	06c7c698d6fd8d67cefac15a0206b0109b00e0ef1636f86f84449fa959561f74
# icu-version	78.3
# unicode-version	17.0
# Generated by tools/cldr_symbol_names.py; do not edit.
!	ভাৱবোধক চিহ্ন	বেং | ভাৱবোধক | ভাৱবোধক চিহ্ন | ভাৱবোধক বিন্দু
#	হেশ্ব চিহ্ন	lb | নম্বৰ | পাউণ্ড | হেশ্ব | হেশ্ব চিহ্ন | হেশ্বটেগ
$	ডলাৰ	USD | টকা | ডলাৰ | পেছো
%	শতাংশ	শতাংশ
&	এম্পাৰছেণ্ড	et | আৰু | এম্পাৰছেণ্ড
'	টাইপৰাইটাৰ উৰ্ধকমা	উদ্ধৃতি | উৰ্ধকমা | একক উদ্ধৃতি | টাইপৰাইটাৰ উৰ্ধকমা
)	সমাপ্তি চন্দ্ৰ বন্ধনী	গোলাকাৰ বন্ধনী | চন্দ্ৰ বন্ধনী | পেৰেন | পেৰেন্‌চ | বন্ধনী | সমাপ্তি চন্দ্ৰ বন্ধনী
*	তৰাচিহ্ন	তৰা | তৰাচিহ্ন | ৱাইল্ডকাৰ্ড
+	যোগ চিহ্ন	যোগ | যোগ কৰক | যোগ চিহ্ন
,	ক’মা	ক’মা
-	হাইফেন-বিয়োগ	ডেশ্ব | বিয়োগ | হাইফেন | হাইফেন-বিয়োগ
.	বিৰাম চিহ্ন	দাৰি | বিন্দু | বিৰাম চিহ্ন
/	শ্লেছ	চলিডাচ | তিৰ্য্যক | বক্ৰৰেখা | ৱেক | শ্লেছ | ষ্ট্ৰ’ক
:	ক’লন	ক’লন
;	চেমিক’লন	চেমিক’লন
<	ইয়াতকৈ সৰু	ইয়াতকৈ সৰু | খোলা টেগ | টেগ
=	সমান	সমান | সমান চিহ্ন
>	ইয়াতকৈ ডাঙৰ	ইয়াতকৈ ডাঙৰ | টেগ | বন্ধ কৰা টেগ
?	প্ৰশ্নবোধক চিহ্ন	প্ৰশ্ন | প্ৰশ্নবোধক চিহ্ন
@	এট চিহ্ন	এট চিহ্ন | এট মাৰ্ক | এম্পাৰছেট | এৰোবা | এৰোবেচ | বাণিজ্যিক এট | ষ্ট্ৰুডেল
[	আৰম্ভণি বৰ বন্ধনী	আৰম্ভণি বৰ বন্ধনী | ক্ৰ’চেট | বন্ধনী | বৰ বন্ধনী
\	বেকশ্লেছ	ওলটা চলিডাচ | বেকশ্লেছ | ৱেক
]	সমাপ্তি বৰ বন্ধনী	ক্ৰ’চেট | বন্ধনী | বৰ বন্ধনী | সমাপ্তি বৰ বন্ধনী
^	চাৰকমফ্লেক্স এক্সেণ্ট	এক্সওআৰ চিহ্ন | এক্সেণ্ট | কেৰেট | চাৰকমফ্লেক্স | চেভৰণ | টুপী | নিয়ন্ত্ৰণ | পইণ্টাৰ | পাৱাৰ | ৱেজ
_	নিম্ন ৰেখা	ডেশ্ব | নিম্ন ডেশ্ব | নিম্ন ৰেখা | নিম্ন ৰেখাংকন | নিম্নডেশ্ব | ৰেখা
`	গ্ৰেভ এক্সেণ্ট	এক্সেণ্ট | গ্ৰেভ | ট’ন
{	আৰম্ভণি কুটিল বন্ধনী	আৰম্ভণি কুটিল বন্ধনী | কুটিল বন্ধনী | গালৱিং | বন্ধনী | মাজু বন্ধনী
|	উলম্ব ৰেখা	উলম্ব দণ্ডিকা | উলম্ব ৰেখা | দণ্ডিকা | পাইক | পাইপ | ভি বাৰ | ৰেখা | লাঠী | শ্বেফাৰ ষ্ট্ৰ’ক | ষ্ট্ৰ’ক
}	সমাপ্তি কুটিল বন্ধনী	কুটিল বন্ধনী | গালৱিং | বন্ধনী | মাজু বন্ধনী | সমাপ্তি কুটিল বন্ধনী
~	টিল্ড	টিল্ড
¡	ইনভাৰ্টেড ভাৱবোধক চিহ্ন	ইনভাৰ্টেড | ইনভাৰ্টেড ভাৱবোধক চিহ্ন | বেং | ভাৱবোধক | ভাৱবোধক চিহ্ন | ভাৱবোধক বিন্দু
¢	চেণ্ট	চেণ্ট
£	পাউণ্ড	ইজিপি | জিবিপি | পাউণ্ড | মুদ্ৰা
¤	অজ্ঞাত মুদ্ৰা	
¥	য়েন	আইপিৱায় | চিএনৱায় | মুদ্ৰা | য়ুয়ান | য়েন
§	শাখা	চিলক্ৰো‘ | দফা | ভাগ | শাখা
¨	ডায়েৰেছিছ	উমলাউট | ট্ৰেমা | ডায়েৰেছিছ
©	স্বত্বাধিকাৰ চিহ্ন	c | স্বত্বাধিকাৰ | স্বত্বাধিকাৰ চিহ্ন
«	বাওঁ গিলেমেট	উদ্ধৃতি | কাৰেট | কোণ | বন্ধনী | বৰ-বন্ধনী | বাওঁ | বাওঁ গিলেমেট
¬	নিগেশ্বন	নহয় | নিগেশ্বন
®	পঞ্জীভুক্ত	r | পঞ্জীভুক্ত
°	ডিগ্ৰী	ঘণ্টা | ডিগ্ৰী | প্ৰমাণ
±	যোগ-বিয়োগ	যোগ-বিয়োগ
²	ছুপাৰস্ক্ৰিপ্ট দুই	ছুপাৰস্ক্ৰিপ্ট | দুই | বৰ্গক্ষেত্ৰ
³	ছুপাৰস্ক্ৰিপ্ট তিনি	ঘনাঙ্ক | ছুপাৰস্ক্ৰিপ্ট | তিনি
´	একিউট এক্সেণ্ট	একিউট | এক্সেণ্ট | ট’ন
µ	মাইক্ৰ’ চিহ্ন	পৰিমাপ | মাইক্ৰ’ চিহ্ন
¶	দফা চিহ্ন	এলিনিয়া | দফা | দফা চিহ্ন | পাৰাফ | পিলক্ৰো
·	মাজৰ বিন্দু	আন্তঃবিৰাম চিহ্ন | বিন্দু | মাজবিন্দু | মাজৰ
¹	ছুপাৰস্ক্ৰিপ্ট এক	এক | ছুপাৰস্ক্ৰিপ্ট
»	সোঁ গিলেমেট	উদ্ধৃতি | কাৰেট | কোণ | বন্ধনী | বৰ-বন্ধনী | সোঁ | সোঁ গিলেমেট
¿	ইনভাৰ্টেড প্ৰশ্নবোধক চিহ্ন	ইনভাৰ্টেড | ইনভাৰ্টেড প্ৰশ্নবোধক চিহ্ন | প্ৰশ্ন | প্ৰশ্নবোধক চিহ্ন
×	পূৰণ চিহ্ন	গুণ | পূৰণ | পূৰণ কৰা | পূৰণ চিহ্ন
÷	হৰণ চিহ্ন	অবেলাচ | হৰণ | হৰণ কৰা | হৰণ চিহ্ন
֏	আৰ্মেনিয়ান ড্ৰাম	
؋	আফগান আফগানী	
،	আৰবী ক’মা	আৰবী | ক’মা
؛	আৰবী চেমিক’লন	আৰবী | চেমিক’লন
؟	আৰবী প্ৰশ্নবোধক চিহ্ন	আৰবী | আৰবী প্ৰশ্নবোধক চিহ্ন | প্ৰশ্ন | প্ৰশ্নবোধক চিহ্ন
৳	বাংলাদেশী টাকা	
฿	থাই বাত	
៛	কেম্ব’ডিয়ান ৰিয়েল	
‐	হাইফেন	ডেশ্ব | হাইফেন
–	এন ডেছ	এন | ডেছ
—	এম ডেছ	এম | ডেছ
―	আনুভূমিক দণ্ডিকা	আনুভূমিক দণ্ডিকা | ডেশ্ব | দণ্ডিকা | ৰেখা
‘	বাওঁ উৰ্ধকমা	উদ্ধৃতি | উৰ্ধকমা | একক উদ্ধৃতি | বাওঁ উৰ্ধকমা | স্মাৰ্ট উদ্ধৃতি
’	সোঁ উৰ্ধকমা	উদ্ধৃতি | উৰ্ধকমা | একক উদ্ধৃতি | সোঁ উৰ্ধকমা | স্মাৰ্ট উদ্ধৃতি
‚	নিম্ন সোঁ উৰ্ধকমা	উদ্ধৃতি | উৰ্ধকমা | নিম্ন উদ্ধৃতি | নিম্ন সোঁ উৰ্ধকমা
“	বাওঁ উদ্ধৃতি চিহ্ন	উদ্ধৃতি | দ্বৈত উদ্ধৃতি | বাওঁ উদ্ধৃতি চিহ্ন | স্মাৰ্ট উদ্ধৃতি
”	সোঁ উদ্ধৃতি চিহ্ন	উদ্ধৃতি | দ্বৈত উদ্ধৃতি | সোঁ উদ্ধৃতি চিহ্ন | স্মাৰ্ট উদ্ধৃতি
„	তলৰ সোঁ উদ্ধৃতি চিহ্ন	উদ্ধৃতি | তলৰ সোঁ উদ্ধৃতি চিহ্ন | দ্বৈত উদ্ধৃতি | নিম্ন উদ্ধৃতি | নিম্ন সোঁ উদ্ধৃতি চিহ্ন | স্মাৰ্ট উদ্ধৃতি
†	ডেগাৰ চিহ্ন	অবেলাচ | অবেলিস্ক | ডেগাৰ | ডেগাৰ চিহ্ন
‡	দ্বৈত ডেগাৰ চিহ্ন	অবেলাচ | অবেলিস্ক | ডেগাৰ | দ্বৈত | দ্বৈত ডেগাৰ চিহ্ন
•	বুলেট	বিন্দু | বুলেট
…	এলিপচিচ	এৰি যোৱা | এলিপচিচ | বিন্দু
‧	হাইফেনেশ্বন বিন্দু	ডেশ্ব | বিন্দু | হাইফেন | হাইফেনেশ্বন বিন্দু
‰	প্ৰতি হাজাৰ	প্ৰতি হাজাৰ | প্ৰতি-হাজাৰ | প্ৰতিহাজাৰ
′	প্ৰাইম	প্ৰাইম
″	দুডাল প্ৰাইম	দুডাল প্ৰাইম | প্ৰাইম
‴	তিনিডাল প্ৰাইম	তিনিডাল প্ৰাইম | প্ৰাইম
‸	কেৰেট	কেৰেট
※	প্ৰসংগ চিহ্ন	প্ৰসংগ চিহ্ন
‼	দ্বৈত ভাৱবোধক চিহ্ন	! | !! | দ্বৈত ভাৱবোধক চিহ্ন | বেংবেং | যতি-চিহ্ন
‽	ইণ্টাৰোবেং	ইণ্টাৰাবেং | ইণ্টাৰোবেং
‾	অ’ভাৰলাইন	অ’ভাৰলাইন | অ’ভাৰষ্ট্ৰাইক | ভিনকুলাম
⁂	তৰাৰ গোট	তৰা | তৰাৰ গোট | তৰাৰ শাৰী
⁄	ভগ্নাংশ শ্লেছ	কমা | ভগ্নাংশ শ্লেছ | ষ্ট’ক
⁉	ভাৱবোধক প্ৰশ্নবোধক চিহ্ন	! | !? | ? | চিহ্ন | প্ৰশ্ন | ভাৱবোধক | ভাৱবোধক আৰু প্ৰশ্নবোধক | ভাৱবোধক প্ৰশ্নবোধক চিহ্ন | যতি-চিহ্ন
⁻	ছুপাৰস্ক্ৰিপ্ট বিয়োগ	ছুপাৰস্ক্ৰিপ্ট | বিয়োগ
₡	কোষ্টা ৰিকান কোলন	
₢	ক্ৰুজেইৰো	ক্ৰুজেইৰো | বিআৰবি | মুদ্ৰা
₣	ফ্ৰেন্স ফ্ৰাংক	ফ্ৰাংক | ফ্ৰেন্স ফ্ৰাংক | মুদ্ৰা
₤	লিৰা	মুদ্ৰা | লিৰা
₥	মিল	মিল
₦	নাইজেৰিয়ান নাইৰা	
₨	টকা	টকা | মুদ্ৰা
₩	ৱোন	KPW | KRW | ৱোন
₪	ইজৰাইলী নিউ শ্বেকেল	
₫	ভিয়েটনামীজ ডং	
€	ইউৰো	ইইউআৰ | ইউৰো | মুদ্ৰা
₭	লাওচিয়ান কিপ	
₮	মঙ্গোলিয়ান টুৰ্গিক	
₰	জাৰ্মান পেনী	জাৰ্মান পেনী | ফেনিং | মুদ্ৰা
₱	পেছো	পেছো
₲	পাৰাগুয়ান গুৱাৰানি	
₳	অষ্ট্ৰাল	অষ্ট্ৰাল | এআৰএ | মুদ্ৰা
₴	ইউক্ৰেইনীয় হৃভনিয়া	
₵	ঘানাৰ চেডি	
₶	লিভ্ৰে টোৰনোইচ	মুদ্ৰা | লিভ্ৰে টোৰনোইচ
₷	স্পেচমিলো	মুদ্ৰা | স্পেচমিলো
₸	কাজাখস্তানী তেঞ্জ	
₹	ভাৰতীয় টকা	টকা | ভাৰতীয় টকা | মুদ্ৰা
₺	তুৰ্কীৰ লিৰা	
₼	আজেৰবাইজানী মানাত	
₽	ৰুবল	মুদ্ৰা | ৰুবল
₾	জৰ্জিয়ান লাৰি	
₿	বিটকইন	BTC | বিটকইন
℗	ধ্বনি ৰেকৰ্ড কৰাৰ কপিৰাইট	কপিৰাইট | ধ্বনি | ধ্বনি ৰেকৰ্ড কৰাৰ কপিৰাইট | ৰেকৰ্ড কৰা
™	পণ্যচিহ্ন	চিহ্ন | ট্ৰেডমাৰ্ক | পণ্যচিহ্ন
ℹ	তথ্য	i | তথ্য
←	বাওঁফালে দেখুওৱা কাঁড়	কাঁড় | বাওঁ | বাওঁফালে দেখুওৱা কাঁড়
↑	ওপৰফালে দেখুওৱা কাঁড়	ওপৰ | ওপৰফালে দেখুওৱা কাঁড় | কাঁড়
→	সোঁফালে দেখুওৱা কাঁড়	কাঁড় | সোঁ | সোঁফালে দেখুওৱা কাঁড়
↓	তলফালে দেখুওৱা কাঁড়	কাঁড় | তল | তলফালে দেখুওৱা কাঁড়
↔	বাওঁমুখী-সোঁমুখী কাঁড়	কাঁড় | বাওঁমুখী-সোঁমুখী কাঁড়
↕	ঊৰ্ধ্বগামী-অধোগামী কাঁড়	ঊৰ্ধ্বগামী-অধোগামী কাঁড় | কাঁড়
↖	ঊৰ্ধ্বগামী বাওঁমুখী কাঁড়	আন্তঃদিশ | উত্তৰ-পশ্চিম | ঊৰ্ধ্বগামী বাওঁমুখী কাঁড় | কাঁড় | দিশ
↗	সোঁদিশে ঢাল খোৱা ঊৰ্ধ্বমুখী কাঁড়	আন্তঃদিশ | উত্তৰ-পূব | কাঁড় | দিশ | সোঁদিশে ঢাল খোৱা ঊৰ্ধ্বমুখী কাঁড়
↘	অধোগামী সোঁমুখী কাঁড়	অধোগামী সোঁমুখী কাঁড় | আন্তঃদিশ | কাঁড় | দক্ষিণ-পূব | দিশ
↙	অধোগামী বাওঁমুখী কাঁড়	অধোগামী বাওঁমুখী কাঁড় | আন্তঃদিশ | কাঁড় | দক্ষিণ-পশ্চিম | দিশ
↚	বাওঁমুখী কাঁড় ষ্ট্ৰ’ক	বাওঁমুখী কাঁড় ষ্ট্ৰ’ক
↛	সোঁমুখী কাঁড় ষ্ট্ৰ’ক	সোঁমুখী কাঁড় ষ্ট্ৰ’ক
↜	বাওঁমুখী তৰংগময় কাঁড়	বাওঁমুখী তৰংগময় কাঁড়
↝	সোঁমুখী তৰংগময় কাঁড়	সোঁমুখী তৰংগময় কাঁড়
↞	বাওঁমুখী দুটা মূৰ থকা কাঁড়	বাওঁমুখী দুটা মূৰ থকা কাঁড়
↟	ঊৰ্ধ্বমুখী দুটা মূৰ থকা কাঁড়	ঊৰ্ধ্বমুখী দুটা মূৰ থকা কাঁড়
↠	সোঁমুখী দুটা মূৰ থকা কাঁড়	সোঁমুখী দুটা মূৰ থকা কাঁড়
↡	অধোমুখী দুটা মূৰ থকা কাঁড়	অধোমুখী দুটা মূৰ থকা কাঁড়
↢	বাওঁমুখী কাঁড়ৰ টেইল	বাওঁমুখী কাঁড়ৰ টেইল
↣	সোঁমুখী কাঁড়ৰ টেইল	সোঁমুখী কাঁড়ৰ টেইল
↤	দণ্ডিকাৰ পৰা বাঁওমুখী কাঁড়	দণ্ডিকাৰ পৰা বাঁওমুখী কাঁড়
↥	দণ্ডিকাৰ পৰা ঊৰ্ধ্বমুখী কাঁড়	দণ্ডিকাৰ পৰা ঊৰ্ধ্বমুখী কাঁড়
↦	দণ্ডিকাৰ পৰা সোঁমুখী কাঁড়	দণ্ডিকাৰ পৰা সোঁমুখী কাঁড়
↧	দণ্ডিকাৰ পৰা অধোমুখী কাঁড়	দণ্ডিকাৰ পৰা অধোমুখী কাঁড়
↨	আধাৰ থকা ওপৰ তল কাঁড়	আধাৰ থকা ওপৰ তল কাঁড়
↩	বাওঁফাললৈ ভাঁজ লোৱা সোঁমুখী কাঁড়	কাঁড় | বাওঁফাললৈ ভাঁজ লোৱা সোঁমুখী কাঁড়
↪	সোঁফাললৈ ভাঁজ লোৱা বাওঁমুখী কাঁড়	কাঁড় | সোঁফাললৈ ভাঁজ লোৱা বাওঁমুখী কাঁড়
↫	বাওঁমুখী কাঁড় লুপ	বাওঁমুখী কাঁড় লুপ
↬	সোঁমুখী কাঁড় লুপ	সোঁমুখী কাঁড় লুপ
↭	বাওঁ সোঁ তৰংগময় কাঁড়	বাওঁ সোঁ তৰংগময় কাঁড়
↮	বাওঁ সোঁ কাঁড় ষ্ট্ৰ’ক	বাওঁ সোঁ কাঁড় ষ্ট্ৰ’ক
↯	অধোমুখী একে-বেঁকা কাঁড়	অধোমুখী একে-বেঁকা কাঁড় | একে-বেঁকা
↰	ঊৰ্ধ্বমুখী কাঁড় টিপ বাওঁমুখী	ঊৰ্ধ্বমুখী কাঁড় টিপ বাওঁমুখী
↱	ঊৰ্ধ্বমুখী কাঁড় টিপ সোঁমুখী	ঊৰ্ধ্বমুখী কাঁড় টিপ সোঁমুখী
↲	অধোমুখী কাঁড় টিপ বাওঁমুখী	অধোমুখী কাঁড় টিপ বাওঁমুখী
↳	অধোমুখী কাঁড় টিপ সোঁমুখী	অধোমুখী কাঁড় টিপ সোঁমুখী
↴	সোঁমুখী কাঁড় কোণ অধোমুখী	সোঁমুখী কাঁড় কোণ অধোমুখী
↵	অধোমুখী কাঁড় কোণ বাওঁমুখী	অধোমুখী কাঁড় কোণ বাওঁমুখী
↶	ঘড়ীৰ কাটাৰ বিপৰীতত ওপৰফালে অৰ্ধ বৃত্ত কাঁড়	ঘড়ীৰ কাটাৰ বিপৰীতত ওপৰফালে অৰ্ধ বৃত্ত কাঁড়
↷	ঘড়ীৰ কাটাৰ দিশত ওপৰফালে অৰ্ধ বৃত্ত কাঁড়	ঘড়ীৰ কাটাৰ দিশত ওপৰফালে অৰ্ধ বৃত্ত কাঁড়
↸	উত্তৰ পশ্চিম কাঁড় দীঘল দণ্ডিকা	উত্তৰ পশ্চিম কাঁড় দীঘল দণ্ডিকা
↹	সোঁমুখী কাঁড় দণ্ডিকাৰ ওপৰত বাওঁমুখী কাঁড় দণ্ডিকা	সোঁমুখী কাঁড় দণ্ডিকাৰ ওপৰত বাওঁমুখী কাঁড় দণ্ডিকা
↺	ঘড়ীৰ কাটাৰ বিপৰীতত খোলা বৃত্ত কাঁড়	ঘড়ীৰ কাটাৰ বিপৰীতত খোলা বৃত্ত কাঁড়
↻	ঘড়ীৰ কাটাৰ দিশত খোলা বৃত্ত কাঁড়	ঘড়ীৰ কাটাৰ দিশত খোলা বৃত্ত কাঁড়
↼	বাওঁমুখী হাৰ্পুন বাৰ্ব ঊৰ্ধ্বমুখী	বাওঁমুখী হাৰ্পুন বাৰ্ব ঊৰ্ধ্বমুখী | বাৰ্ব
↽	বাওঁমুখী হাৰ্পুন বাৰ্ব অধোমুখী	বাওঁমুখী হাৰ্পুন বাৰ্ব অধোমুখী
↾	ঊৰ্ধ্বমুখী হাৰ্পুন বাৰ্ব সোঁমুখী	ঊৰ্ধ্বমুখী হাৰ্পুন বাৰ্ব সোঁমুখী | বাৰ্ব
↿	ঊৰ্ধ্বমুখী হাৰ্পুন বাৰ্ব বাওঁমুখী	ঊৰ্ধ্বমুখী হাৰ্পুন বাৰ্ব বাওঁমুখী | বাৰ্ব
⇀	সোঁমুখী হাৰ্পুন বাৰ্ব ঊৰ্ধ্বমুখী	বাৰ্ব | সোঁমুখী হাৰ্পুন বাৰ্ব ঊৰ্ধ্বমুখী
⇁	সোঁমুখী হাৰ্পুন বাৰ্ব অধোমুখী	বাৰ্ব | সোঁমুখী হাৰ্পুন বাৰ্ব অধোমুখী
⇂	অধোমুখী হাৰ্পুন বাৰ্ব সোঁমুখী	অধোমুখী হাৰ্পুন বাৰ্ব সোঁমুখী | বাৰ্ব
⇃	অধোমুখী হাৰ্পুন বাৰ্ব বাওঁমুখী	অধোমুখী হাৰ্পুন বাৰ্ব বাওঁমুখী | বাৰ্ব
⇄	বাওঁমুখী কাঁড়ৰ ওপৰত সোঁমুখী কাঁড়	বাওঁমুখী কাঁড়ৰ ওপৰত সোঁমুখী কাঁড়
⇅	ওপৰফালে দেখুওৱা আৰু তলফালে দেখুওৱা কাঁড়	ওপৰ | ওপৰফালে দেখুওৱা আৰু তলফালে দেখুওৱা কাঁড় | কাঁড় | তল
⇆	সোঁফালে আৰু বাওঁফাল দেখুওৱা কাঁড়	কাঁড় | বাওঁ | সোঁ | সোঁফালে আৰু বাওঁফাল দেখুওৱা কাঁড়
⇇	বাওঁমুখী যোৰা কাঁড়	বাওঁমুখী যোৰা কাঁড়
⇈	ঊৰ্ধ্বমুখী যোৰা কাঁড়	ঊৰ্ধ্বমুখী যোৰা কাঁড়
⇉	সোঁমুখী যোৰা কাঁড়	সোঁমুখী যোৰা কাঁড়
⇊	অধোমুখী যোৰা কাঁড়	অধোমুখী যোৰা কাঁড়
⇋	সোঁমুখী হাৰ্পুনৰ ওপৰত বাওঁমুখী হাৰ্পুন	সোঁমুখী হাৰ্পুনৰ ওপৰত বাওঁমুখী হাৰ্পুন
⇌	বাওঁমুখী হাৰ্পুনৰ ওপৰত সোঁমুখী হাৰ্পুন	বাওঁমুখী হাৰ্পুনৰ ওপৰত সোঁমুখী হাৰ্পুন
⇍	বাওঁমুখী দুডাল কাঁড় ষ্ট্ৰ’ক	বাওঁমুখী দুডাল কাঁড় ষ্ট্ৰ’ক
⇎	বাওঁমুখী সোঁমুখী দুডাল কাঁড় ষ্ট্ৰ’ক	বাওঁমুখী সোঁমুখী দুডাল কাঁড় ষ্ট্ৰ’ক
⇏	সোঁমুখী দুডাল কাঁড় ষ্ট্ৰ’ক	সোঁমুখী দুডাল কাঁড় ষ্ট্ৰ’ক
⇐	বাওঁমুখী দুডাল কাঁড়	বাওঁমুখী দুডাল কাঁড়
⇑	ঊৰ্ধ্বমুখী দুডাল কাঁড়	ঊৰ্ধ্বমুখী দুডাল কাঁড়
⇒	সোঁমুখী দুডাল কাঁড়	সোঁমুখী দুডাল কাঁড়
⇓	অধোমুখী দুডাল কাঁড়	অধোমুখী দুডাল কাঁড়
⇔	বাওঁমুখী সোঁমুখী দুডাল কাঁড়	বাওঁমুখী সোঁমুখী দুডাল কাঁড়
⇖	উত্তৰ পশ্চিমমুখী দুডাল কাঁড়	উত্তৰ পশ্চিমমুখী দুডাল কাঁড়
⇗	উত্তৰ পূবমুখী দুডাল কাঁড়	উত্তৰ পূবমুখী দুডাল কাঁড়
⇘	দক্ষিণ পূবমুখী দুডাল কাঁড়	দক্ষিণ পূবমুখী দুডাল কাঁড়
⇙	দক্ষিণ পশ্চিমমুখী দুডাল কাঁড়	দক্ষিণ পশ্চিমমুখী দুডাল কাঁড়
⇚	বাওঁমুখী তিনিডাল কাঁড়	বাওঁমুখী তিনিডাল কাঁড়
⇛	সোঁমুখী তিনিডাল কাঁড়	সোঁমুখী তিনিডাল কাঁড়
⇜	বাওঁমুখী অকোৱা-পকোৱা কাঁড়	বাওঁমুখী অকোৱা-পকোৱা কাঁড়
⇝	সোঁমুখী অকোৱা-পকোৱা কাঁড়	সোঁমুখী অকোৱা-পকোৱা কাঁড়
⇞	ঊৰ্ধ্বমুখী কাঁড় দুডাল ষ্ট্ৰ’ক	ঊৰ্ধ্বমুখী কাঁড় দুডাল ষ্ট্ৰ’ক
⇟	অধোমুখী কাঁড় দুডাল ষ্ট্ৰ’ক	অধোমুখী কাঁড় দুডাল ষ্ট্ৰ’ক
⇠	বাওঁমুখী ডেশ্বযুক্ত কাঁড়	বাওঁমুখী ডেশ্বযুক্ত কাঁড়
⇡	ঊৰ্ধ্বমুখী ডেশ্বযুক্ত কাঁড়	ঊৰ্ধ্বমুখী ডেশ্বযুক্ত কাঁড়
⇢	সোঁমুখী ডেশ্বযুক্ত কাঁড়	সোঁমুখী ডেশ্বযুক্ত কাঁড়
⇣	অধোমুখী ডেশ্বযুক্ত কাঁড়	অধোমুখী ডেশ্বযুক্ত কাঁড়
⇤	বাওঁমুখী কাঁড় দণ্ডিকা	বাওঁমুখী কাঁড় দণ্ডিকা
⇥	সোঁমুখী কাঁড় দণ্ডিকা	সোঁমুখী কাঁড় দণ্ডিকা
⇦	বাওঁমুখী ফোপোলা কাঁড়	বাওঁমুখী ফোপোলা কাঁড়
⇧	ঊৰ্ধ্বমুখী ফোপোলা কাঁড়	ঊৰ্ধ্বমুখী ফোপোলা কাঁড়
⇨	সোঁমুখী ফোপোলা কাঁড়	সোঁমুখী ফোপোলা কাঁড়
⇩	অধোমুখী ফোপোলা কাঁড়	অধোমুখী ফোপোলা কাঁড়
⇪	দণ্ডিকাৰ পৰা ঊৰ্ধ্বমুখী ফোপোলা কাঁড়	দণ্ডিকাৰ পৰা ঊৰ্ধ্বমুখী ফোপোলা কাঁড়
⇵	অধোমুখী কাঁড় বাওঁমুখী ঊৰ্ধ্বমুখী কাঁড়	অধোমুখী কাঁড় বাওঁমুখী ঊৰ্ধ্বমুখী কাঁড়
∀	সকলোৰে বাবে	দিয়া | বিশ্বজনীন | যিকোনো | সকলো | সকলোৰে বাবে
∂	আংশিক অৱকলন	অৱকলন | আংশিক অৱকলন
∃	মজুত থকা	মজুত থকা
∅	খালী ছেট	খালী ছেট | গণিত | ছেট অপাৰেটৰ
∆	বৃদ্ধি	ত্ৰিভূজ | বৃদ্ধি
∇	নাবলা	ত্ৰিভূজ | নাবলা
∈	ইয়াৰ উপাদান	ইয়াত থকা | ইয়াৰ উপাদান | উপাদান | সদস্যতা | সংহতি
∉	এটা উপাদান নহয়	উপাদান | এটা উপাদান নহয়
∋	সদস্য ৰূপে থকা	উপাদান | সদস্য ৰূপে থকা
∎	প্ৰমাণৰ সমাপ্তি	কিউ.ই.ডি. | কিউইডি | ট’ম্বষ্ট’ন | প্ৰমাণৰ সমাপ্তি | হালমোচ
∏	এন-এৰী প্ৰ’ডাক্ট	এন-এৰী প্ৰ’ডাক্ট | প্ৰ’ডাক্ট | লজিক
∑	এন-এৰী যোগ	এন-এৰী যোগ | গণিত | যোগ
−	বিয়োগ চিহ্ন	বিয়োগ | বিয়োগ কৰক | বিয়োগ চিহ্ন
∓	বিয়োগ-বা-যোগ	বিয়োগ-বা-যোগ | যোগ-বিয়োগ
∕	হৰণ শ্লেছ	কমা | শ্লেছ | ষ্ট’ক | হৰণ শ্লেছ
∗	তৰাচিহ্ন অপাৰেটৰ	তৰা | তৰাচিহ্ন অপাৰেটৰ
∘	ৰিং অপাৰেটৰ	অপাৰেটৰ | কম্প’জিশ্বন | ৰিং অপাৰেটৰ
∙	বুলেট অপাৰেটৰ	অপাৰেটৰ | বুলেট অপাৰেটৰ
√	বৰ্গমূল	কৰণী | বৰ্গ | বৰ্গমূল | মূল | মূলক | মূলাংক
∝	সমানুপাতিক	সমানুপাতিক | সমানুপাতিকতা
∞	অসীম চিহ্ন	অসীম | অসীম চিহ্ন
∟	সোঁ কোণ	গণিত | সোঁ কোণ
∠	কোণ	কোণ | চোকা
∣	বিভাজিত	বিভাজক | বিভাজিত
∥	সমান্তৰাল	সমান্তৰাল
∧	লজিকেল এণ্ড	এচি | এটকুই | লজিকেল এণ্ড | ৱেজ
∩	ছেদন	ছেদন | সংহতি
∪	ইউনিয়ন	ইউনিয়ন | সংগ্ৰহ | সংহতি
∫	অবিভাজ্য	অবিভাজ্য | কেলকুলাছ
∬	দুডাল অবিভাজ্য	কেলকুলাছ | দুডাল অবিভাজ্য
∮	ৰূপৰেখা অবিভাজ্য	ৰূপৰেখা অবিভাজ্য
∴	এতেকে	এতেকে | লজিক
∵	যিহেতু	যিহেতু | লজিক
∶	অনুপাত	অনুপাত
∷	সমানুপাত	সমানুপাত | সমানুপাতিকতা
∼	টিল্ড অপাৰেটৰ	অপাৰেটৰ | টিল্ড অপাৰেটৰ
∽	বিপৰীত টিল্ড	টিল্ড | বিপৰীত টিল্ড
∾	বিপৰীত লেজী এছ	বিপৰীত লেজী এছ
≃	উপগামীভাৱে সমান	উপগামী | উপগামীভাৱে সমান | গণিত
≅	প্ৰায়ে সমান	অনুৰূপ | আইচোমোৰফিজম | গণিত | প্ৰায়ে সমান | সমতা
≈	প্ৰায় সমান	আনুমানিক | প্ৰায় সমান | মোটামুটি
≌	সকলো সমান	গণিত | সকলো সমান | সমতা
≒	প্ৰায়ে প্ৰতিচ্ছবিৰ সমান	প্ৰায়ে প্ৰতিচ্ছবিৰ সমান
≖	সমানত ৰিং	গণিত | সমতা | সমানত ৰিং
≠	সমান নহয়	অসমান | অসমীকৰণ | সমান নহয়
≡	ইয়াৰ অনুৰূপ	অনুৰূপ | ইয়াৰ অনুৰূপ | একে | তিনিগুণ
≣	দৃঢ়ভাৱে সমতুল্য	গণিত | দৃঢ়ভাৱে সমতুল্য | সমতা
≤	ইয়াতকৈ সৰু বা সমান	অসমান | ইয়াতকৈ সৰু | ইয়াতকৈ সৰু বা সমান | সমান | সমান চিহ্ন
≥	ইয়াতকৈ ডাঙৰ বা সমান	অসমান | ইয়াতকৈ ডাঙৰ | ইয়াতকৈ ডাঙৰ বা সমান | সমান | সমান চিহ্ন
≦	সমান চিহ্নৰ ওপৰত ইয়াতকৈ সৰু	অসমতা | গণিত | সমান চিহ্নৰ ওপৰত ইয়াতকৈ সৰু
≧	সমান চিহ্নৰ ওপৰত ইয়াতকৈ ডাঙৰ	অসমতা | গণিত | সমান চিহ্নৰ ওপৰত ইয়াতকৈ ডাঙৰ
≪	ইয়াতকৈ বহুত সৰু	অসমতা | ইয়াতকৈ বহুত সৰু | গণিত
≫	ইয়াতকৈ বহুত ডাঙৰ	অসমতা | ইয়াতকৈ বহুত ডাঙৰ | গণিত
≬	মাজত	মাজত
≮	ইয়াতকৈ সৰু নহয়	অসমতা | ইয়াতকৈ সৰু নহয় | গণিত
≯	ইয়াতকৈ ডাঙৰ নহয়	অসমতা | ইয়াতকৈ ডাঙৰ নহয় | গণিত
≳	সমতুল্যতকৈ ডাঙৰ	অসমতা | গণিত | সমতুল্যতকৈ ডাঙৰ
≺	পূৰ্বৱৰ্তী	গণিত | ছেট অপাৰেটৰ | পূৰ্বৱৰ্তী
≻	পৰৱৰ্তী	গণিত | ছেট অপাৰেটৰ | পৰৱৰ্তী
⊁	পিছত নাহে	গণিত | ছেট অপাৰেটৰ | পিছত নাহে
⊂	ইয়াৰ উপসংহতি	ইয়াৰ উপসংহতি | উপসংহতি | সংহতি
⊃	ছুপাৰছেট	গণিত | ছুপাৰছেট | ছেট অপাৰেটৰ
⊆	উপসংহতি সমান	উপসংহতি সমান
⊇	ছুপাৰছেট সমান	গণিত | ছুপাৰছেট সমান | সমতা
⊕	বৃত্তৰ ভিতৰত যোগ	বৃত্তৰ ভিতৰত যোগ | যোগ
⊖	বৃত্তৰ ভিতৰত বিয়োগ	ক্ষয় | বৃত্তৰ ভিতৰত বিয়োগ | সমমিত পাৰ্থক্য
⊗	বৃত্তৰ ভিতৰত পূৰণ	টেনচৰ | প্ৰ’ডাক্ট | বৃত্তৰ ভিতৰত পূৰণ
⊘	বৃত্তৰ ভিতৰত হৰণ শ্লেছ	গণিত | বৃত্তৰ ভিতৰত হৰণ শ্লেছ | হৰণৰ নিচিনা
⊙	বৃত্তৰ ভিতৰত ডট অপাৰেটৰ	XNOR | অপাৰেটৰ | বৃত্তৰ ভিতৰত ডট অপাৰেটৰ
⊚	বৃত্তৰ ভিতৰত ৰিং অপাৰেটৰ	বৃত্তৰ ভিতৰত ৰিং অপাৰেটৰ
⊛	বৃত্তৰ ভিতৰত তৰাচিহ্ন অপাৰেটৰ	অপাৰেটৰ | তৰা | বৃত্তৰ ভিতৰত তৰাচিহ্ন অপাৰেটৰ
⊞	বৰ্গৰ ভিতৰত যোগ	গণিত | বৰ্গৰ ভিতৰত যোগ | যোগৰ নিচিনা
⊟	বৰ্গৰ ভিতৰত বিয়োগ	গণিত | বৰ্গৰ ভিতৰত বিয়োগ | বিয়োগৰ নিচিনা
⊥	আপ টেক	আপ টেক | ইইটি | টেক | ফলচাম
⊮	জোৰ নিদিয়ে	জোৰ নিদিয়ে
⊰	পূৰ্বৱৰ্তী সম্বন্ধত	গণিত | ছেট অপাৰেটৰ | পূৰ্বৱৰ্তী সম্বন্ধত
⊱	পৰৱৰ্তী সম্বন্ধত	গণিত | ছেট অপাৰেটৰ | পৰৱৰ্তী সম্বন্ধত
⊶	মূল	মূল
⊹	হাৰ্মিটিয়ান কনজুগেট মেট্ৰিক্স	গণিত | বৰ্গ মেট্ৰিক্স | স্ব-স্থগিত মেট্ৰিক্স | হাৰ্মিটিয়ান কনজুগেট মেট্ৰিক্স
⊿	সোঁমুখী ত্ৰিভুজ	গণিত | সোঁফালে কোণ থকা ত্ৰিভুজ | সোঁমুখী ত্ৰিভুজ
⋁	এন-এৰী লজিকেল বা	অসংযোজক | এন-এৰী লজিকেল বা | লজিক
⋂	এন-এৰী ছেদন	এন-এৰী ছেদন | গণিত | ছেট অপাৰেটৰ | ছেদন
⋃	এন-এৰী ইউনিয়ন	ইউনিয়ন | এন-এৰী ইউনিয়ন | গণিত | ছেট অপাৰেটৰ
⋅	ডট অপাৰেটৰ	অপাৰেটৰ | ডট অপাৰেটৰ
⋆	তৰা অপাৰেটৰ	অপাৰেটৰ | তৰা অপাৰেটৰ
⋈	প্ৰাকৃতিক জোৰা	প্ৰাকৃতিক জোৰা | বাইনেৰী অপাৰেটৰ | বোটাই
⋒	দুডাল ছেদন	গণিত | ছেট অপাৰেটৰ | ছেদন | দুডাল ছেদন
⋘	ইয়াতকৈ বহুত বেছি সৰু	অসমতা | ইয়াতকৈ বহুত বেছি সৰু | গণিত
⋙	ইয়াতকৈ বহুত বেছি ডাঙৰ	অসমান | ইয়াতকৈ বহুত বেছি ডাঙৰ | গণিত
⋭	সাধাৰণ উপগোটৰ সমান ৰূপে নাথাকে	গণিত | গোটৰ তত্ব | সাধাৰণ উপগোটৰ সমান ৰূপে নাথাকে
⋮	উলম্ব এলিপচিচ	উলম্ব এলিপচিচ | এলিপচিচ | গণিত
⋯	মাজৰ আনুভূমিক এলিপচিচ	এলিপচিচ | মাজৰ আনুভূমিক এলিপচিচ
⋰	ওপৰৰ সোঁফালে কোণীয় এলিপচিচ	এলিপচিচ | ওপৰৰ সোঁফালে কোণীয় এলিপচিচ | গণিত
⋱	তলৰ সোঁফালে কোণীয় এলিপচিচ	এলিপচিচ | গণিত | তলৰ সোঁফালে কোণীয় এলিপচিচ
⌨	কীব’ৰ্ড	কম্পিউটাৰ | কীব’ৰ্ড
⏏	বাহিৰ বুটাম	বাহিৰ | বাহিৰ বুটাম
⏭	পৰৱৰ্তী গীত বুটাম	কাঁড় | ত্ৰিভুজ | পৰৱৰ্তী গীত | পৰৱৰ্তী গীত বুটাম | পৰৱৰ্তী দৃশ্য
⏮	অন্তিমটো গীত বুটাম	অন্তিমটো গীত বুটাম | কাঁড় | ত্ৰিভুজ | পূৰ্বৱৰ্তী গীত | পূৰ্বৱৰ্তী দৃশ্য
⏯	পৰিৱেশন বা বিৰতি বুটাম	কাঁড় | ত্ৰিভুজ | পৰিবেশন | পৰিৱেশন বা বিৰতি বুটাম | বিৰতি | সোঁ
⏱	ষ্টপৱাছ	ঘড়ী | ষ্টপৱাছ
⏲	টাইমাৰ ঘড়ী	ঘড়ী | টাইমাৰ
⏸	বিৰতি বুটাম	উলম্ব | দণ্ড | দ্বৈত | বিৰতি | বিৰতি বুটাম
⏹	ৰখোৱা বুটাম	বৰ্গ | ৰখোৱা | ৰখোৱা বুটাম
⏺	বাণীবদ্ধ বুটাম	চক্ৰ | বাণীবদ্ধ | বাণীবদ্ধ বুটাম
Ⓜ	বৃত্তাবৃত M	m | বৃত্ত | বৃত্তাবৃত M
■	ৰং ভৰি থকা বৰ্গ	ৰং ভৰি থকা বৰ্গ
□	ফোপোলা বৰ্গ	ফোপোলা বৰ্গ
▢	গোলাকাৰ কোণ থকা ফোপোলা বৰ্গ	গোলাকাৰ কোণ থকা ফোপোলা বৰ্গ
▣	ৰং ভৰি থকা বৰ্গ থকা ফোপোলা বৰ্গ	ৰং ভৰি থকা বৰ্গ থকা ফোপোলা বৰ্গ
▤	আনুভূমিকভাৱে ভৰি থকা বৰ্গ	আনুভূমিকভাৱে ভৰি থকা বৰ্গ
▥	উলম্ৱভাৱে ভৰি থকা বৰ্গ	উলম্ৱভাৱে ভৰি থকা বৰ্গ
▦	অ’ৰ্থোগোনল ক্ৰ’চহেট্‌চ ভৰি থকা বৰ্গ	অ’ৰ্থোগোনল ক্ৰ’চহেট্‌চ ভৰি থকা বৰ্গ
▧	ওপৰৰ বাওঁফালে আৰু তলৰ সোঁফালে ভৰি থকা বৰ্গ	ওপৰৰ বাওঁফালে আৰু তলৰ সোঁফালে ভৰি থকা বৰ্গ
▨	ওপৰৰ সোঁফালে আৰু তলৰ বাওঁফালে ভৰি থকা বৰ্গ	ওপৰৰ সোঁফালে আৰু তলৰ বাওঁফালে ভৰি থকা বৰ্গ
▩	কোণীয় ক্ৰ’চহেট্‌চ ভৰি থকা বৰ্গ	কোণীয় ক্ৰ’চহেট্‌চ ভৰি থকা বৰ্গ
▪	ক’লা সৰু বৰ্গ	ক’লা সৰু বৰ্গ | জ্যামিতিক | বৰ্গ
▫	বগা সৰু বৰ্গ	জ্যামিতিক | বগা সৰু বৰ্গ | বৰ্গ
▬	ৰং ভৰি থকা চতুৰ্ভূজ	ৰং ভৰি থকা চতুৰ্ভূজ
▭	ফোপোলা চতুৰ্ভূজ	ফোপোলা চতুৰ্ভূজ
▮	ভৰি থকা উলম্ব চতুৰ্ভূজ	ভৰি থকা উলম্ব চতুৰ্ভূজ
▰	ভৰি থকা সমান্তৰাল ক্ষেত্ৰ	ভৰি থকা সমান্তৰাল ক্ষেত্ৰ
▲	ওপৰফালে দেখুওৱা ৰং ভৰি থকা ত্ৰিভূজ	ওপৰ | ওপৰফালে দেখুওৱা ৰং ভৰি থকা ত্ৰিভূজ | কাঁড় | ত্ৰিভূজ | ৰং ভৰি থকা
△	ওপৰফালে দেখুওৱা ফোপোলা ত্ৰিভুজ	ওপৰফালে দেখুওৱা ফোপোলা ত্ৰিভুজ
▴	ওপৰফালে দেখুওৱা ৰং ভৰি থকা সৰু ত্ৰিভুজ	ওপৰফালে দেখুওৱা ৰং ভৰি থকা সৰু ত্ৰিভুজ
▵	ওপৰফালে দেখুওৱা ফোপোলা সৰু ত্ৰিভুজ	ওপৰফালে দেখুওৱা ফোপোলা সৰু ত্ৰিভুজ
▶	পৰিৱেশন বুটাম	কাঁড় | ত্ৰিভুজ | পৰিৱেশন | পৰিৱেশন বুটাম | সোঁ
▷	সোঁফালে দেখুওৱা ফোপোলা ত্ৰিভুজ	সোঁফালে দেখুওৱা ফোপোলা ত্ৰিভুজ
▸	সোঁফালে দেখুওৱা ৰং ভৰি থকা সৰু ত্ৰিভুজ	সোঁফালে দেখুওৱা ৰং ভৰি থকা সৰু ত্ৰিভুজ
▹	সোঁফালে দেখুওৱা ফোপোলা সৰু ত্ৰিভুজ	সোঁফালে দেখুওৱা ফোপোলা সৰু ত্ৰিভুজ
►	সোঁফালে দেখুওৱা ৰং ভৰি থকা পইণ্টাৰ	সোঁফালে দেখুওৱা ৰং ভৰি থকা পইণ্টাৰ
▻	সোঁফালে দেখুওৱা ফোপোলা পইণ্টাৰ	সোঁফালে দেখুওৱা ফোপোলা পইণ্টাৰ
▼	তলফালে দেখুওৱা ৰং ভৰি থকা ত্ৰিভূজ	কাঁড় | তল | তলফালে দেখুওৱা ৰং ভৰি থকা ত্ৰিভূজ | ত্ৰিভূজ | ৰং ভৰি থকা
▽	তলফালে দেখুওৱা ফোপোলা ত্ৰিভুজ	তলফালে দেখুওৱা ফোপোলা ত্ৰিভুজ
▾	তলফালে দেখুওৱা ৰং ভৰি থকা সৰু ত্ৰিভুজ	তলফালে দেখুওৱা ৰং ভৰি থকা সৰু ত্ৰিভুজ
▿	তলফালে দেখুওৱা ফোপোলা সৰু ত্ৰিভুজ	তলফালে দেখুওৱা ফোপোলা সৰু ত্ৰিভুজ
◀	পিছলৈ বুটাম	কাঁড় | ত্ৰিভুজ | পিছলৈ | পিছলৈ বুটাম | বাওঁ
◁	বাওঁফালে দেখুওৱা ফোপোলা ত্ৰিভুজ	বাওঁফালে দেখুওৱা ফোপোলা ত্ৰিভুজ
◂	বাওঁফালে দেখুওৱা ৰং ভৰি থকা সৰু ত্ৰিভুজ	বাওঁফালে দেখুওৱা ৰং ভৰি থকা সৰু ত্ৰিভুজ
◃	বাওঁফালে দেখুওৱা ফোপোলা সৰু ত্ৰিভুজ	বাওঁফালে দেখুওৱা ফোপোলা সৰু ত্ৰিভুজ
◄	বাওঁফালে দেখুওৱা ৰং ভৰি থকা পইণ্টাৰ	বাওঁফালে দেখুওৱা ৰং ভৰি থকা পইণ্টাৰ
◅	বাওঁফালে দেখুওৱা ফোপোলা পইণ্টাৰ	বাওঁফালে দেখুওৱা ফোপোলা পইণ্টাৰ
◆	ৰং ভৰি থকা হীৰা	ৰং ভৰি থকা হীৰা
◇	ফোপোলা হীৰা	ফোপোলা হীৰা
◈	ৰং ভৰি থকা হীৰা থকা ফোপোলা হীৰা	ৰং ভৰি থকা হীৰা থকা ফোপোলা হীৰা
◉	ৰং ভৰি থকা বৃত্ত থকা ফোপোলা বৃত্ত	বৃত্তৰ ভিতৰত ডট | মাছৰ চকু | ৰং ভৰি থকা বৃত্ত থকা ফোপোলা বৃত্ত | ৰং ভৰি থকা সমকেন্দ্ৰিক বৃত্ত | ৱাৰ্ড
◊	চতুৰ্ভুজ	চতুৰ্ভুজ | ৰম্বাচ | হীৰা
○	ফোঁপোলা বৃত্ত	ফোঁপোলা বৃত্ত | বৃত্ত | ৰিং
◌	ডটযুক্ত বৃত্ত	ডটযুক্ত বৃত্ত
◍	উলম্বভাৱে ভৰি থকা বৃত্ত	উলম্বভাৱে ভৰি থকা বৃত্ত
◎	সমকেন্দ্ৰিক বৃত্তবোৰ	দুটা বৃত্ত | লক্ষ্য | সমকেন্দ্ৰিক বৃত্তবোৰ
●	ৰং ভৰি থকা বৃত্ত	বৃত্ত | ৰং ভৰি থকা বৃত্ত
◐	বাওঁফালৰ আধা ৰং ভৰি থকা বৃত্ত	বাওঁফালৰ আধা ৰং ভৰি থকা বৃত্ত
◑	সোঁফালৰ আধা ৰং ভৰি থকা বৃত্ত	সোঁফালৰ আধা ৰং ভৰি থকা বৃত্ত
◒	তলৰ আধা ৰং ভৰি থকা বৃত্ত	তলৰ আধা ৰং ভৰি থকা বৃত্ত
◓	ওপৰৰ আধা ৰং ভৰি থকা বৃত্ত	ওপৰৰ আধা ৰং ভৰি থকা বৃত্ত
◔	ওপৰৰ সোঁফালৰ চতুৰ্থাংশ ৰং ভৰি থকা বৃত্ত	ওপৰৰ সোঁফালৰ চতুৰ্থাংশ ৰং ভৰি থকা বৃত্ত
◕	ওপৰৰ বাওঁফালৰ চতুৰ্থাংশক বাদ দি গোটেই ৰং ভৰি থকা বৃত্ত	ওপৰৰ বাওঁফালৰ চতুৰ্থাংশক বাদ দি গোটেই ৰং ভৰি থকা বৃত্ত
◖	বাওঁফালৰ আধা ভৰি থকা বৃত্ত	বাওঁফালৰ আধা ভৰি থকা বৃত্ত
◗	সোঁফালৰ আধা ভৰি থকা বৃত্ত	সোঁফালৰ আধা ভৰি থকা বৃত্ত
◘	বিপৰীত বুলেট	বিপৰীত বুলেট
◙	ফোপোলা বৃত্ত থকা ৰং ভৰি থকা বৰ্গ	ফোপোলা বৃত্ত থকা ৰং ভৰি থকা বৰ্গ | বিপৰীত ফোপোলা বৃত্ত
◜	ওপৰৰ বাওঁফালৰ চতুৰ্থাংশ বৃত্তাকাৰ চাপ	ওপৰৰ বাওঁফালৰ চতুৰ্থাংশ বৃত্তাকাৰ চাপ
◝	ওপৰৰ সোঁফালৰ চতুৰ্থাংশ বৃত্তাকাৰ চাপ	ওপৰৰ সোঁফালৰ চতুৰ্থাংশ বৃত্তাকাৰ চাপ
◞	তলৰ সোঁফালৰ চতুৰ্থাংশ বৃত্তাকাৰ চাপ	তলৰ সোঁফালৰ চতুৰ্থাংশ বৃত্তাকাৰ চাপ
◟	তলৰ বাওঁফালৰ চতুৰ্থাংশ বৃত্তাকাৰ চাপ	তলৰ বাওঁফালৰ চতুৰ্থাংশ বৃত্তাকাৰ চাপ
◠	ওপৰৰ আধা বৃত্ত	ওপৰৰ আধা বৃত্ত
◡	তলৰ আধা বৃত্ত	তলৰ আধা বৃত্ত
◢	তলৰ সোঁফালে ৰং ভৰি থকা ত্ৰিভুজ	তলৰ সোঁফালে ৰং ভৰি থকা ত্ৰিভুজ
◣	তলৰ বাওঁফালে ৰং ভৰি থকা ত্ৰিভুজ	তলৰ বাওঁফালে ৰং ভৰি থকা ত্ৰিভুজ
◤	ওপৰৰ বাওঁফালে ৰং ভৰি থকা ত্ৰিভুজ	ওপৰৰ বাওঁফালে ৰং ভৰি থকা ত্ৰিভুজ
◥	ওপৰৰ সোঁফালে ৰং ভৰি থকা ত্ৰিভুজ	ওপৰৰ সোঁফালে ৰং ভৰি থকা ত্ৰিভুজ
◦	ফোপোলা বুলেট	ফোপোলা বুলেট
◯	ডাঙৰ ফোঁপোলা বৃত্ত	ডাঙৰ ফোঁপোলা বৃত্ত | বৃত্ত | ৰিং
◳	ওপৰৰ সোঁফালে চতুৰ্থাংশ ফোপোলা বৰ্গ	ওপৰৰ সোঁফালে চতুৰ্থাংশ ফোপোলা বৰ্গ
◷	ওপৰৰ সোঁফালে চতুৰ্থাংশ ফোপোলা বৃত্ত	ওপৰৰ সোঁফালে চতুৰ্থাংশ ফোপোলা বৃত্ত
◻	বগা মধ্যমীয়া বৰ্গ	জ্যামিতিক | বগা মধ্যমীয়া বৰ্গ | বৰ্গ
◼	ক’লা মধ্যমীয়া বৰ্গ	ক’লা মধ্যমীয়া বৰ্গ | জ্যামিতিক | বৰ্গ
◿	তলৰ সোঁফালে ত্ৰিভুজ	তলৰ সোঁফালে ত্ৰিভুজ
☀	সূৰ্য্য	উজ্জ্বল | ৰ’দ | ৰশ্মি | সূৰ্য্য
☁	ডাৱৰ	ডাৱৰ | বতৰ
☂	ছাতি	ছাতি | পোছাক | বৰষুণ
☃	তুষাৰমানৱ	ঠাণ্ডা | তুষাৰ | তুষাৰমানৱ
☄	ধুমকেতু	ধুমকেতু | মহাকাশ
☎	টেলিফোন	টেলিফোন | ফোন
☑	শুদ্ধ চিন থকা চেক বক্স	✓ | বক্স | শুদ্ধ চিন | শুদ্ধ চিন থকা চেক বক্স
☘	শ্বামৰক	উদ্ভিদ | শ্বামৰক
☝	তৰ্জনী ওপৰলৈ নিৰ্দেশ কৰা	আঙুলি | ওপৰ | তৰ্জনী | তৰ্জনী ওপৰলৈ নিৰ্দেশ কৰা | নিৰ্দেশ কৰা | হাত
☠	মুৰৰ খোলা বা মুৰৰ খোলাৰ হাড়	ক্ৰছব’ন | দৈত্য | মুখ | মুৰৰ খোলা | মুৰৰ খোলা বা মুৰৰ খোলাৰ হাড় | মৃত্যু
☢	তেজস্ক্ৰিয়	চিহ্ন | তেজস্ক্ৰিয়
☣	জৈৱ-বিপত্তি	চিহ্ন | জৈৱ-বিপত্তি
☦	অৰ্থডক্স ক্ৰুছ	অৰ্থডক্স ক্ৰুছ | ক্ৰুছ | খ্ৰীষ্ট্ৰিয়ান | ধৰ্ম
☪	তৰা আৰু কাঁচিজোন	ইছলাম | তৰা আৰু কাঁচিজোন | ধৰ্ম | মুছলমান
☮	শান্তিৰ প্ৰতীক	শান্তি | শান্তিৰ প্ৰতীক
☯	য়িন য়াং	টাও | টাও দৰ্শন অনুসৰণকাৰী | ধৰ্ম | য়াং | য়িন
☸	ধৰ্ম-চক্ৰ	চক্ৰ | ধৰ্ম | ধৰ্ম-চক্ৰ | বৌদ্ধ মতাৱলম্বী
☹	ভ্ৰু উঠোৱা মুখ	ভ্ৰু উঠোৱা | ভ্ৰু উঠোৱা মুখ | মুখ
☺	হাস্য মুখ	নিৰুদ্বেগ | মুখ | ৰূপৰেখা | হাস্য মুখ | হাঁহি | হাঁহি থকা মুখ
♀	মহিলা চিহ্ন	মহিলা | মহিলা চিহ্ন
♂	পুৰুষ চিহ্ন	পুৰুষ | পুৰুষ চিহ্ন
♟	দবা গুটি	দবা খেল | দবা গুটি | প্ৰতাৰণা | ব্যয়বহুল
♠	ইস্কাপন	ইস্কাপন | ক্ৰীড়া | তাঁচখেল
♣	শ্বিৰ্ত্তন	ক্ৰীড়া | তাঁচখেল | শ্বিৰ্ত্তন
♥	হৰ্ত্তন	ক্ৰীড়া | তাঁচখেল | হৰ্ত্তন
♦	ৰহিতন	ক্ৰীড়া | তাঁচখেল | ৰহিতন
♨	হট স্প্ৰিং	ষ্টিমিং | স্প্ৰিং | হট
♪	অষ্টম নোট	অষ্টম | নোট | সঙ্গীত
♭	ফ্লেট	নোট | ফ্লেট | বেমোল | সঙ্গীত
♯	শ্বাৰ্প	ডাইজ | ডাইজিজ | নোট | শ্বাৰ্প | সঙ্গীত
♻	পুনৰাৱৰ্তন চিহ্ন	পুনৰাৱৰ্তন | পুনৰাৱৰ্তন চিহ্ন
♾	সীমাহীন	অসীমিত | চিৰদিন | বিশ্বজনীন | সীমাহীন
⚒	হাতুৰী আৰু গাঁতীয়া	গাঁতীয়া | সঁজুলি | হাতুৰী | হাতুৰী আৰু গাঁতীয়া
⚔	কেঁচীয়াকেঁচিকৈ ৰখা তৰোৱাল	অস্ত্ৰ | কেঁচীয়াকেঁচি | কেঁচীয়াকেঁচিকৈ ৰখা তৰোৱাল | তৰোৱাল
⚕	চিকিৎসা-সম্বন্ধীয় চিহ্ন	কৰ্মচাৰীবৰ্গ | চিকিৎসা-সম্বন্ধীয় চিহ্ন | ডাক্তৰী | দৰৱ
⚖	তুলাচনী	তুলাচনী | তুলাৰাশি | ন্যায় | ভাৰসাম্য | ৰাশিচক্ৰ | স্কেল
⚗	আলেম্বিক	আলেম্বিক | ৰসায়ন বিজ্ঞান | সঁজুলি
⚙	গীয়েৰ	গীয়েৰ | সঁজুলি
⚛	পৰমাণু চিহ্ন	নাস্তিক | পৰমাণু | পৰমাণু চিহ্ন
⚜	ফ্ল-দ্য-লি	ফ্ল-দ্য-লি
⚠	সাৱধান	সাৱধান
⚧	ট্ৰাণ্সজেণ্ডাৰ চিহ্ন	ট্ৰাণ্সজেণ্ডাৰ | ট্ৰাণ্সজেণ্ডাৰ চিহ্ন
⚰	কফিন	কফিন | মৃত্যু
⚱	শৱ-ভস্মাধাৰ	অন্ত্যেষ্টিক্ৰিয়া | কলহ | ভস্ম | মৃত্যু | শৱ-ভস্মাধাৰ
⛈	মেঘৰ সৈতে বিজুলী আৰু বৰষুণ	ডাৱৰ | বৰষুণ | বিজুলী | মেঘৰ সৈতে বিজুলী আৰু বৰষুণ | মেঘৰ সৈতে বিজুলী আৰু বৰষূণ
⛏	গাঁতীয়া	খনন | গাঁতীয়া | সঁজুলি
⛑	উদ্ধাৰকাৰী কৰ্মীৰ হেলমেট	উদ্ধাৰকাৰী কৰ্মীৰ হেলমেট | ক্ৰছ | টুপী | মুখ | সাহায্য | হেলমেট
⛓	শিকলি	শিকলি | শিকলিবিলাক
⛩	চিণ্টো মন্দিৰ	চিণ্টো | ধৰ্ম | মন্দিৰ
⛰	পৰ্ব্বত	পৰ্ব্বত
⛱	মাটিত থকা ছাতি	ছাতি | বৰষুণ | মাটিত থকা ছাতি | সূৰ্য্য
⛴	ফেৰী	নাও | ফেৰী | যাত্ৰী
⛷	স্কিচালক	বৰফ | স্কি | স্কিচালক
⛸	আইচ স্কেইট	আইচ | স্কেইট
⛹	বল বাউঞ্চ কৰি থকা ব্যক্তি	বল | বল বাউঞ্চ কৰি থকা ব্যক্তি
✂	কেঁচী	কটা | কেঁচী | সঁজুলি
✈	বিমান	উৰাজাহাজ | বিমান
✉	লেফাফা	ইমেইল | চিঠি | লেফাফা
✌	বিজয়ী হাত	বিজয়ী | ভি | হাত
✍	লিখি থকা হাত	লিখা | লিখি থকা হাত | হাত
✏	পেঞ্চিল	পেঞ্চিল
✒	ক’লা নিব	ক’লা কলমৰ নিব | ক’লা নিব | কলমৰ নিব | পেন
✔	শুদ্ধ চিন	✓ | চিন | শুদ্ধ চিন
✖	পূৰণ	× | x | চিন | পূৰণ | পূৰণ কৰা | বাতিল
✝	লেটিন ক্ৰুছ	ক্ৰুছ | খ্ৰীষ্ট্ৰিয়ান | ধৰ্ম | লেটিন ক্ৰুছ
✡	ডেভিদৰ তৰা	ইহুদি | ইহুদি সম্পৰ্কীয় | ডেভিদ | ডেভিদৰ তৰা | তৰা | ধৰ্ম
✳	অষ্ট-অৰ দণ্ডবিশিষ্ট তৰা চিন	* | অষ্ট-অৰ দণ্ডবিশিষ্ট তৰা চিন | তৰা চিন
✴	অষ্টাগ্ৰবিশিষ্ট তৰা চিন	* | অষ্টাগ্ৰবিশিষ্ট তৰা চিন | তৰা
❄	তুষাৰকণা	ঠাণ্ডা | তুষাৰ | তুষাৰকণা
❇	তিৰবিৰণি	* | তিৰবিৰণি
❣	হৃদয়ৰ চিত্ৰ সম্বলিত ভাববোধক চিন	চিন | ভাববোধক | যতি-চিহ্ন | হৃদয়ৰ চিত্ৰ সম্বলিত ভাববোধক চিন
❤	ৰঙা হৃদয়	ৰঙা হৃদয় | হাৰ্ট
➡	সোঁমুখী কাঁড়	কাঁড় | দিশ | পূব | মুখ্য দিশবিলাক | সোঁমুখী কাঁড়
⤴	ওপৰলৈ ভাঁজ লোৱা সোঁমুখী কাঁড়	ওপৰলৈ ভাঁজ লোৱা সোঁমুখী কাঁড় | কাঁড়
⤵	তললৈ ভাঁজ লোৱা সোঁমুখী কাঁড়	কাঁড় | তললৈ ভাঁজ লোৱা সোঁমুখী কাঁড়
⨧	যোগ চাবস্ক্ৰিপ্ট দুই	যোগ চাবস্ক্ৰিপ্ট দুই
⨯	ভেক্টৰ ক্ৰচ প্ৰ’ডাক্ট	ভেক্টৰ ক্ৰচ প্ৰ’ডাক্ট
⨼	ইণ্টেৰিয়ৰ প্ৰ’ডাক্ট	ইণ্টেৰিয়ৰ প্ৰ’ডাক্ট
⩣	লজিকেল বা দুডাল আণ্ডাৰবাৰ	লজিকেল বা দুডাল আণ্ডাৰবাৰ
⩽	ইয়াতকৈ সৰু শ্লেণ্টেড সমান	ইয়াতকৈ সৰু শ্লেণ্টেড সমান
⪍	একে সমানৰ ওপৰত ইয়াতকৈ সৰু চিহ্ন	একে সমানৰ ওপৰত ইয়াতকৈ সৰু চিহ্ন
⪚	দুডাল ৰেখাৰ সমান ইয়াতকৈ ডাঙৰ	অসমতা | গণিত | দুডাল ৰেখাৰ সমান ইয়াতকৈ ডাঙৰ
⪺	প্ৰায় সমান নহয় চিহ্নৰ ওপৰত পৰৱৰ্তী চিহ্ন	প্ৰায় সমান নহয় চিহ্নৰ ওপৰত পৰৱৰ্তী চিহ্ন
⬅	বাওঁমুখী কাঁড়	কাঁড় | দিশ | পশ্চিম | বাওঁমুখী কাঁড় | মুখ্য দিশবিলাক
⬆	ঊৰ্ধ্বমুখী কাঁড়	উত্তৰ | ঊৰ্ধ্বমুখী কাঁড় | কাঁড় | দিশ | মুখ্য দিশবিলাক
⬇	অধোমুখী কাঁড়	অধোমুখী কাঁড় | কাঁড় | তল | দক্ষিণ | দিশ | মুখ্য দিশ
、	আইডিঅ’গ্ৰাফিক ক’মা	আইডিঅ’গ্ৰাফিক | ক’মা
。	আইডিঅ’গ্ৰাফিক বিৰাম চিহ্ন	আইডিঅ’গ্ৰাফিক | আইডিঅ’গ্ৰাফিক বিৰাম চিহ্ন | দাৰি | বিৰাম চিহ্ন
〈	আৰম্ভণি কৌণিক বন্ধনী	আৰম্ভণি কৌণিক বন্ধনী | কৌণিক বন্ধনী | চেভৰণ | জোঙা বন্ধনী | টাপল | ডায়মণ্ড বন্ধনী | বন্ধনী
〉	সমাপ্তি কৌণিক বন্ধনী	কৌণিক বন্ধনী | চেভৰণ | জোঙা বন্ধনী | টাপল | ডায়মণ্ড বন্ধনী | বন্ধনী | সমাপ্তি কৌণিক বন্ধনী
《	আৰম্ভণি দুডাল কৌণিক বন্ধনী	আৰম্ভণি দুডাল কৌণিক বন্ধনী | দুডাল কৌণিক বন্ধনী | বন্ধনী
》	সমাপ্তি দুডাল কৌণিক বন্ধনী	দুডাল কৌণিক বন্ধনী | বন্ধনী | সমাপ্তি দুডাল কৌণিক বন্ধনী
「	আৰম্ভণি কোণ বন্ধনী	আৰম্ভণি কোণ বন্ধনী | কোণ বন্ধনী | বন্ধনী
」	সমাপ্তি কোণ বন্ধনী	কোণ বন্ধনী | বন্ধনী | সমাপ্তি কোণ বন্ধনী
『	আৰম্ভণি ফোপোলা কোণ বন্ধনী	আৰম্ভণি ফোপোলা কোণ বন্ধনী | ফোপোলা কোণ বন্ধনী | বন্ধনী
』	সমাপ্তি ফোপোলা কোণ বন্ধনী	ফোপোলা কোণ বন্ধনী | বন্ধনী | সমাপ্তি ফোপোলা কোণ বন্ধনী
【	আৰম্ভণি ক’লা লেঞ্চ বন্ধনী	আৰম্ভণি ক’লা লেঞ্চ বন্ধনী | বন্ধনী | লেঞ্চ বন্ধনী | লেণ্টিকুলাৰ বন্ধনী
】	সমাপ্তি ক’লা লেঞ্চ বন্ধনী	বন্ধনী | লেঞ্চ বন্ধনী | লেণ্টিকুলাৰ বন্ধনী | সমাপ্তি ক’লা লেঞ্চ বন্ধনী
〔	আৰম্ভণি কাছৰ খোলাৰ নিচিনা বন্ধনী	আৰম্ভণি কাছৰ খোলাৰ নিচিনা বন্ধনী | কাছৰ খোলাৰ নিচিনা বন্ধনী | খোলাৰ নিচিনা বন্ধনী | বন্ধনী
〕	সমাপ্তি কাছৰ খোলাৰ নিচিনা বন্ধনী	কাছৰ খোলাৰ নিচিনা বন্ধনী | খোলাৰ নিচিনা বন্ধনী | বন্ধনী | সমাপ্তি কাছৰ খোলাৰ নিচিনা বন্ধনী
〖	আৰম্ভণি ফোপোলা লেঞ্চ বন্ধনী	আৰম্ভণি ফোপোলা লেঞ্চ বন্ধনী | ফোপোলা লেঞ্চ বন্ধনী | ফোপোলা লেণ্টিকুলাৰ বন্ধনী | বন্ধনী
〗	সমাপ্তি ফোপোলা লেঞ্চ বন্ধনী	ফোপোলা লেঞ্চ বন্ধনী | ফোপোলা লেণ্টিকুলাৰ বন্ধনী | বন্ধনী | সমাপ্তি ফোপোলা লেঞ্চ বন্ধনী
〰	ঢৌ খেলোৱা ডেছ	ডেছ | ঢৌ খেলোৱা | ঢৌ খেলোৱা ডেছ | যতি-চিহ্ন
〽	গায়কে গাবলগীয়া গীতৰ কলি সলনিৰ চিন	গায়কে গাবলগীয়া গীতৰ কলি সলনিৰ চিন | চিন | সংগীতৰ কলি
・	কাটাকানা মধ্যম বিন্দু	ইণ্টাৰপংক্ট | কাটাকানা | কাটাকানা মধ্যম বিন্দু | বিন্দু | মধ্যম বিন্দু
㊗	জাপানী “অভিনন্দন” বুটাম	“অভিনন্দন” | আইডিয়’গ্ৰাফ্ | জাপানী | জাপানী “অভিনন্দন” বুটাম | 祝
㊙	জাপানী “গোপন” বুটাম	“গোপন” | আইডিয়’গ্ৰাফ্ | জাপানী | জাপানী “গোপন” বুটাম | 秘
﷼	ৰিয়াল	মুদ্ৰা | ৰিয়াল
🅰	A বুটাম (ৰক্ত-বৰ্গ)	প্ৰকাৰ | বুটাম | ৰক্ত
🅱	B বুটাম (ৰক্ত-বৰ্গ)	B | B বুটাম (ৰক্ত-বৰ্গ) | Bb | ৰক্ত-বৰ্গ
🅾	O বুটাম (ৰক্ত-বৰ্গ)	o | O বুটাম (ৰক্ত-বৰ্গ) | ৰক্ত-বৰ্গ
🅿	P বুটাম	P বুটাম | পাৰ্কিং
🈂	জাপানী “সেৱা মাচুল” বুটাম	“সেৱা মাচুল” | কাটাকানা | জাপানী | জাপানী “সেৱা মাচুল” বুটাম | サ
🈷	জাপানী “মাহেকীয়া পৰিমাণ” বুটাম	“মাহেকীয়া পৰিমাণ” | আইডিয়’গ্ৰাফ্ | জাপানী | জাপানী “মাহেকীয়া পৰিমাণ” বুটাম | 月
🌡	থাৰ্ম’মিটাৰ	থাৰ্ম’মিটাৰ | বতৰ
🌤	কম ডাৱৰৰ পিছফালে সূৰ্য্য	কম ডাৱৰৰ পিছফালে সূৰ্য্য | ডাৱৰ | সূৰ্য্য
🌥	বেছি ডাৱৰৰ পিছফালে সূৰ্য্য	ডাৱৰ | বেছি ডাৱৰৰ পিছফালে সূৰ্য্য | সূৰ্য্য
🌦	বৰষুণৰ পিছফালে সূৰ্য্য	ডাৱৰ | বৰষুণ | বৰষুণৰ পিছফালে সূৰ্য্য | সূৰ্য্য
🌧	বৰষুণৰ সৈতে ডাৱৰ	ডাৱৰ | বৰষুণ | বৰষুণৰ সৈতে ডাৱৰ
🌨	বৰফৰ সৈতে ডাৱৰ	ঠাণ্ডা | ডাৱৰ | বৰফ | বৰফৰ সৈতে ডাৱৰ
🌩	বিজুলীৰ সৈতে ডাৱৰ	ডাৱৰ | বিজুলী | বিজুলীৰ সৈতে ডাৱৰ
🌪	ঘূৰ্ণিবতাহ	ঘূৰ্ণিবতাহ | ডাৱৰ
🌫	কুঁৱলি	কুঁৱলি | ডাৱৰ
🌬	বতাহৰ মুখ	ডাৱৰ | বতাহ | বতাহৰ মুখ | মুখ
🌶	জ্বলা জলকীয়া	গৰম | জলকীয়া | জ্বলা জলকীয়া
🍽	প্লেটৰ সৈতে কাটা চামুচ আৰু কটাৰী	কটাৰী | কাটা চামোচ | প্লেট | প্লেটৰ সৈতে কাটা চামোচ আৰু কটাৰী | ৰন্ধন
🎖	সামৰিক পদক	উদযাপন | পদক | সামৰিক
🎗	স্মাৰক ফিটা	উদযাপন | ফিটা | স্মাৰক
🎙	ষ্টুডিঅ’ মাইক্ৰ’ফোন	মাইক | মাইক্ৰ’ফোন | ষ্টুডিঅ’
🎚	লেভেল শ্লাইডাৰ	লেভেল | শ্লাইডাৰ | সংগীত
🎛	নিয়ন্ত্ৰক বুটাম	নিয়ন্ত্ৰক বুটাম | নিয়ন্ত্ৰণ | বুটাম | সংগীত
🎞	ফিল্ম ফ্ৰেইম	চলচিত্ৰ | চিনেমা | ফিল্ম | ফ্ৰেইম
🎟	প্ৰবেশ টিকট	টিকট | প্ৰবেশ | প্ৰবেশ টিকটবোৰ
🏋	ওজন উঠাই থকা ব্যক্তি	উত্তোলক | ওজন | ওজন উঠাই থকা ব্যক্তি
🏌	গ’ল্ফ খেলি থকা ব্যক্তি	গ’ল্ফ | গ’ল্ফ খেলি থকা ব্যক্তি | বল
🏍	মটৰ চাইকেল	মটৰ চাইকেল | ৰেচিং
🏎	ৰেচিং গাড়ী	গাড়ী | ৰেচিং
🏔	বৰফাবৃত পৰ্ব্বত	ঠাণ্ডা | তুষাৰ | পৰ্ব্বত | বৰফাবৃত পৰ্ব্বত
🏕	কেম্পিং	কেম্পিং
🏖	ছাতি সহ সমুদ্ৰতীৰ	ছাতি | ছাতি সহ সমুদ্ৰতীৰ | সমুদ্ৰতীৰ
🏗	ভৱন নিৰ্মাণ	নিৰ্মাণ | ভৱন নিৰ্মাণ
🏘	ঘৰবোৰ	ঘৰবোৰ
🏙	চিটীস্কেপ	চহৰ | চিটীস্কেপ
🏚	পৰিত্যক্ত ঘৰ	ঘৰ | পৰিত্যক্ত
🏛	ক্লাছিকেল বিল্ডিং	ক্লাছিকেল | ক্লাছিকেল বিল্ডিং
🏜	মৰুভূমি	মৰুভূমি
🏝	মৰুভূমি দ্বীপ	দ্বীপ | মৰুভূমি
🏞	ৰাষ্ট্ৰীয় উদ্যান	উদ্যান | ৰাষ্ট্ৰীয় উদ্যান
🏟	ষ্টেডিয়াম	ষ্টেডিয়াম
🏳	বগা পতাকা	ঢৌখেলা | বগা পতাকা
🏵	ৰ’চেট	গছ | ৰ’চেট
🏷	লেবেল	লেবেল
🐿	কাঠবিড়ালী	কাঠবিড়ালী | চিপমাংক
👁	চকু	চকু | শৰীৰ
📽	ফিল্ম প্ৰজেক্টৰ	চলচিত্ৰ | চিনেমা | প্ৰজেক্টৰ | ফিল্ম | ভিডিঅ’
🕉	ঔঁম	ঔঁম | ধৰ্ম | হিন্দু
🕊	পাৰ	উৰা | চৰাই | পাৰ | শান্তি
🕯	মম	পোহৰ | মম
🕰	মেণ্টেলপিচ ঘড়ী	ঘড়ী | মেণ্টেলপিচ ঘড়ী
🕳	ছিদ্ৰ	ছিদ্ৰ
🕴	চুট পৰিহিত পুৰুষ	চুট | চুট পৰিহিত পুৰুষ | পুৰুষ | ব্যৱসায়
🕵	গুপ্তচৰ	গুপ্তচৰ | চিকাৰী কুকুৰ
🕶	ছানগ্লাছ	অন্ধকাৰ | গ্লাছ | চকু | চশমা | ছানগ্লাছ
🕷	মকৰা	পতঙ্গ | মকৰা
🕸	মকৰা জাল	জাল | মকৰা
🕹	জয়ষ্টিক	ক্ৰীড়া | জয়ষ্টিক | ভিডিঅ’ গেম
🖇	জোৰা লগা পেপাৰক্লিপ	জোৰা | জোৰা লগা পেপাৰক্লিপ | পেপাৰক্লিপ
🖊	পেন	পেন | বলপইণ্ট
🖋	ফাউণ্টেইন পেন	পেন | ফাউণ্টেইন
🖌	তুলিকা	চিত্ৰ | তুলিকা
🖍	ক্ৰেয়ন	ক্ৰেয়ন
🖐	আঙুলি প্ৰসাৰিত কৰি হাত মেলা	আঙুলি | আঙুলি প্ৰসাৰিত কৰি হাত মেলা | প্ৰসাৰিত | হাত
🖥	ডেস্কটপ কম্পিউটাৰ	কম্পিউটাৰ | ডেস্কটপ
🖨	প্ৰিণ্টাৰ	কম্পিউটাৰ | প্ৰিণ্টাৰ
🖱	কম্পিউটাৰ মাউচ	কম্পিউটাৰ | কম্পিউটাৰ মাউচ
🖲	ট্ৰেকবল	কম্পিউটাৰ | ট্ৰেকবল
🖼	ফ্ৰেম কৰি থোৱা চিত্ৰ	কলা | চিত্ৰ | পেইণ্টিং | ফ্ৰেম | ফ্ৰেম কৰি থোৱা চিত্ৰ | মিউজিয়াম
🗂	কাৰ্ড ইনডেক্স বিভাজক	ইনডেক্স | কাৰ্ড | বিভাজক
🗃	কাৰ্ড ফাইল বাকচ	কাৰ্ড | ফাইল | বাকচ
🗄	ফাইল কেবিনেট	কেবিনেট | ফাইল | ফাইলিং
🗑	ৱেষ্টবাস্কেট	ৱেষ্টবাস্কেট
🗒	স্পাইৰেল টোকাবহী	টোকা | বহী | স্পাইৰেল | স্পাইৰেল টোকাবহী
🗓	স্পাইৰেল কেলেণ্ডাৰ	কেলেণ্ডাৰ | বহী | স্পাইৰেল
🗜	চেপনী	চেপনী | ভাইচ | সংকোচক | সঁজুলি
🗝	পুৰণি চাবি	চাবি | তলা | পুৰণি | শুংসূত্ৰ
🗞	নুৰিয়াই থোৱা বাতৰিকাকত	কাকত | নুৰিয়াই থোৱা | নুৰিয়াই থোৱা বাতৰিকাকত | বাতৰি | বাতৰিকাকত
🗡	খঞ্জৰ	অস্ত্ৰ | খঞ্জৰ | ছুৰী
🗣	কথা কোৱা মুখ	কথা কোৱা | কথা কোৱা মুখ | চিলহুট | মুখ | মুৰ
🗨	বাওঁ কথন বুৰবুৰণি	কথন | বাওঁ কথন বুৰবুৰণি | সংলাপ
🗯	সোঁফালে খঙৰ বুৰবুৰণি	খং | পাগল | বুৰবুৰণি | বেলুন | সোঁফালে খঙৰ বুৰবুৰণি
🗳	বেলটসহ বেলট-বাকচ	বাকচ | বেলট | বেলটসহ বেলট-বাকচ
🗺	বিশ্ব মানচিত্ৰ	বিশ্ব | মানচিত্ৰ
🛋	পালংক আৰু লেম্প	কাউচ | পালংক আৰু লেম্প | লেম্প | হোটেল
🛍	শ্বপিং বেগ	বেগ | শ্বপিং | হোটেল
🛎	বেলহপ বেল	বেল | বেলহপ | বেলহপ বল | হোটেল
🛏	বিচনা	নিদ্ৰা | বিচনা | হোটেল
🛠	হাতুৰী আৰু ৰেঞ্চ	ৰেঞ্চ | সঁজুলি | স্পেনাৰ | হাতুৰী | হাতুৰী আৰু ৰেঞ্চ
🛡	ঢাল	অস্ত্ৰ | ঢাল
🛢	তেলৰ ঢোল	ঢোল | তেল | তেলৰ ঢোল
🛣	মটৰপথ	মটৰপথ | ৰাজপথ | ৰাস্তা
🛤	ৰেইলৱে ট্ৰেক	ট্ৰেইন | ৰেইলৱে | ৰেইলৱে ট্ৰেক
🛥	মটৰ ব’ট	নাও | মটৰ ব’ট | মটৰব’ট
🛩	সৰু বিমান	উৰাজাহাজ | বিমান | সৰু বিমান
🛰	উপগ্ৰহ	উপগ্ৰহ | মহাকাশ
🛳	যাত্ৰীবাহী জাহাজ	জাহাজ | যাত্ৰী | যাত্ৰীবাহী জাহাজ
