# CLDR symbol names for az: symbol, tts name, keywords
# cldr-version	48
# source	https://unicode.org/Public/cldr/48/cldr-common-48.zip
# sha256	06c7c698d6fd8d67cefac15a0206b0109b00e0ef1636f86f84449fa959561f74
# Generated by tools/cldr_symbol_names.py; do not edit.
!	nida işarəsi	nida | nida işarəsi | nida nişanı | partlayış
#	heş işarəsi	funt | heş | heş işarəsi | heşteq | lb | nömrə
$	dollar	dollar | peso | pul | USD
%	faiz	faiz
&	ampersand	ampersand
'	tipoqraf apostrofu	apostrof | dırnaq | tək dırnaq | tipoqraf apostrofu
)	qapanan mötərizə	mötərizə | qapanan mötərizə | qövsvari mötərizə
*	asterisk	asterisk | coker | ulduz
+	toplama işarəsi	əlavə et | toplama | toplama işarəsi
,	vergül	vergül | vergül durğusu
-	defis-çıxma	çıxma | defis | defis-çıxma | tire
.	nöqtə	nöqtə | tam durğu
/	sleş	kəsr | maili | maili xətt | sleş | solidus | ştrix
:	iki nöqtə	iki nöqtə | iki nöqtə durğusu
;	nöqtəli vergül	nöqtəli vergül
<	kiçik işarəsi	açılan teq | kiçik işarəsi | teq
=	bərabər	bərabər | bərabər olmaq
>	böyük işarəsi	böyük işarəsi | qapanan teq | teq
?	sual işarəsi	sual | sual işarəsi
@	ət işarəsi	ampersat | arobaza | arroba | ət işarəsi | ət nişanı | strudel | ticari ət
[	açılan kvadrat mötərizə	açılan kvadrat mötərizə | kvadrat mötərizə | mötərizə
\	geri sleş	geri sleş | kəsr | tərs solidus
]	qapanan kvadrat mötərizə	kvadrat mötərizə | mötərizə | qapanan kvadrat mötərizə
^	sirkumfleks	güc | papaq | paz | qoyma işarəsi | şevron | sirkumfleks | vurğu
_	aşağı xətt	alt tire | alt xətt | aşağı xətt | tire | xətt
`	ağır vurğu	ağır | ton | vurğu
{	açılan buruq mötərizə	açılan buruq mötərizə | buruq mötərizə | fiqurlu mötərizə
|	şaquli xətt	şaquli xətt | şeffer xətti
}	qapanan buruq mötərizə	buruq mötərizə | fiqurlu mötərizə | qapanan buruq mötərizə
~	tilda	tilda
¡	tərs nida işarəsi	nida | nida durğusu | nida işarəsi | partlayış | tərs | tərs nida işarəsi
¢	sent	sent
£	funt	EGP | funt | GBP | valyuta
¤	Naməlum Valyuta	
¥	yen	CNY | JPY | valyuta | yen | yuan
§	paraqraf işarəsi	bölmə | bölmə işarəsi | hissə | paraqraf | paraqraf işarəsi
¨	dierez	dierez | trema | umlaut
©	müəllif hüququ	müəllif hüququ
«	sol dırnaq işarəsi	bucaq | dırnaq işarəsi | düzbucaqlı mötərizə | redaktə kursoru | şevron | sol | sol dırnaq işarəsi
¬	inkar	inkar | yox
®	qeydiyyata alınmış	qeydiyyata alınmış | qeydiyyatlı
°	dərəcə	dərəcə | isbat | saat
±	toplama-çıxma	toplama-çıxma
²	üstdə iki	iki | kvadrata yüksəlmiş | üstdə iki | üstdə yazılan
³	üstdə üç	kuba yüksəlmiş | üç | üstdə üç | üstdə yazılan
´	iti vurğu	iti | ton | vurğu
µ	mikro işarəsi	mikro işarəsi | mkro işarəsi | ölçü
¶	paraqraf nişanı	absaz işarəsi | alinea | parafir | paraqraf | paraqraf nişanı
·	orta nöqtə	interpunkt | middot | nöqtə | orta
¹	üstdə bir	bir | üstdə bir | üstdə yazılan
»	sağ dırnaq işarəsi	bucaq | dırnaq işarəsi | düzbucaqlı mötərizə | redaktə kursoru | sağ | sağ dırnaq işarəsi | şevron
¿	tərs sual işarəsi	sual | sual işarəsi | tərs | tərs sual işarəsi
×	vurma işarəsi	dəfə | vurma | vurma işarəsi | vurma şarəsi | vurmaq
÷	bölmə işarəsi	bölmə | bölmə işarəsi | bölmək | kiçik xaç
֏	Ermənistan Dramı	
؋	Əfqanıstan Əfqanisi	
،	ərəb vergülü	ərəb | ərəb vergülü | vergül
؛	ərəb nöqtəli vergülü	ərəb | ərəb nöqtəli vergülü | nöqtəli vergül
؟	ərəb sual işarəsi	ərəb | ərəb sual işarəsi | sual | sual işarəsi
৳	Banqladeş Takası	
฿	Tayland Batı	
៛	Kamboca Rieli	
‐	defis	defis | tire
–	qısa tire	en | qısa tire | tire
—	uzun tire	em | tire | uzun tire
―	üfüqi xətt	tire | üfüqi xətt | xətt
‘	sol apostrof	apostrof | dırnaq | smart dırnaq | sol apostrof | tək dırnaq
’	sağ apostrof	apostrof | dırnaq | sağ apostrof | smart dırnaq | tək dırnaq
‚	aşağı sağ apostrof	apostrof | aşağı dırnaq | aşağı sağ apostrof | dırnaq
“	sol sitat işarəsi	dırnaq | ikiqat dırnaq | sitat | smart sitat | sol sitat işarəsi
”	sağ sitat işarəsi	dırnaq | ikiqat dırnaq | sağ sitat işarəsi | sitat | smart sitat
„	aşağı sağ sitat işarəsi	aşağı sağ sitat işarəsi | aşağı sitat | dırnaq | ikiqat dırnaq | sitat v smart sitat
†	xəncər-xaç işarəsi	kiçik xaç | obelisk | xəncər | xəncər-xaç işarəsi
‡	ikixaçlı xəncər işarəsi	ikiqat | ikixaçlı xəncər işarəsi | kiçik xaç | obelisk | xəncər
•	böyük nöqtə	böyük nöqtə | nöqtə
…	üç nöqtə	ellips | nöqtələr | üç nöqtə
‧	keçid nöqtəsi	defis | keçid nöqtəsi | nöqtə | tire
‰	promil	mində bir | promil
′	ştrix	ştrix | ştrix işarəsi
″	ikiqat ştrix	ikiqat ştrix | ştrix
‴	üçqat ştrix	ştrix | üçqat ştrix
‸	açılan dırnaq işarəsi	açılan dırnaq işarəsi | bağlanan dırnaq işarəsi
※	kontrol işarəsi	kontrol işarəsi
‼	qoşa nida işarəsi	durğu işarəsi | işarə | nida | qoşa nida | qoşa nida işarəsi
‽	interrobanq	interabanq | interrobanq
‾	üstü cizgili	cizgi | üstü cizgili | üzəri xətli
⁂	asterizm	asterizm | üç | ulduz
⁄	nisbət sleşi	maili xətt | nisbət sleşi | xətt
⁉	nida və sual işarəsi	durğu işarəsi | işarə | nida | nida və sual işarələrinin liqaturası | nida və sual işarəsi | sual
⁻	üstdə çıxma	çıxma | üstdə çıxma | üstdə yazılan
₡	Kosta Rika Kolonu	
₢	kruzeyro	BRB | kruzeyro | valyuta
₣	fransız frankı	frank | fransız frankı | valyuta
₤	lira	lira | valyuta
₥	mill	mil | mill
₦	Nigeriya Nairası	
₧	İspan Pesetası	
₨	rupi	rupi | valyuta
₩	von	KPW | KRW | von
₪	İsrail Yeni Şekeli	
₫	Vyetnam Donqu	
€	avro	avro | EUR | valyuta
₭	Laos Kipi	
₮	Monqoliya Tuqriki	
₰	alman pennisi	alman pennisi | german pennisi | pfenniq | valyuta
₱	peso	peso | peso işarəsi
₲	Paraqvay Quaranisi	
₳	austral	ARA | austral | valyuta
₴	Ukrayna Qrivnası	
₵	Qana Sedisi	
₶	tur livri	tur livri | valyuta
₷	spesmilo	spesmilo | valyuta
₸	Qazaxıstan Tengesi	
₹	Hindistan rupisi	Hindistan rupisi | rupi | valyuta
₺	Türkiyə Lirəsi	
₼	Azərbaycan Manatı	
₽	rubl	rubl | valyuta
₾	Gürcüstan Larisi	
₿	bitkoin	bitkoin | BTC
℗	səs yazma üzrə müəllif hüququ	müəllif hüququ | səs | səs yazma üzrə müəllif hüququ | yazma
™	ticarət nişanı	əmtəə nişanı | işarə | ticarət nişanı | tn
ℹ	məlumat	i | informasiya | məlumat
←	sola yönəlmiş ox	ox | sol | sola yönəlmiş ox
↑	yuxarıya yönəlmiş ox	ox | yuxarı | yuxarıya yönəlmiş ox
→	sağa yönəlmiş ox	ox | sağ | sağa yönəlmiş ox
↓	aşağı yönəlmiş ox	aşağı | aşağı yönəlmiş ox | ox
↔	sola-sağa ox	ox | sola-sağa ox | sola-sağa yönəlmiş ox
↕	üzü aşağı-yuxarı ox	aşağı-yuxarı yönəlmiş ox | ox | üzü aşağı-yuxarı ox
↖	üzüyuxarı sola yönəlmiş ox	interkardinal | istiqamət | ox | şimal qərb | şimal-qərb | üzüyuxarı sola yönəlmiş ox | yuxarı istiqamətdə sola yönəlmiş ox
↗	üzüyuxarı sağa yönəlmiş ox	interkardinal | istiqamət | ox | şimal şərq | şimal-şərq | üzüyuxarı sağa yönəlmiş ox | yuxarı istiqamətdə sağa yönəlmiş ox
↘	üzüaşağı sağa yönəlmiş ox	aşağı istiqamətdə sağa yönəlmiş ox | cənub şərq | cənub-şərq | interkardinal | istiqamət | ox | üzüaşağı sağa yönəlmiş ox
↙	üzüaşağı sola yönəlmiş ox	aşağı istiqamətdə sola yönəlmiş ox | cənub qərb | cənub-qərb | interkardinal | istiqamət | ox | üzüaşağı sola yönəlmiş ox
↚	sol istiqamətdə ox xətti	sol istiqamətdə ox xətti
↛	sağ istiqamətində ox xətti	sağ istiqamətində ox xətti
↜	sol istiqamətində dalğalı ox	sol istiqamətində dalğalı ox
↝	sağ istiqamətində dalğalı ox	sağ istiqamətində dalğalı ox
↞	sola doğru ikibaşlı ox	sola doğru ikibaşlı ox
↟	yuxarıya doğru ikibaşlı ox	yuxarıya doğru ikibaşlı ox
↠	sağa doğru ikibaşlı ox	sağa doğru ikibaşlı ox
↡	aşağıya doğru ikibaşlı ox	aşağıya doğru ikibaşlı ox
↢	sola doğru ox ucluğu	sola doğru ox ucluğu
↣	sağa doğru ox ucluğu	sağa doğru ox ucluğu
↤	xəttdən sola ox	xəttdən sola ox
↥	xəttdən yuxarı ox	xəttdən yuxarı ox
↦	xəttdən sağa ox	xəttdən sağa ox
↧	xəttdən aşağı ox	xəttdən aşağı ox
↨	yuxarı-aşağı ucluqlu ox	yuxarı-aşağı ucluqlu ox
↩	sola dönən sağ ox	ox | sola dönən ox | sola dönən sağ ox
↪	sağa dönən sol ox	ox | sağa dönən ox | sağa dönən sol ox
↫	halqa ilə sola doğru ox	halqa ilə sola doğru ox
↬	halqa ilə sağa doğru ox	halqa ilə sağa doğru ox
↭	sola-sağa dalğalı ox	sola-sağa dalğalı ox
↮	soldan sağa ox xətti	soldan sağa ox xətti
↯	aşağıya doğru ziqzaqşəkilli ox	aşağıya doğru ziqzaqşəkilli ox | ziqzaq
↰	yuxarı sol istiqamətli ox ucu	yuxarı sol istiqamətli ox ucu
↱	yuxarı sağ istiqamətli ox ucu	yuxarı sağ istiqamətli ox ucu
↲	aşağı sol istiqamətli ox ucu	aşağı sol istiqamətli ox ucu
↳	aşağı sağ istiqamətli ox ucu	aşağı sağ istiqamətli ox ucu
↴	sağa doğru aşağı ox küncü	sağa doğru aşağı ox küncü
↵	aşağı sola doğru ox küncü	aşağı sola doğru ox küncü
↶	saat əqrəbinin əksi istiqamətində yuxarıya doğru qövsşəkilli ox	saat əqrəbinin əksi istiqamətində yuxarıya doğru qövsşəkilli ox
↷	saat əqrəbi istiqamətində yuxarıya doğru qövsşəkilli ox	saat əqrəbi istiqamətində yuxarıya doğru qövsşəkilli ox
↸	şimal qərb istiqamətində uzun xəttli ox	şimal qərb istiqamətində uzun xəttli ox
↹	sağ ox xətti üzərində sol ox xətti	sağ ox xətti üzərində sol ox xətti
↺	saat əqrəbinin əksi istiqamətində açıq dairəvi ox	saat əqrəbinin əksi istiqamətində açıq dairəvi ox
↻	saat əqrəbi istiqamətində açıq dairəvi ox	saat əqrəbi istiqamətində açıq dairəvi ox
↼	sola doğru yuxarı qarmaq dişəyi	dişək | sola doğru yuxarı qarmaq dişəyi
↽	sola doğru aşağı qarmaq dişəyi	sola doğru aşağı qarmaq dişəyi
↾	yuxarı sağa doğru qarmaq dişəyi	dişək | yuxarı sağa doğru qarmaq dişəyi
↿	yuxarı sola doğru qarmaq dişəyi	dişək | yuxarı sola doğru qarmaq dişəyi
⇀	sağa doğru yuxarı qarmaq dişəyi	dişək | sağa doğru yuxarı qarmaq dişəyi
⇁	sağa doğru aşağı qarmaq dişəyi	dişək | sağa doğru aşağı qarmaq dişəyi
⇂	aşağıya doğru sağa qarmaq dişəyi	aşağıya doğru sağa qarmaq dişəyi | dişək
⇃	aşağıya doğru sola qarmaq dişəyi	aşağıya doğru sola qarmaq dişəyi | dişək
⇄	sola doğru olan oxun üzərində sağa doğru ox	sola doğru olan oxun üzərində sağa doğru ox
⇅	yuxarı və aşağı yönəlmiş oxlar	aşağı | ox | yuxarı | yuxarı və aşağı yönəlmiş oxlar
⇆	sağa yönəlmiş oxlar üzəri sola yönəlmiş	ox | sağ | sağa yönəlmiş oxlar üzəri sola yönəlmiş | sağa yönəlmiş oxlar üzərindən sola yönəlmiş | sol
⇇	sola doğru cüt ox	sola doğru cüt ox
⇈	yuxarıya doğru cüt ox	yuxarıya doğru cüt ox
⇉	sağa doğru cüt ox	sağa doğru cüt ox
⇊	aşağıya doğru cüt ox	aşağıya doğru cüt ox
⇋	sağa doğru olan qarmağın üzərində sola doğru qarmaq	sağa doğru olan qarmağın üzərində sola doğru qarmaq
⇌	sola doğru olan qarmağın üzərində sağa doğru qarmaq	sola doğru olan qarmağın üzərində sağa doğru qarmaq
⇍	üzəri xəttli sola doğru ikili ox	üzəri xəttli sola doğru ikili ox
⇎	üzəri xəttli sol-sağ istiqamətli ikili ox	üzəri xəttli sol-sağ istiqamətli ikili ox
⇏	üzəri xəttli sağa doğru ikili ox	üzəri xəttli sağa doğru ikili ox
⇐	sola doğru ikili ox	sola doğru ikili ox
⇑	yuxarıya doğru ikili ox	yuxarıya doğru ikili ox
⇒	sağa doğru ikili ox	sağa doğru ikili ox
⇓	aşağıya doğru ikili ox	aşağıya doğru ikili ox
⇔	sol-sağ istiqamətli ikili ox	sol-sağ istiqamətli ikili ox
⇖	şimal qərb istiqamətli ikili ox	şimal qərb istiqamətli ikili ox
⇗	şimal şərq istiqamətli ikili ox	şimal şərq istiqamətli ikili ox
⇘	cənub şərq istiqamətli ikili ox	cənub şərq istiqamətli ikili ox
⇙	cənub qərb istiqamətli ikili ox	cənub qərb istiqamətli ikili ox
⇚	sola doğru üçlü ox	sola doğru üçlü ox
⇛	sağa doğru üçlü ox	sağa doğru üçlü ox
⇜	sola doğru kərtikli ox	sola doğru kərtikli ox
⇝	sağa doğru kərtikli ox	sağa doğru kərtikli ox
⇞	yuxarı ox üzərində ikili xətt	yuxarı ox üzərində ikili xətt
⇟	aşağı ox üzərində ikili xətt	aşağı ox üzərində ikili xətt
⇠	sola doğru tireli ox	sola doğru tireli ox
⇡	yuxarıya doğru tireli ox	yuxarıya doğru tireli ox
⇢	sağa doğru tireli ox	sağa doğru tireli ox
⇣	aşağıya doğru tireli ox	aşağıya doğru tireli ox
⇤	soldakı xəttə doğru ox	soldakı xəttə doğru ox
⇥	sağdakı xəttə doğru ox	sağdakı xəttə doğru ox
⇦	sola doğru içiboş ox	sola doğru içiboş ox
⇧	yuxarıya doğru içiboş ox	yuxarıya doğru içiboş ox
⇨	sağa doğru içiboş ox	sağa doğru içiboş ox
⇩	aşağıya doğru içiboş ox	aşağıya doğru içiboş ox
⇪	xəttdən yuxarıya doğru içiboş ox	xəttdən yuxarıya doğru içiboş ox
⇵	yuxarı oxun solunda aşağı ox	yuxarı oxun solunda aşağı ox
∀	çevrilmiş A	çevrilmiş A | hamısı | istənilən | universal | verilən
∂	qismən differensial	differensial | qismən differensial
∃	çevrilmiş E	çevrilmiş E
∅	boş çoxluq	boş çoxluq | riyaziyyat
∆	delta	delta | üçbucaq
∇	nabla	nabla | üçbucaq
∈	elementi	daxildir | dəst | element | elementi | üzvlük
∉	çoxluğa daxil deyil	çoxluğa daxil deyil | element
∋	çoxluğa daxildir	çoxluğa daxildir | element
∎	son sübut	son sübut
∏	n-ar məhsul	məhsul | məntiq | n-ar məhsul
∑	n-ar cəm	n-ar cəm | riyaziyyat
−	çıxma işarəsi	çıxma | çıxma işarəsi | minus
∓	çıx-yaxud-üstəgəl	çıx-yaxud-üstəgəl | üstəgəl-çıx
∕	bölmə sleşi	bölmə sleşi | çəpəki xətt | sleş | xətt
∗	ulduz operatoru	ulduz | ulduz operatoru
∘	dərəcə operatoru	dərəcə operatoru
∙	böyük nöqtə operatoru	böyük nöqtə operatoru | operator
√	kökaltı	əsas | irrasional | kök | kökaltı | kvadrat | radikal
∝	mütənasib	mütənasib | mütənasiblik
∞	sonsuzluq işarəsi	sonsuzluq | sonsuzluq işarəsi
∟	sağ bucaq	bucaq | riyaziyyat | sağ bucaq
∠	bucaq	bucaq | iti
∣	bölür	bölücü | bölür
∥	paralel	paralel
∧	məntiqi və	ac | atque | məntiqi və | paz
∩	kəsişmə	dəst | kəsişmə
∪	birləşmə	birləşmə | cəm | dəst
∫	inteqral	hesablama | inteqral
∬	ikiqat inteqral	hesablama | ikiqat inteqral
∮	kontur inteqralı	kontur inteqralı
∴	buna görə də	buna görə də | məntiq
∵	çünki	çünki | məntiq
∶	əmsal	əmsal
∷	nisbət	nisbət | uyğunluq
∼	tilda operatoru	operator | tilda operatoru
∽	tərs tilda	tərs tilda | tilda
∾	çevrilmiş tənbəl s	çevrilmiş tənbəl s
≃	asimptotik bərabər	asimptot | asimptotik bərabər | riyaziyyat
≅	təqribən bərabər	bərabərlik | izomorfizm | konqruentlik | riyaziyyat | təqribən bərabər
≈	təxminən bərabər	ortalama | təqribən | təxminən bərabər
≌	tamamilə bərabər	bərabərlik | riyaziyyat | tamamilə bərabər
≒	təqribən şəklə bərabər	təqribən şəklə bərabər
≖	bərabər çevrəyə al	bərabər çevrəyə al | bərabərlik | riyaziyyat
≠	qeyri-bərabər	bərabərsizlik | qeyri-bərabər
≡	bərabərdir	bərabər | bərabərdir | dəqiq | üçqat
≣	tam ekvivalent	bərabərlik | riyaziyyat | tam ekvivalent
≤	kiçik və ya bərabər	bərabər | bərabərsizlik | kiçik | kiçik və ya bərabər
≥	böyük və ya bərabər	bərabər | bərabərsizlik | böyük | böyük və ya bərabər
≦	bərabərdən kiçik	bərabərdən kiçik | bərabərsizlik | riyaziyyat
≧	bərabərdən böyük	bərabərdən böyük | bərabərsizlik | riyaziyyat
≪	...çox az	...çox az | bərabərsizlik | riyaziyyat
≫	...çox artıq	...çox artıq | bərabərsizlik | riyaziyyat
≬	arasında	arasında
≮	kiçik deyil	bərabərsizlik | kiçik deyil | riyaziyyat
≯	böyük deyil	bərabərsizlik | böyük deyil | riyaziyyat
≳	ekvivalentindən böyükdür	bərabərsizlik | ekvivalentindən böyükdür | riyaziyyat
≺	qabaqlayır	çoxluq operatoru | qabaqlayır | riyaziyyat
≻	dalınca gəlir	çoxluq operatoru | dalınca gəlir | riyaziyyat
⊁	dalınca gəlmir	çoxluq operatoru | dalınca gəlmir | riyaziyyat
⊂	altçoxluğu	altçoxluğu | altçoxluq | dəst
⊃	üst çoxluq	çoxluq operatoru | riyaziyyat | üst çoxluq
⊆	alt çoxluğa bərabər	alt çoxluğa bərabər
⊇	üst çoxluğa bərabər	bərabərlik | riyaziyyat | üst çoxluğa bərabər
⊕	çevrələnmiş üstəgəl	çevrələnmiş üstəgəl | üstəgəl
⊖	çevrələnmiş çıxma	çevrələnmiş çıxma | morfoloji daralma | simmetrik fərq
⊗	birbaşa cəm	birbaşa cəm | məhsul | tenzor
⊘	çevrələnmiş bölmə sleşi	bölməyə bənzər | çevrələnmiş bölmə sleşi | riyaziyyat
⊙	çevrələnmiş nöqtə operatoru	çevrələnmiş nöqtə operatoru | operator | XNOR
⊚	çevrələnmiş halqa operatoru	çevrələnmiş halqa operatoru
⊛	çevrələnmiş ulduzcuq operatoru	çevrələnmiş ulduzcuq operatoru | operator | ulduzcuq
⊞	kvadrat içində üstəgəl	əlavəetmə kimi | kvadrat içində üstəgəl | riyaziyyat
⊟	kvadrat içində çıxma	azaltma kimi | kvadrat içində çıxma | riyaziyyat
⊥	yanlış element	eet | falsum | tack | yanlış element
⊮	məcbur etmir	məcbur etmir
⊰	ondan əvvəl dayanır	çoxluq operatoru | ondan əvvəl dayanır | riyaziyyat
⊱	ondan sonra dayanır	çoxluq operatoru | ondan sonra dayanır | riyaziyyat
⊶	orijinal	orijinal
⊹	kvadrat konyuqat matris	kvadrat konyuqat matris | kvadrat matris | özü qoşulan matris | riyaziyyat
⊿	düzbucaqlı üçbucaq	düzbucaqlı üçbucaq | riyaziyyat
⋁	n-ar məntiqi və ya	dizyunksiya | məntiq | n-ar məntiqi və ya
⋂	n-ar kəsişmə	çoxluq operatoru | kəsişmə | mathematics | n-ar kəsişmə
⋃	n-ar birləşmə	birləşmə | çoxluq operatoru | n-ar birləşmə | riyaziyyat
⋅	nöqtə operatoru	nöqtə operatoru | operator
⋆	ulduz-operator	operator | ulduz-operator
⋈	təbii qoşulma	binar-operator | kəpənək | təbii qoşulma
⋒	ikiqat kəsişmə	çoxluq operatoru | ikiqat kəsişmə | kəsişmə | riyaziyyat
⋘	çox-çox az	bərabərsizlik | çox-çox az | riyaziyyat
⋙	çox-çox artıq	bərabərsizlik | çox-çox artıq | riyaziyyat
⋭	normal qrupaltı bərabəri kimi ehtiva etmir	normal qrupaltı bərabəri kimi ehtiva etmir | qruplar nəzəriyyəsi | riyaziyyat
⋮	şaquli üç nöqtə	riyaziyyat | şaquli üç nöqtə | üçnöqtə
⋯	üfüqi orta xətt üç nöqtəsi	üç nöqtə | üfüqi orta xətt üç nöqtəsi
⋰	diaqonal üzrə yuxarıya üç nöqtə	diaqonal üzrə yuxarıya üç nöqtə | riyaziyyat | üç nöqtə
⋱	diaqonal üzrə aşağıya üç nöqtə	diaqonal üzrə aşağıya üç nöqtə | riyaziyyat | üç nöqtə
⌨	klaviatura	klaviatura | kompüter
⏏	çıxart düyməsi	çıxart | çıxart düyməsi
⏭	növbəti trek düyməsi	növbəti səhnə | növbəti trek | növbəti trek düyməsi | ox | üçbucaq
⏮	sonuncu trek düyməsi	əvvəlki səhnə | əvvəlki trek | ox | sonuncu trek düyməsi | üçbucaq
⏯	işə sal və ya fasilə et düyməsi	dayandırmaq düyməsi | fasilə | işə sal | işə sal və ya fasilə et düyməsi | ox | sağ | üçbucaq
⏱	saniyəölçən	saat | saniyəölçən | vaxt
⏲	taymer	saat | taymer
⏸	fasilə et düyməsi	fasilə | fasilə düyməsi | fasilə et düyməsi | ikiqat | şaquli | şkala
⏹	dayandır düyməsi	dayan | dayandır düyməsi | dayandırmaq düyməsi | kvadrat
⏺	yaz düyməsi	dairə | qeydə almaq düyməsi | yaz | yaz düyməsi
Ⓜ	dairə içində M	dairə | dairə içində M | dairəvi m hərfi | m | metro
■	dolu kvadrat	dolu kvadrat
□	boş kvadrat	boş kvadrat
▢	küncləri girdə boş kvadrat	küncləri girdə boş kvadrat
▣	içində dolu kvadrat olan boş kvadrat	içində dolu kvadrat olan boş kvadrat
▤	üfüqi doldurulan kvadrat	üfüqi doldurulan kvadrat
▥	şaquli doldurulan kvadrat	şaquli doldurulan kvadrat
▦	ortoqonal çarpaz doldurulan kvadrat	ortoqonal çarpaz doldurulan kvadrat
▧	yuxarı solu aşağı sağı doldurulan kvadrat	yuxarı solu aşağı sağı doldurulan kvadrat
▨	yuxarı sağı aşağı solu doldurulan kvadrat	yuxarı sağı aşağı solu doldurulan kvadrat
▩	diaqonal üzrə çarpaz doldurulan kvadrat	diaqonal üzrə çarpaz doldurulan kvadrat
▪	qara balaca kvadrat	həndəsi | kvadrat | qara balaca kvadrat | qara rəngli kiçik kvadrat
▫	ağ balaca kvadrat	ağ balaca kvadrat | ağ rəngli kiçik kvadrat | həndəsi | kvadrat
▬	dolu düzbucaqlı	dolu düzbucaqlı
▭	boş düzbucaqlı	boş düzbucaqlı
▮	dolu şaquli düzbucaqlı	dolu şaquli düzbucaqlı
▰	dolu paraleloqram	dolu paraleloqram
▲	yuxarı yönəlmiş dolu üçbucaq	dolu | ox | üçbucaq | yuxarı | yuxarı yönəlmiş dolu üçbucaq
△	ucu yuxarı boş üçbucaq	ucu yuxarı boş üçbucaq
▴	ucu yuxarı dolu kiçik üçbucaq	ucu yuxarı dolu kiçik üçbucaq
▵	ucu yuxarı boş kiçik üçbucaq	ucu yuxarı boş kiçik üçbucaq
▶	işə sal düyməsi	işə sal | işə sal düyməsi | işə salmaq düyməsi | ox | sağ | üçbucaq
▷	ucu sağa boş üçbucaq	ucu sağa boş üçbucaq
▸	ucu sağa dolu kiçik üçbucaq	ucu sağa dolu kiçik üçbucaq
▹	ucu sağa boş kiçik üçbucaq	ucu sağa boş kiçik üçbucaq
►	ucu sağa dolu istiqamətləndirici	ucu sağa dolu istiqamətləndirici
▻	ucu sağa boş istiqamətləndirici	ucu sağa boş istiqamətləndirici
▼	aşağı yönəlmiş dolu üçbucaq	aşağı | aşağı yönəlmiş dolu üçbucaq | dolu | ox | üçbucaq
▽	ucu aşağı boş üçbucaq	ucu aşağı boş üçbucaq
▾	ucu aşağı dolu kiçik üçbucaq	ucu aşağı dolu kiçik üçbucaq
▿	ucu aşağı boş kiçik üçbucaq	ucu aşağı boş kiçik üçbucaq
◀	geriyə düyməsi	əks | geri qayıtmaq düyməsi | geriyə düyməsi | ox | sol | üçbucaq
◁	ucu sola boş üçbucaq	ucu sola boş üçbucaq
◂	ucu sola dolu kiçik üçbucaq	ucu sola dolu kiçik üçbucaq
◃	ucu sola boş kiçik üçbucaq	ucu sola boş kiçik üçbucaq
◄	ucu sola dolu istiqamətləndirici	ucu sola dolu istiqamətləndirici
◅	ucu sola boş istiqamətləndirici	ucu sola boş istiqamətləndirici
◆	dolu romb	dolu romb
◇	boş romb	boş romb
◈	içində dolu romb olan boş romb	içində dolu romb olan boş romb
◉	içində dolu dairə olan boş dairə	balıq gözü | çala | çevrələnmiş nöqtə | dolu konsentrik dairələr | içində dolu dairə olan boş dairə
◊	rombşəkilli fiqur	romb | rombşəkilli fiqur
○	boş dairə	boş dairə | dairə | halqa
◌	nöqtələrdən ibarət çevrə	nöqtələrdən ibarət çevrə
◍	şaquli doldurulan dairə	şaquli doldurulan dairə
◎	konsentrik dairələr	hədəf | konsentrik dairələr | qoşa dairə
●	dolu dairə	dairə | dolu dairə
◐	sol yarısı dolu dairə	sol yarısı dolu dairə
◑	sağ yarısı dolu dairə	sağ yarısı dolu dairə
◒	aşağı yarısı dolu dairə	aşağı yarısı dolu dairə
◓	yuxarı yarısı dolu dairə	yuxarı yarısı dolu dairə
◔	yuxarı sağ kvadrantı dolu dairə	yuxarı sağ kvadrantı dolu dairə
◕	yuxarı sol kvadrantı xaric tamamilə dolu dairə	yuxarı sol kvadrantı xaric tamamilə dolu dairə
◖	sol yarısı dolmuş dairə	sol yarısı dolmuş dairə
◗	sağ yarısı dolmuş dairə	sağ yarısı dolmuş dairə
◘	tərsinə marker	tərsinə marker
◙	içində boş dairə olan dolu kvadrat	içində boş dairə olan dolu kvadrat | tərsinə boş dairə
◜	yuxarı sol kvadrant qövsü	yuxarı sol kvadrant qövsü
◝	yuxarı sağ kvadrant qövsü	yuxarı sağ kvadrant qövsü
◞	aşağı sağ kvadrant qövsü	aşağı sağ kvadrant qövsü
◟	aşağı sol kvadrant qövsü	aşağı sol kvadrant qövsü
◠	yuxarı yarımdairə	yuxarı yarımdairə
◡	aşağı yarımdairə	aşağı yarımdairə
◢	aşağı sağa yönəlmiş dolu üçbucaq	aşağı sağa yönəlmiş dolu üçbucaq
◣	aşağı sola yönəlmiş dolu üçbucaq	aşağı sola yönəlmiş dolu üçbucaq
◤	yuxarı sola yönəlmiş dolu üçbucaq	yuxarı sola yönəlmiş dolu üçbucaq
◥	yuxarı sağa yönəlmiş dolu üçbucaq	yuxarı sağa yönəlmiş dolu üçbucaq
◦	boş marker	boş marker
◯	böyük boş dairə	böyük boş dairə | dairə | halqa
◳	boş kvadratın yuxarı sağ kvadrantı	boş kvadratın yuxarı sağ kvadrantı
◷	yuxarı sağ kvadrantı olan boş dairə	yuxarı sağ kvadrantı olan boş dairə
◻	ağ orta ölçülü kvadrat	ağ orta ölçülü kvadrat | həndəsi | kvadrat
◼	qara orta ölçülü kvadrat	həndəsi | kvadrat | qara orta ölçülü kvadrat
◿	aşağı sağa yönəlmiş üçbucaq	aşağı sağa yönəlmiş üçbucaq
☀	günəş	günəş | günəşli | hava | kosmos | parlaq | şüalar
☁	bulud	bulud | hava
☂	çətir	çətir | geyim | hava | yağış
☃	qar adam	hava | qar | qar adam | soyuq
☄	kometa	kometa | kosmos
☎	telefon	telefon
☑	təsdiqlənmiş seçim düzbucaqlısı	işarələ | qutu | seçki | təsdiqlənmiş seçim düzbucaqlısı
☘	yonca	bitki | yonca
☝	işarə barmağı	barmaq | əl | göstərmək | işarə | işarə barmağı | yuxarı
☠	kəllə və sümüklər	kəllə | kəllə və sümüklər | monstr | ölüm | təhlükə işarəsi | üz
☢	radioaktiv	işarə | radioaktiv
☣	biotəhlükəli	biotəhlükəli | işarə
☦	ortodoks xaçı	din | ortodoks xaçı | xaç | xristian
☪	ulduz və aypara	din | islam | müsəlman | ulduz və aypara
☮	sülh simvolu	sülh | sülh simvolu
☯	in yan	dao | daoist | din | in | İn və Yan | yan
☸	dharma çarxı	buddist | çarx | dharma | dharma çarxı | din | hind fəlsəfəsi
☹	qaşqabaqlı üz	qaşqabaqlı | qəmgin üz | üz
☺	gülümsəyən üz	gülümsəyən üz | rahat | sakit | təbəssüm | üz
♀	qadın işarəsi	qadın | qadın işarəsi
♂	kişi işarəsi	kişi | kişi işarəsi
♟	şahmat piyadası	əfəl | genişlənən | şahmat | şahmat piyadası
♠	qaratoxmaq dəsti	dəst | kart | oyun | pik | qaratoxmaq | qaratoxmaq dəsti
♣	klub dəsti	dəst | kart | klub | klub dəsti | klublar | oyun | üçyarpaq yonca | xaç
♥	ürək dəsti	dəst | eşq kartı | kart | kupa | oyun | ürək | ürək dəsti | ürəklər
♦	romb dəsti	dəst | karo | kart | oyun | romb | romb dəsti | romblar
♨	qaynar bulaqlar	buğ | bulaqlar | buxarlanan | buxarlanma | isti | qaynar bulaqlar
♪	səkkizinci not	musiqi | not | səkkizinci
♭	bemol	bemol | musiqi | not
♯	diez	diez | musiqi | not
♻	təkrar istifadə simvolu	təkrar istifadə | təkrar istifadə simvolu
♾	sonsuzluq	həmişəlik | limitsiz | sonsuzluq | universal
⚒	çəkic və külüng	alət | çəkic | çəkic və külüng | külüng
⚔	kəsişən qılınclar	kəsişən | qılınclar | silah
⚕	tibb işarəsi	asklepiy | eskulap | heyət | tibb | tibb işarəsi
⚖	tarazlıq tərəzisi	balans | çəki | ədalət | libra | tarazlıq tərəzisi | tərəzi
⚗	distillə qazanı	alət | distillə qazanı | kimya
⚙	mexanizm	alət | mexanizm
⚛	atom simvolu	ateist | atom | atom simvolu
⚜	zanbaq	kral simvolu | zanbaq
⚠	xəbərdarlıq	həyəcan | xəbərdarlıq
⚧	transgender simvolu	transgender | transgender simvolu
⚰	tabut	ölüm | tabut
⚱	cənazə urnası	cənazə | cənazə urnası | meyidin külü | ölüm | urna
⛈	ildırım və yağışlı bulud	bulud | göy gurultusu | hava | ildırım | ildırım və yağışlı bulud | yağış
⛏	külüng	alət | çəkic | külüng | mədən
⛑	ağ xaçlı dəbilqə	ağ xaçlı dəbilqə | dəbilqə | kömək | papaq | üz | xaç | xilasedici dəbilqə
⛓	zəncirlər	zəncir | zəncirlər
⛩	sinto məbədi	din | məbəd | məqbərə | sinto | sinto məbədi | türbə
⛰	dağ	dağ
⛱	yerdə çətir	çətir | çimərlik | günəş | hava | yağış | yerdə çətir
⛴	bərə gəmisi	bərə gəmisi | gəmi | qayıq | sərnişin
⛷	xizəkçi	qar | xizək | xizəkçi
⛸	buz konkisi	buz | buz konkisi | konki
⛹	toplu adam	atlet | basketbol | basketbolçu | çempionat | driblinq manevri etmək | idman topu | səbətə dəymədən atış | sərbəst atış | top | toplu adam | topu çiləyən adam
✂	qayçı	alət | qayçı
✈	təyyarə	nəqliyyat | nəqliyyat vasitəsi | təyyarə
✉	zərf	e-poçt | elektron poçt | məktub | zərf
✌	qələbə işarəsi	əl | orqan | qələbə | qələbə işarəsi | v
✍	yazı əli	əl | orqan | qələm | qələmlə yazmaq | yazan əl | yazı əli | yazmaq
✏	karandaş	karandaş
✒	qara qələm	qara qələm | qara rəngli qələm ucu | qələm | qələm ucu
✔	qalın təsdiq işarəsi	hazırdır | işarə | işarələ | işarələmək | qalın təsdiq işarəsi | tamamlandı | təsdiq işarəsi | tikləmək
✖	qalın vurma x	× | işarə | ləğv et | qalın vurma x | vur | vurma | vurma işarəsi
✝	latın xaçı	din | latın xaçı | xaç | xristian | xristian simvolu
✡	davud ulduzu	davud | davud ulduzu | din | ulduz | yəhudi
✳	səkkiz tərəfli ulduz	səkkiz şüası olan ulduz simvolu | səkkiz tərəfli ulduz | ulduz
✴	səkkiz guşəli ulduz	səkkiz guşəli ulduz | ulduz
❄	qara dənəciyi	hava | qar | qara dənəciyi | soyuq
❇	qığılcım	işıltı | qığılcım
❣	ürək nida işarəsi ornamenti	durğu işarəsi | işarə | nida | ürək | ürək formalı nida işarəsi | ürək nida işarəsi ornamenti
❤	qırmızı ürək	qırmızı ürək | sevgi | ürək
➡	sağa ox	əsas | istiqamət | ox | sağ | sağa doğru ox | sağa ox | şərq
⤴	yuxarı dönən sağ ox	ox | soldan yuxarı dönən ox | yuxarı dönən sağ ox
⤵	aşağı dönən sağ ox	aşağı | aşağı dönən sağ ox | ox | soldan aşağı dönən ox
⨧	üstəgəl altında iki	üstəgəl altında iki
⨯	vektorların kəsişmə məhsulu	vektorların kəsişmə məhsulu
⨼	daxili məhsul	daxili məhsul
⩣	məntiqi və ya qoşa alt xətt	məntiqi və ya qoşa alt xətt
⩽	maili bərabərdən kiçik	maili bərabərdən kiçik
⪍	təqribən bərabərdən kiçik	təqribən bərabərdən kiçik
⪚	qoşa xəttli bərabərdən böyük	bərabərsizlik | qoşa xəttli bərabərdən böyük | riyaziyyat
⪺	təqribən bərabərdən geri qalır	təqribən bərabərdən geri qalır
⬅	sola ox	istiqamət | kardinal | ox | qərb | sol | sola doğru ox | sola ox
⬆	üzüyuxarı ox	əsas | istiqamət | ox | şimal | üzüyuxarı ox | yuxarı
⬇	üzüaşağı ox	aşağı | cənub | əsas | istiqamət | ox | üzüaşağı ox
、	ideoqrafik vergül	ideografik | ideoqrafik vergül | vergül
。	ideoqrafik nöqtə	ideoqrafik | nöqtə | tam durğu
〈	açılan bucaqlı mötərizə	açılan bucaqlı mötərizə | brilliant mötərizə | bucaqlı mötərizə | mötərizə | oxlu mötərizə | şevron
〉	qapanan bucaqlı mötərizə	brilliant mötərizə | bucaqlı mötərizə | mötərizə | oxlu mötərizə | qapanan bucaqlı mötərizə | şevron
《	açılan ikiqat bucaqlı mötərizə	açılan ikiqat bucaqlı mötərizə | ikiqat bucaqlı mötərizə | mötərizə
》	qapanan ikiqat bucaqlı mötərizə	ikiqat bucaqlı mötərizə | mötərizə | qapanan ikiqat bucaqlı mötərizə
「	açılan künc mötərizəsi	açılan künc mötərizəsi | mötərizəsi
」	qapanan künc mötərizəsi	mötərizə | qapanan künc mötərizəsi
『	açılan boş künc mötərizəsi	açılan boş künc mötərizəsi | mötərizə
』	qapanan boş künc mötərizəsi	mötərizə | qapanan boş künc mötərizəsi
【	açılan qara linza mötərizəsi	açılan qara linza mötərizəsi | linza mötərizəsi | mötərizə
】	qapanan qara linza mötərizəsi	linza mötərizəsi | mötərizə | qapanan qara linza mötərizəsi
〔	açılan kronşteyn mötərizə	açılan kronşteyn mötərizə | kronşteyn mötərizə | mötərizə
〕	qapanan kronşteyn mötərizə	kronşteyn mötərizə | mötərizə | qapanan kronşteyn mötərizə
〖	açılan boş linza mötərizəsi	açılan boş linza mötərizəsi | boş linza mötərizəsi | mötərizə
〗	qapanan boş linza mötərizəsi	boş linza mötərizəsi | mötərizə | qapanan boş linza mötərizəsi
〰	dalğalı tire	dalğalı tire | dalğavari | durğu işarəsi | tilda | tire
〽	hissələri bir-birindən ayırmaq işarəsi	hissə | hissələri bir-birindən ayırmaq işarəsi | işarə
・	katakana orta nöqtə	interpunkt | katakana | katakana orta nöqtə | nöqtələr | orta nöqtə
㊗	yapon "təbriklər" düyməsi	"təbriklər" | çin | ideoqram | təbriklər | təbriklər düyməsi | yapon | yapon "təbriklər" düyməsi | 祝
㊙	yapon "məxfi" düyməsi	"məxfi" | çin | ideoqram | sirr | sirr düyməsi | yapon | yapon "məxfi" düyməsi | 秘
﷼	rial	rial | valyuta
🅰	a düyməsi	a | a düyməsi | qan
🅱	b düyməsi	b | b düyməsi | qan | qan növü
🅾	o düyməsi	o | o düyməsi | qan
🅿	p düyməsi	p düyməsi | parkinq
🈂	kvadrat katakana sa	katakana | kvadrat katakana sa | yapon
🈷	yapon "aylıq məbləğ" düyməsi	"aylıq məbləğ" | ideoqram | Japanese | yapon "aylıq məbləğ" düyməsi | yapon dilində ay ideoqramı düyməsi | 月
🌡	termometr	hava | termometr
🌤	balaca buludun arxasına günəş	balaca buludun arxasına günəş | bulud | buludun arxasından çıxan günəş | günəş | hava
🌥	böyük buludun arxasında günəş	böyük buludun arxasında günəş | bulud | günəş | hava
🌦	yağışlı buludun arxasında günəş	bulud | günəş | hava | yağış | yağışlı buludun arxasında günəş
🌧	yağışlı bulud	bulud | hava | yağış | yağışlı bulud
🌨	qarlı bulud	bulud | hava | qar | qarlı bulud | soyuq
🌩	ildırımlı bulud	bulud | hava | ildırım | ildırımlı bulud
🌪	qasırğa	bulud | hava | qasırğa
🌫	duman	bulud | duman | hava
🌬	külək üzü	bulud | əsmək | hava | külək | külək üzü | üz
🌶	acı bibər	acı | acı bibər | bitki | istiot
🍽	çəngəl və bıçaq ilə boşqab	bişirmək | bıçaq | boşqab | boşqab və çəngəl-bıçaq dəsti | çəngəl | çəngəl və bıçaq ilə boşqab | nahar | yemək
🎖	hərbi medal	bayram | hərbi | medal | mükafat | təltif
🎗	xatırlatma lenti	bayram | lent | xatırlatma | xatırlatma lenti | yadetmə
🎙	studiya mikrafonu	mik | mikrofon | musiqi | studio | studiya mikrafonu
🎚	səviyyə slayderi	musiqi | səviyyə | səviyyə slayderi | slayder
🎛	idarə düymələri	düymə | idarə | idarə düymələri | musiqi
🎞	film kadrları	film | film kadrları | kadr | kino
🎟	giriş biletləri	bilet | giriş biletləri | giriş haqqı
🏋	ştanqçı	ağırlıq | ağırlıq qaldıran adam | ağırlıqqaldıran | bodibilder | çəki | deadlift hərəkəti | məşq | pauerliftinq | ştanq | ştanqçı | ştanqqaldıran
🏌	qolf oynayan	atış | başlanğıc parkur | köməkçi | məşq sahəsi | peşəkar qolfçular birliyi | qolf | qolf oynayan | qolf vuruşu | son parkur | top
🏍	motosiklet	motosiklet | yarış
🏎	yarış maşını	maşın | yarış | yarış maşını
🏔	başı qarla örtülmüş dağ	başı qarla örtülmüş dağ | dağ | qar | soyuq
🏕	kempinq	düşərgə | kempinq
🏖	çətirli çimərlik	çətir | çətirli çimərlik | çimərlik
🏗	bina tikintisi	bina | bina tikintisi | kran | tikinti
🏘	ev binaları	bina | ev | ev binaları
🏙	şəhər mənzərəsi	bina | şəhər | şəhər mənzərəsi
🏚	baxımsız ev binası	baxımsız ev | baxımsız ev binası | bina | ev | tərk edilmiş | tərk edilmiş ev
🏛	klassik bina	bina | klassik
🏜	səhra	səhra
🏝	tənha ada	ada | səhra | tənha ada
🏞	milli park	milli park | park
🏟	stadion	stadion
🏳	ağ bayraq	ağ bayraq | dalğalanan | dalğalanan ağ bayraq
🏵	rozetka	bitki | gül forması | rosette | rozetka
🏷	etiket	etiket
🐿	brunduk	brunduk | burunduk | dələ
👁	göz	görmək işarəsi | göz | orqan
📽	kino projektoru	film | kino | kino projektoru | kinofilm | projector | video
🕉	om	din | hindu | om
🕊	göyərçin	göyərçin | quş | sülh | uçmaq
🕯	şam	işıq | şam
🕰	buxarı saat	buxarı saat | saat | vaxt
🕳	deşik	deşik | dəlik
🕴	işgüzar kostyumlu kişi	biznes | biznesmen | işgüzar kostyumlu kişi | kişi | kostyum
🕵	detektiv	agent | casus | detektiv | xəfiyyə
🕶	gün eynəyi	eynək | göz | gün eynəyi | tünd
🕷	hörümçək	həşərat | hörümçək
🕸	hörümçək toru	hörümçək | hörümçək toru | tor
🕹	coystik	coystik | oyun | video oyun
🖇	birləşmiş sancaqlar	birləşmiş sancaqlar | dəftərxana sancağı | əlaqə | sancaq
🖊	qələm	diyircəkli qələm | qələm
🖋	avto qələm	avto | doldurma qələm | qələm
🖌	fırça	çəkmək | fırça
🖍	yağlı karandaş	karandaş | yağlı karandaş
🖐	barmaqları aralı şəkildə qaldırılmış əl	aralı | barmaq | barmaqları aralı şəkildə qaldırılmış əl | əl | orqan | stop
🖥	masaüstü kompüter	kompüter | masaüstü
🖨	printer	kompüter | printer
🖱	kompüter siçanı	3 | düymə | kompüter | kompüter siçanı | siçan | üç
🖲	kürəşəkilli manipulyator	kompüter | kürəşəkilli manipulyator
🖼	şəkilli çərçivə	çəkmək | çərçivə | incəsənət | muzey | şəkil | şəkilli çərçivə
🗂	kart indeksi arakəsmələri	arakəsmə | işarə | kart | kart indeksi arakəsmələri
🗃	kart faylı qutusu	fayl | kart | kart faylı qutusu | qutu
🗄	fayl şkafı	fayl | fayl şkafı | kabinet
🗑	zibilqabı	zibilqabı
🗒	spiral dəftər	bloknot | qeyd | spiral | spiral dəftər
🗓	spiral təqvim	bloknot | spiral | təqvim
🗜	sıxma	alət | bolt | kəlbətin | sıxma
🗝	köhnə açar	açar | kilid | köhnə
🗞	bükülmüş qəzet	bükülmüş kağız toplusu | bükülmüş qəzet | burulmuş | kağız | qəzet | xəbər
🗡	xəncər	bıçaq | silah | xəncər
🗣	danışan baş	baş | danışan | danışan adam | danışmaq | siluet | üz
🗨	boş nitq şarı	boş nitq şarı | dialoq | nitq
🗯	sağ qəzəb şarı	acıqlı | əsəbi nitq şarı | hirsli | köpük | sağ qəzəb şarı | şar
🗳	səsvermə kağızı olan seçki qutusu	qutu | seçki | səsvermə kağızı olan seçki qutusu
🗺	dünya xəritəsi	dünya | dünya xəritəsi | xəritə
🛋	divan və lampa	divan | divan və lampa | lampa | otel
🛍	alış-veriş çantaları	alış-veriş çantaları | çanta | otel | şoppinq
🛎	xidmət zəngi	otel | xidmət zəngi | xidmətçi | zəng
🛏	yataq	otel | yataq | yatmaq
🛠	çəkic və açar	açar | alət | çəkic | çəkic və açar
🛡	qalxan	qalxan | silah
🛢	neft silindiri	neft | neft çəlləyi | neft silindiri | silindir
🛣	şosse	şosse | yol
🛤	dəmir yolu	dəmir yolu | dəmiryolu | qatar
🛥	motorlu qayıq	motorlu qayıq | nəqliyyat | nəqliyyat vasitəsi | qayıq
🛩	balaca təyyarə	balaca təyyarə | nəqliyyat | nəqliyyat vasitəsi | təyyarə
🛰	peyk	kosmos | nəqliyyat | peyk
🛳	sərnişin gəmisi	gəmi | nəqliyyat | nəqliyyat vasitəsi | sərnişin | sərnişin gəmisi
