# CLDR symbol names for be: symbol, tts name, keywords
# cldr-version	48
# source	https://unicode.org/Public/cldr/48/cldr-common-48.zip
# sha256	06c7c698d6fd8d67cefac15a0206b0109b00e0ef1636f86f84449fa959561f74
# Generated by tools/cldr_symbol_names.py; do not edit.
!	клічнік	вокліч | знак | клічнік
#	актаторп	актаторп | нумар | рашотка | фунт | хэш
$	долар	USD | грошы | долар | песа
%	працэнт	адсотак | працэнт
&	амперсанд	амперсанд | ды | і
'	машынапісны апостраф	аднакоссе | апостраф | машынапісны
)	канцавая дужка	дужка | канцавая | круглая
*	зорачка	астэрыск | зорачка | спецыяльны сімвал
+	плюс	плюс | складанне
,	коска	коска
-	злучок-мінус	дэфіс | злучок | злучок-мінус | мінус
.	кропка	кропка
/	касая рыса	касая | нахіленая | рыса | слэш
:	двукроп’е	двукроп’е
;	кропка з коскай	з | коскай | кропка
<	менш за	менш за | пачатковы тэг | тэг
=	роўна	роўна | роўны
>	больш за	больш за | канцавы тэг | тэг
?	знак пытальніка	знак пытальніка | пытальнік
@	слімак	камерцыйнае at | камерцыйнае эт | сабака | слімак
[	пачатковая квадратная дужка	дужка | квадратная | пачатковая
\	адваротная касая рыса	адваротная | бэкслэш | касая | нахіленая | рыса
]	канцавая квадратная дужка	дужка | канцавая | квадратная
^	цыркумфлекс	клін | націск | стрэшка | цыркумфлекс | шаўрон
_	падкрэсліванне	лінія | ніжняе | падкрэсліванне | рыса
`	гравіс	гравіс | націск | тон
{	пачатковая фігурная дужка	дужка | пачатковая | фігурная
|	вертыкальная рыса	вертыкальная лінія | вертыкальная рыса | лінія | палка | рыса | труба | штрых | штрых шэфера
}	канцавая фігурная дужка	дужка | канцавая | фігурная
~	тыльда	тыльда
¡	перавернуты клічнік	вокліч | знак | клічнік | перавернуты
¢	цэнт	цэнт
£	фунт	EGP | GBP | валюта | стэрлінгаў | фунт
¤	невядомая валюта	
¥	іена	CNY | JPY | валюта | іена | юань
§	параграф	глава | параграф | раздзел | частка
¨	трэма	трэма | умляўт
©	значок аўтарскага права	аўтарскае права | значок аўтарскага права
«	левае французскае двукоссе	вугалкі | вуглавое | двукоссе | елачка | левае двукоссе | левае французскае двукоссе | улева | французскае | шаўрон | ялінка
¬	адмаўленне	адмаўленне | не
®	зарэгістраваны таварны знак	зарэгістраваны | зарэгістраваны таварны знак
°	градус	вугал | градус | мацунак
±	плюс-мінус	плюс-мінус
²	надрадковая двойка	верхні індэкс | двойка | надрадковая | у квадраце
³	надрадковая тройка	верхні індэкс | надрадковая | тройка | у кубе
´	акут	акут | націск | тон
µ	знак «мікра»	вымярэнне | знак «мікра»
¶	знак параграфа	абзац | знак | знак параграфа | параграф
·	сярэдняя кропка	інтэрпункт | кропка | сярэдняя
¹	надрадковая адзінка	адзінка | верхні індэкс | надрадковая
»	правае французскае двукоссе	вугалкі | вуглавое | двукоссе | елачка | правае двукоссе | правае французскае двукоссе | управа | французскае | шаўрон | ялінка
¿	перавернуты пытальнік	перавернуты | пытальнік | пытанне
×	множанне	знак множання | множанне | памнажаць | разы
÷	дзяленне	дзяленне | дзяліць | знак дзялення
֏	армянскі драм	
؋	афганскі афгані	
،	арабская коска	арабская | коска
؛	арабская кропка з коскай	арабская | з | коскай | кропка
؟	арабскі пытальнік	арабскі | пытальнік | пытанне
৳	бангладэшская така	
฿	тайскі бат	
៛	камбаджыйскі рыель	
‐	злучок	дэфіс | злучок
–	кароткі працяжнік	кароткі | працяжнік
—	доўгі працяжнік	доўгі | працяжнік
―	гарызантальная лінія	гарызантальная | лінія | працяжнік
‘	левы апостраф	аднакоссе | апостраф | левы | пачатковае
’	правы апостраф	аднакоссе | апостраф | канцавое | правы
‚	левы ніжні апостраф	аднакоссе | апостраф | левае | левы | ніжні
“	левае двукоссе	двукоссе | левае
”	правае двукоссе	двукоссе | правае
„	ніжняе правае двукоссе	двукоссе | ніжняе | правае
†	друкарскі крыжык	абеліск | друкарскі крыжык | кінжал | крыжык
‡	двайны друкарскі крыжык	абеліск | двайны | двайны друкарскі крыжык | кінжал | крыжык
•	маркер	кропка | маркер
…	шматкроп’е	кропкі | шматкроп’е
‧	кропка пераносу	злучок | кропка | кропка пераносу | перанос
‰	праміле	праміле | тысячная доля
′	штрых	штрых
″	двайны штрых	двайны штрых | штрых
‴	трайны штрых	трайны штрых | штрых
‸	стрэшка	стрэшка
※	знак зноскі	знак | знак зноскі | зноска
‼	два клічнікі	! | !! | вокліч | два клічнікі | знак | клічнікі | пунктуацыя | шум
‽	інтэрабанг	інтэрабанг | лігатура клічніка і пытальніка
‾	верхняя рыса	верхняя рыса
⁂	астэрызм	астэрызм | тры зоркі
⁄	знак дробу	знак дробу | касая | рыса
⁉	клічнік з пытальнікам	! | !? | ? | знак | клічнік | клічнік з пытальнікам | пунктуацыя | пытальнік
⁻	надрадковы мінус	верхні індэкс | мінус | надрадковы
₡	коста-рыканскі калон	
₢	крузейра	BRB | валюта | крузейра
₣	французскі франк	валюта | франк | французскі франк
₤	ліра	валюта | ліра
₥	міль	міль
₦	нігерыйская наіра	
₨	рупія	валюта | рупія
₩	вона	KPW | KRW | вона
₪	новы ізраільскі шэкель	
₫	в’етнамскі донг	
€	еўра	EUR | валюта | еўра
₭	лаоскі кіп	
₮	мангольскі тугрык	
₰	пфеніг	валюта | нямецкі | пфеніг
₱	песа	песа
₲	парагвайскі гуарані	
₳	аўстраль	ARA | аўстраль | валюта
₴	украінская грыўня	
₵	ганскі седзі	
₶	турскі ліўр	валюта | турнуа | турскі ліўр
₷	спесміла	валюта | спесміла
₸	казахстанскі тэнге	
₹	індыйская рупія	валюта | індыйская рупія | рупія
₺	турэцкая ліра	
₼	азербайджанскі манат	
₽	расійскі рубель	валюта | расійскі | рубель
₾	грузінскі лары	
₿	біткойн	BTC | біткойн
℗	аўтарскае права на аўдыязапіс	аўдыя | аўтарскае права | аўтарскае права на аўдыязапіс | гук | запіс
™	таварны знак	знак | таварны | ТМ
ℹ	крыніца інфармацыі	даведка | інфармацыя | крыніца інфармацыі
←	стрэлка, скіраваная ўлева	скіраваная ўлева | стрэлка | стрэлка, скіраваная ўлева | улева
↑	стрэлка, скіраваная ўверх	скіраваная ўверх | стрэлка | стрэлка, скіраваная ўверх | уверх
→	стрэлка, скіраваная ўправа	скіраваная ўправа | стрэлка | стрэлка, скіраваная ўправа | управа
↓	стрэлка, скіраваная ўніз	скіраваная ўніз | стрэлка | стрэлка, скіраваная ўніз | уніз
↔	стрэлка ўлева-ўправа	падвоеная | стрэлка | стрэлка ўлева-ўправа
↕	стрэлка ўверх-уніз	падвоеная | стрэлка | стрэлка ўверх-уніз
↖	стрэлка ўверх-улева	кірунак | паўночны захад | стрэлка | стрэлка ўверх-улева | уверх-улева
↗	стрэлка ўверх-управа	кірунак | паўночны ўсход | стрэлка | стрэлка ўверх-управа | уверх-управа
↘	стрэлка ўніз-управа	кірунак | паўднёвы ўсход | стрэлка | стрэлка ўніз-управа | уніз-управа
↙	стрэлка ўніз-улева	кірунак | паўднёвы захад | стрэлка | стрэлка ўніз-улева | уніз-улева
↚	стрэлка ўлева з рысай	стрэлка ўлева з рысай
↛	стрэлка ўправа з рысай	стрэлка ўправа з рысай
↜	хвалістая стрэлка ўлева	хвалістая стрэлка ўлева
↝	хвалістая стрэлка ўправа	хвалістая стрэлка ўправа
↞	стрэлка ўлева з двума канцамі	стрэлка ўлева з двума канцамі
↟	стрэлка ўверх з двума канцамі	стрэлка ўверх з двума канцамі
↠	стрэлка ўправа з двума канцамі	стрэлка ўправа з двума канцамі
↡	стрэлка ўніз з двума канцамі	стрэлка ўніз з двума канцамі
↢	стрэлка ўлева з хвастом	стрэлка ўлева з хвастом
↣	стрэлка ўправа з хвастом	стрэлка ўправа з хвастом
↤	стрэлка ўлева ад жэрдкі	стрэлка ўлева ад жэрдкі
↥	стрэлка ўверх ад жэрдкі	стрэлка ўверх ад жэрдкі
↦	стрэлка ўправа ад жэрдкі	стрэлка ўправа ад жэрдкі
↧	стрэлка ўніз ад жэрдкі	стрэлка ўніз ад жэрдкі
↨	стрэлка ўверх і ўніз з асновай	стрэлка ўверх і ўніз з асновай
↩	стрэлка ўправа з паваротам улева	кірунак | рух | стрэлка | стрэлка ўправа з паваротам улева
↪	стрэлка ўлева з паваротам управа	кірунак | рух | стрэлка | стрэлка ўлева з паваротам управа
↫	стрэлка ўлева з пятлёй	стрэлка ўлева з пятлёй
↬	стрэлка ўправа з пятлёй	стрэлка ўправа з пятлёй
↭	хвалістая стрэлка ўлева і ўправа	хвалістая стрэлка ўлева і ўправа
↮	стрэлка ўлева і ўправа з рысай	стрэлка ўлева і ўправа з рысай
↯	зігзагападобная стрэлка ўніз	зігзаг | зігзагападобная стрэлка ўніз
↰	стрэлка ўверх з канцом улева	стрэлка ўверх з канцом улева
↱	стрэлка ўверх з канцом управа	стрэлка ўверх з канцом управа
↲	стрэлка ўніз з канцом улева	стрэлка ўніз з канцом улева
↳	стрэлка ўніз з канцом управа	стрэлка ўніз з канцом управа
↴	стрэлка ўправа з канцом уніз	стрэлка ўправа з канцом уніз
↵	ламаная стрэлка ўніз улева	ламаная стрэлка ўніз улева
↶	паўкруглая стрэлка супраць гадзіннікавай стрэлкі	паўкруглая стрэлка супраць гадзіннікавай стрэлкі
↷	паўкруглая стрэлка па гадзіннікавай стрэлцы	паўкруглая стрэлка па гадзіннікавай стрэлцы
↸	доўгая стрэлка на паўночны захад у жэрдку	доўгая стрэлка на паўночны захад у жэрдку
↹	стрэлка ўлева ў жэрдку над стрэлкай управа ў жэрдку	жэрдка | стрэлка | стрэлка ўлева ў жэрдку над стрэлкай управа ў жэрдку | улева | управа
↺	адкрытая круглая стрэлка супраць гадзіннікавай стрэлкі	адкрытая круглая стрэлка супраць гадзіннікавай стрэлкі
↻	адкрытая круглая стрэлка па гадзіннікавай стрэлцы	адкрытая круглая стрэлка па гадзіннікавай стрэлцы
↼	гарпун улева з зубцом уверх	гарпун улева з зубцом уверх | зубец
↽	гарпун улева з зубцом уніз	гарпун улева з зубцом уніз
↾	гарпун уверх з зубцом управа	гарпун уверх з зубцом управа | зубец
↿	гарпун уверх з зубцом улева	гарпун уверх з зубцом улева | зубец
⇀	гарпун управа з зубцом уверх	гарпун управа з зубцом уверх | зубец
⇁	гарпун управа з зубцом уніз	гарпун управа з зубцом уніз | зубец
⇂	гарпун уніз з зубцом управа	гарпун уніз з зубцом управа | зубец
⇃	гарпун уніз з зубцом улева	гарпун уніз з зубцом улева | зубец
⇄	стрэлка ўправа над стрэлкай улева	стрэлка ўправа над стрэлкай улева
⇅	стрэлка ўверх і стрэлка ўніз	стрэлка | стрэлка ўверх і стрэлка ўніз | уверх | уніз
⇆	стрэлка ўлева над стрэлкай управа	стрэлка ўлева над стрэлкай управа | улева | управа
⇇	парныя стрэлкі ўлева	парныя стрэлкі ўлева
⇈	парныя стрэлкі ўверх	парныя стрэлкі ўверх
⇉	парныя стрэлкі ўправа	парныя стрэлкі ўправа
⇊	парныя стрэлкі ўніз	парныя стрэлкі ўніз
⇋	гарпун улева над гарпуном управа	гарпун улева над гарпуном управа
⇌	гарпун управа над гарпуном улева	гарпун управа над гарпуном улева
⇍	двайная стрэлка ўлева з рысай	двайная стрэлка ўлева з рысай
⇎	двайная стрэлка ўлева і ўправа з рысай	двайная стрэлка ўлева і ўправа з рысай
⇏	двайная стрэлка ўправа з рысай	двайная стрэлка ўправа з рысай
⇐	двайная стрэлка ўлева	двайная стрэлка ўлева
⇑	двайная стрэлка ўверх	двайная стрэлка ўверх
⇒	двайная стрэлка ўправа	двайная стрэлка ўправа
⇓	двайная стрэлка ўніз	двайная стрэлка ўніз
⇔	двайная стрэлка ўлева і ўправа	двайная стрэлка ўлева і ўправа
⇖	двайная стрэлка на паўночны захад	двайная стрэлка на паўночны захад
⇗	двайная стрэлка на паўночны ўсход	двайная стрэлка на паўночны ўсход
⇘	двайная стрэлка на паўднёвы ўсход	двайная стрэлка на паўднёвы ўсход
⇙	двайная стрэлка на паўднёвы захад	двайная стрэлка на паўднёвы захад
⇚	трайная стрэлка ўлева	трайная стрэлка ўлева
⇛	трайная стрэлка ўправа	трайная стрэлка ўправа
⇜	стрэлка з зігзагам улева	стрэлка з зігзагам улева
⇝	стрэлка з зігзагам управа	стрэлка з зігзагам управа
⇞	стрэлка ўверх з двайной рысай	стрэлка ўверх з двайной рысай
⇟	стрэлка ўніз з двайной рысай	стрэлка ўніз з двайной рысай
⇠	пункцірная стрэлка ўлева	пункцірная стрэлка ўлева
⇡	пункцірная стрэлка ўверх	пункцірная стрэлка ўверх
⇢	пункцірная стрэлка ўправа	пункцірная стрэлка ўправа
⇣	пункцірная стрэлка ўніз	пункцірная стрэлка ўніз
⇤	стрэлка ўлева ў жэрдку	стрэлка ўлева ў жэрдку
⇥	стрэлка ўправа ў жэрдку	стрэлка ўправа ў жэрдку
⇦	незафарбаваная стрэлка ўлева	незафарбаваная стрэлка ўлева
⇧	незафарбаваная стрэлка ўверх	незафарбаваная стрэлка ўверх
⇨	незафарбаваная стрэлка ўправа	незафарбаваная стрэлка ўправа
⇩	незафарбаваная стрэлка ўніз	незафарбаваная стрэлка ўніз
⇪	незафарбаваная стрэлка ўверх з жэрдкай	незафарбаваная стрэлка ўверх з жэрдкай
⇵	стрэлкі ўніз і ўверх злева направа	стрэлкі ўніз і ўверх злева направа
∀	для ўсіх	для ўсіх | любыя | усе | усеагульнасць
∂	частковая вытворная	вытворная | частковая вытворная
∃	існуе	існуе
∅	пустое мноства	аператар над мноствамі | матэматыка | пустое мноства
∆	дэльта	дэльта | трохвугольнік
∇	набла	набла | трохвугольнік
∈	элемент	змяшчае | мноства | набор | прыналежыць да | элемент
∉	не з’яўляецца элементам	не з’яўляецца элементам | не элемент | элемент
∋	змяшчае ў якасці члена	змяшчае ў якасці члена | элемент
∎	канец доказу	q.e.d. | qed | канец доказу | надмагільны камень | сімвал халмаша
∏	здабытак	здабытак
∑	сума	матэматыка | сума
−	мінус	адніманне | мінус
∓	плюс або мінус	плюс або мінус | плюс-мінус
∕	касая дзялення	дзялільная рыса | касая | касая дзялення | рыса
∗	аператар-астэрыск	аператар-астэрыск | астэрыск | зорачка
∘	кальцавы аператар	кальцавы аператар
∙	аператар здабытку	аператар | аператар здабытку
√	квадратны корань	квадратны | корань | радыкал
∝	знак прапарцыянальнасці	знак прапарцыянальнасці | знак прапарцыянальнасць
∞	знак бясконцасці	бясконцасць | знак бясконцасці
∟	прамы вугал	матэматыка | прамы вугал
∠	вугал	востры | вугал
∣	дзеліць	дзеліць | дзельнік
∥	паралельны	паралельны
∧	лагічнае і	кан’юнкцыя | лагічнае і
∩	перасячэнне	мноства | перасячэнне
∪	аб’яднанне	аб’яднанне | злучэнне | мноства
∫	інтэграл	інтэграл | інтэгральнае злічэнне
∬	двайны інтэграл	двайны інтэграл | інтэгральнае злічэнне
∮	крывалінейны інтэграл	крывалінейны інтэграл
∴	таму	логіка | такім чынам | таму
∵	бо	бо | логіка
∶	суадносіны	суадносіны
∷	прапорцыя	прапарцыянальнасць | прапорцыя
∼	аператар тыльды	аператар тыльды
∽	перавернутая тыльда	перавернутая тыльда | тыльда
∾	перавернутая плаўная S	перавернутая плаўная S
≃	асімптатычна роўна	асімптатычна роўна | асімптота | матэматычны знак
≅	прыблізна роўна	ізамарфізм | кангруэнтнасць | прыблізна роўна | роўнасць
≈	амаль роўна	амаль роўна | прыблізнасць | прыблізны
≌	усе роўныя	матэматыка | роўнасць | усе роўныя
≒	прыблізная роўнасць	знак прыблізнай роўнасці | прыблізная роўнасць
≖	кальцо ў роўна	кальцо ў роўна | матэматыка | роўнасць
≠	не роўны	не роўны | няроўнасць | няроўны
≡	тоесны	дакладны | ідэнтычны | тоесны | трайны
≣	строга эквівалентна	матэматыка | роўнасць | строга эквівалентна
≤	менш за або роўна	менш за | менш за або роўна | няроўнасць | роўна
≥	больш за або роўна	больш за | больш за або роўна | няроўнасць | роўна
≦	менш над роўна	матэматыка | менш над роўна | няроўнасць
≧	больш над роўна	больш над роўна | матэматыка | няроўнасць
≪	намнога менш	матэматыка | намнога менш | няроўнасць
≫	намнога больш	матэматыка | намнога больш | няроўнасць
≬	паміж	паміж
≮	не менш за	матэматыка | не менш за | няроўнасць
≯	не больш за	матэматыка | не больш за | няроўнасць
≳	больш ці эквівалентна	больш ці эквівалентна | матэматыка | няроўнасць
≺	папярэднічае	аператар над мноствам | матэматыка | папярэднічае
≻	ідзе следам	аператар над мноствам | ідзе следам | матэматыка
⊁	не ідзе за	аператар над мноствам | матэматыка | не ідзе за
⊂	падмноства	мноства | падмноства
⊃	надмноства	аператар над мноствам | матэматыка | надмноства
⊆	падмноства роўна	падмноства роўна
⊇	надмноства роўна	матэматыка | надмноства роўна
⊕	плюс у крузе	плюс | плюс у крузе
⊖	мінус у крузе	мінус у крузе | сіметрычная рознасць
⊗	знак множання ў крузе	знак множання ў крузе | тэнзар
⊘	дробавая рыса ў крузе	дробавая рыса ў крузе
⊙	аператар кропкі ў крузе	аператар кропкі ў крузе
⊚	кальцавы аператар у крузе	кальцавы аператар у крузе
⊛	аператар зоркі ў крузе	аператар | аператар зоркі ў крузе | зорка
⊞	плюс у квадраце	дадаванне | матэматыка | плюс у квадраце
⊟	мінус у квадраце	адыманне | матэматыка | мінус у квадраце
⊥	перпендыкуляр	перпендыкуляр
⊮	не выклікае	не выклікае
⊰	папярэднічае адносна	аператар над мноствам | матэматыка | папярэднічае адносна
⊱	ідзе следам адносна	аператар над мноствам | ідзе следам адносна | матэматыка
⊶	правобраз	правобраз
⊹	эрмітава-спалучаная матрыца	спалучана-транспанаваная матрыца | эрмітава-спалучаная матрыца
⊿	трохвугольнік з прамым вуглом справа	матэматыка | трохвугольнік з прамым вуглом справа
⋁	лагічнае «або»	лагічнае «або»
⋂	n-арнае перасячэнне	n-арнае перасячэнне | аператар над мноствам | матэматыка
⋃	n-арнае аб’яднанне	n-арнае аб’яднанне | аб’яднанне | аператар над мноствам
⋅	аператар кропкі	аператар | аператар кропкі
⋆	аператар зоркі	аператар | аператар зоркі
⋈	натуральнае аб’яднанне	бінарны аператар | натуральнае аб’яднанне
⋒	двайное перасячэнне	аператар над мноствам | двайное перасячэнне | перасячэнне
⋘	значна менш	значна менш | матэматыка | няроўнасць
⋙	значна больш	значна больш | матэматыка | няроўнасць
⋭	не ўтрымлівае як нармальную падгрупу ці не роўна	не ўтрымлівае як нармальную падгрупу ці не роўна
⋮	вертыкальнае шматкроп’е	вертыкальнае шматкроп’е | матэматыка | шматкроп’е
⋯	гарызантальнае шматкроп’е пасярэдзіне	гарызантальнае шматкроп’е пасярэдзіне | шматкроп’е
⋰	дыяганальнае шматкроп’е ўверх управа	дыяганальнае шматкроп’е ўверх управа | матэматыка | шматкроп’е
⋱	дыяганальнае шматкроп’е ўніз управа	дыяганальнае шматкроп’е ўніз управа | матэматыка | шматкроп’е
⌨	клавіятура	камп’ютар | клавішы | клавіятура | перыферыя
⏏	кнопка «выняць»	выманне | кнопка | кнопка «выняць»
⏭	кнопка «наступны трэк»	кнопка | кнопка «наступны трэк» | наступны | трохвугольнік | трэк
⏮	кнопка «папярэдні трэк»	кнопка | кнопка «папярэдні трэк» | папярэдні | трохвугольнік | трэк
⏯	кнопка «прайграць» і «прыпыніць»	кнопка | кнопка «прайграць» і «прыпыніць» | паўза | прайграванне | трохвугольнік | управа
⏱	секундамер	гадзіннік | замер | секундамер
⏲	таймер	адлік | гадзіннік | таймер
⏸	кнопка «прыпыніць»	вертыкальная | кнопка «прыпыніць» | падвоеная | палоска | паўза | прыпыненне
⏹	кнопка «спыніць»	квадрат | кнопка | кнопка «спыніць» | спыненне | стоп
⏺	кнопка «запіс»	запіс | кнопка | кнопка «запіс» | круг
Ⓜ	літара «M» у коле	M | круг | у коле
■	зафарбаваны квадрат	зафарбаваны квадрат
□	незафарбаваны квадрат	незафарбаваны квадрат
▢	незафарбаваны квадрат з закругленымі вугламі	незафарбаваны квадрат з закругленымі вугламі
▣	незафарбаваны квадрат з зафарбаваным унутры	незафарбаваны квадрат з зафарбаваным унутры
▤	квадрат з гарызантальнай штрыхоўкай	квадрат з гарызантальнай штрыхоўкай
▥	квадрат з вертыкальнай штрыхоўкай	квадрат з вертыкальнай штрыхоўкай
▦	квадрат з артаганальнай крыжаванай штрыхоўкай	квадрат з артаганальнай крыжаванай штрыхоўкай
▧	квадрат з дыяганальнай штрыхоўкай управа ўніз	квадрат з дыяганальнай штрыхоўкай управа ўніз
▨	квадрат з дыяганальнай штрыхоўкай улева ўніз	квадрат з дыяганальнай штрыхоўкай улева ўніз
▩	квадрат з дыяганальнай крыжаванай штрыхоўкай	квадрат з дыяганальнай крыжаванай штрыхоўкай
▪	малы чорны квадрат	аб’ект | геаметрычны | квадрат | малы чорны квадрат
▫	малы белы квадрат	аб’ект | геаметрычны | квадрат | малы белы квадрат
▬	зафарбаваны прамавугольнік	зафарбаваны прамавугольнік
▭	незафарбаваны прамавугольнік	незафарбаваны прамавугольнік
▮	зафарбаваны вертыкальны прамавугольнік	зафарбаваны вертыкальны прамавугольнік
▰	зафарбаваны паралелаграм	зафарбаваны паралелаграм
▲	зафарбаваны трохвугольнік уверх	запоўнены | зафарбаваны | стрэлка | трохвугольнік | уверх
△	скіраваны ўверх незафарбаваны трохвугольнік	скіраваны ўверх незафарбаваны трохвугольнік
▴	скіраваны ўверх зафарбаваны трохвугольнік	скіраваны ўверх зафарбаваны трохвугольнік
▵	скіраваны ўверх незафарбаваны малы трохвугольнік	скіраваны ўверх незафарбаваны малы трохвугольнік
▶	кнопка «прайграць»	кнопка | кнопка «прайграць» | прайграванне | трохвугольнік | управа
▷	скіраваны ўправа незафарбаваны трохвугольнік	скіраваны ўправа незафарбаваны трохвугольнік
▸	скіраваны ўправа зафарбаваны малы трохвугольнік	скіраваны ўправа зафарбаваны малы трохвугольнік
▹	скіраваны ўправа незафарбаваны малы трохвугольнік	скіраваны ўправа незафарбаваны малы трохвугольнік
►	зафарбаваны ўказальнік управа	зафарбаваны ўказальнік управа
▻	незафарбаваны ўказальнік управа	незафарбаваны ўказальнік управа
▼	зафарбаваны трохвугольнік уніз	запоўнены | зафарбаваны | стрэлка | трохвугольнік | уніз
▽	скіраваны ўніз незафарбаваны трохвугольнік	скіраваны ўніз незафарбаваны трохвугольнік
▾	скіраваны ўніз зафарбаваны малы трохвугольнік	скіраваны ўніз зафарбаваны малы трохвугольнік
▿	скіраваны ўніз незафарбаваны малы трохвугольнік	скіраваны ўніз незафарбаваны малы трохвугольнік
◀	кнопка «прайграць назад»	кнопка | кнопка «прайграць назад» | назад | прайграць | трохвугольнік | улева
◁	скіраваны ўлева незафарбаваны трохвугольнік	скіраваны ўлева незафарбаваны трохвугольнік
◂	скіраваны ўлева зафарбаваны малы трохвугольнік	скіраваны ўлева зафарбаваны малы трохвугольнік
◃	скіраваны ўлева незафарбаваны малы трохвугольнік	скіраваны ўлева незафарбаваны малы трохвугольнік
◄	зафарбаваны ўказальнік улева	зафарбаваны ўказальнік улева
◅	незафарбаваны ўказальнік улева	незафарбаваны ўказальнік улева
◆	зафарбаваны ромб	зафарбаваны ромб
◇	незафарбаваны ромб	незафарбаваны ромб
◈	незафарбаваны ромб з зафарбаваным унутры	незафарбаваны ромб з зафарбаваным унутры
◉	незафарбаваны круг з зафарбаваным унутры	зафарбаваны круг у кольцы | канцэнтрычныя кругі з зафарбоўкай | кропка ў кольцы | незафарбаваны круг з зафарбаваным унутры | рыбіна вока
◊	ромб	бубны | звонкі | ромб
○	кольца	кольца | круг | незафарбаваны круг
◌	пункцірны круг	пункцірны круг
◍	круг з вертыкальнай штрыхоўкай	круг з вертыкальнай штрыхоўкай
◎	канцэнтрычныя кругі	двайны круг | канцэнтрычныя кругі | мішэнь | цэль
●	зафарбаваны круг	зафарбаваны круг | круг
◐	круг з зафарбаванай левай паловай	круг з зафарбаванай левай паловай
◑	круг з зафарбаванай правай паловай	круг з зафарбаванай правай паловай
◒	круг з зафарбаванай ніжняй паловай	круг з зафарбаванай ніжняй паловай
◓	круг з зафарбаванай верхняй паловай	круг з зафарбаванай верхняй паловай
◔	круг з зафарбаванай верхняй правай чвэрцю	круг з зафарбаванай верхняй правай чвэрцю
◕	круг з незафарбаванай верхняй левай чвэрцю	круг з незафарбаванай верхняй левай чвэрцю
◖	зафарбаваная левая палова круга	зафарбаваная левая палова круга
◗	зафарбаваная правая палова круга	зафарбаваная правая палова круга
◘	інвертаваны маркер пункта ў спісе	інвертаваны маркер пункта ў спісе
◙	зафарбаваны квадрат з кольцам унутры	зафарбаваны квадрат з кольцам унутры | інвертаванае кольца
◜	верхняя левая чвэрць кольца	верхняя левая чвэрць кольца
◝	верхняя правая чвэрць кольца	верхняя правая чвэрць кольца
◞	ніжняя правая чвэрць кольца	ніжняя правая чвэрць кольца
◟	ніжняя левая чвэрць кольца	ніжняя левая чвэрць кольца
◠	верхняя палова кольца	верхняя палова кольца
◡	ніжняя палова кольца	ніжняя палова кольца
◢	зафарбаваны трохвугольнік з прамым вуглом унізе справа	зафарбаваны трохвугольнік з прамым вуглом унізе справа
◣	зафарбаваны трохвугольнік з прамым вуглом унізе злева	зафарбаваны трохвугольнік з прамым вуглом унізе злева
◤	зафарбаваны трохвугольнік з прамым вуглом уверсе злева	зафарбаваны трохвугольнік з прамым вуглом уверсе злева
◥	зафарбаваны трохвугольнік з прамым вуглом уверсе справа	зафарбаваны трохвугольнік з прамым вуглом уверсе справа
◦	незафарбаваны маркер пункта ў спісе	незафарбаваны маркер пункта ў спісе
◯	вялікае кольца	вялікае кольца | вялікі незафарбаваны круг | кольца | круг
◳	незафарбаваны квадрат з незафарбаванай верхняй правай чвэрцю	незафарбаваны квадрат з незафарбаванай верхняй правай чвэрцю
◷	незафарбаваны круг з незафарбаванай верхняй правай чвэрцю	незафарбаваны круг з незафарбаванай верхняй правай чвэрцю
◻	белы сярэдні квадрат	аб’ект | белы сярэдні квадрат | геаметрычны | квадрат
◼	чорны сярэдні квадрат	аб’ект | геаметрычны | квадрат | чорны сярэдні квадрат
◿	трохвугольнік з прамым вуглом унізе справа	трохвугольнік з прамым вуглом унізе справа
☀	сонца	космас | надвор’е | промні | сонца
☁	воблака	воблака | надвор’е | неба | пахмурна
☂	парасон	аксесуар | дождж | надвор’е | парасон
☃	снегавік	снег | снегавая баба | снегавік | снегавы балван | холад
☄	камета	камета | космас
☎	хатні тэлефон	тэлефон | хатні тэлефон
☑	квадрат з птушкай	адзнака | квадрат з птушкай | клетка | птушка
☘	трыліснік	расліна | трыліснік
☝	указальны палец уверх	палец | рука | угару | указальны палец уверх | цела
☠	чэрап і косці	косці | монстр | пірат | смерць | чэрап і косці
☢	радыяцыя	знак | небяспека | радыеактыўны | радыяцыя
☣	біялагічная небяспека	біялагічная небяспека | біялагічны | знак | небяспека
☦	праваслаўны крыж	крыж | праваслаўе | праваслаўны крыж | рэлігія | хрысціянства
☪	зорка і паўмесяц	зорка і паўмесяц | іслам | мусульманскі | рэлігія
☮	пацыфік	мір | пацыфік | сімвал
☯	інь і ян	даасізм | інь | інь і ян | рэлігія | ян
☸	кола дхармы	будызм | дхарма | кола | кола дхармы | рэлігія
☹	засмучаны твар	засмучаны твар | засмучэнне | нахмураны
☺	усміхаецца	спакойны | усмешка | усмешлівы твар | усміхаецца
♀	жаночы сімвал	жаночы сімвал | жанчына
♂	мужчынскі сімвал	мужчына | мужчынскі сімвал
♟	пешка	дробязь | пешка | шахматы
♠	віны	азарт | віны | гульня | карты | масць | пікі
♣	трэфы	гульня | карта | трэфы | хрэсці
♥	чырвы	гульня | карты | чырвы
♦	звонкі	гульня | звонкі | карты
♨	гарачыя крыніцы	гарачы | гарачыя крыніцы | крыніцы | пара
♪	восьмая нота	восьмая | музыка | нота
♭	бемоль	бемоль | музыка | нота
♯	дыез	дыез | музыка | нота
♻	сімвал перапрацоўкі	перапрацоўка | сімвал перапрацоўкі | утылізацыя
♾	бясконцасць	безгранічны | бясконцасць | вечны | універсальны
⚒	малаток і кірка	інструмент | кірка | малаток | малаток і кірка | шахта
⚔	скрыжаваныя мячы	зброя | мячы | скрыжаваныя
⚕	медыцынскі сімвал	Асклепій | медыцына | медыцынскі сімвал | посах | эскулап
⚖	шалі	задыяк | шалі
⚗	перагонны куб	алхімія | інструмент | пасудзіна | перагонны куб | хімія
⚙	шасцярня	дэталь | інструмент | шасцярня | шасцярэнька
⚛	сімвал атама	атам | атэізм | сімвал атама | фізіка
⚜	геральдычная лілея	геральдычная лілея | лілея | флёр-дэ-ліс | Францыя | эмблема
⚠	папярэджанне	папярэджанне | увага
⚧	сімвал трансгендара	сімвал трансгендара | трансгендар
⚰	труна	дамавіна | смерць | труна
⚱	урна з прахам	прах | смерць | урна | урна з прахам
⛈	хмара з маланкай і дажджом	гром | дождж | навальніца | хмара | хмара з маланкай і дажджом
⛏	кірка	здабыча | інструмент | кірка | шахта
⛑	каска з белым крыжам	дапамога | каска | каска з белым крыжам | крыж | шлем
⛓	ланцугі	ланцуг | ланцугі
⛩	сінтаісцкі храм	рэлігія | сінтаізм | сінтаісцкі храм | храм
⛰	гара	гара
⛱	пляжны парасон	дождж | надвор’е | парасон | пляжны парасон | сонца
⛴	паром	карабель | паром
⛷	лыжнік	лыжнік | лыжныя палкі | лыжы | снег | спорт
⛸	канёк	канёк | лёд
⛹	чалавек з мячом	гульня | мяч | чалавек з мячом
✂	нажніцы	выразанне | інструмент | нажніцы
✈	самалёт	пералёт | самалёт | транспарт
✉	канверт	канверт | ліст | пошта | электронная пошта
✌	жэст перамогі	жэст | жэст перамогі | рука
✍	пішучая рука	асадка | пісьмо | пішучая рука | рука | ручка
✏	аловак	аловак | карандаш
✒	чорнае пяро	асадка | вастрыё | пісьмо | пяро | чорнае пяро
✔	знак птушкі	знак | знак птушкі | птушка
✖	знак множання	знак множання | множанне | скасаванне | х
✝	каталіцкі крыж	каталіцкі крыж | каталіцтва | крыж | рэлігія | хрысціянства
✡	зорка Давіда	Давід | зорка | зорка Давіда | іудаізм | рэлігія | яўрэй
✳	васьміканцовая зорачка	* | астэрыск | васьміканцовая | зорачка
✴	васьміканцовая зорка	* | васьміканцовая зорка | зорка
❄	сняжынка	надвор’е | снег | сняжынка | халодны
❇	іскра	* | іскра
❣	клічнік у форме сэрца	знак | знак прыпынку | клічнік | клічнік у форме сэрца | сэрца
❤	чырвонае сэрца	сэрца | чырвонае сэрца
➡	стрэлка ўправа	кірунак | стрэлка | стрэлка ўправа | управа | усход
⤴	стрэлка ўправа з паваротам уверх	кірунак | стрэлка | стрэлка ўправа з паваротам уверх | уверх
⤵	стрэлка ўправа з паваротам уніз	кірунак | стрэлка | стрэлка ўправа з паваротам уніз | уніз
⨧	плюс з лічбай два ў ніжнім рэгістры	плюс з лічбай два ў ніжнім рэгістры
⨯	вектарны здабытак	вектарны здабытак
⨼	унутраны здабытак	унутраны здабытак
⩣	лагічнае «або» з двайным падкрэсліваннем	лагічнае «або» з двайным падкрэсліваннем
⩽	менш або роўна	менш або роўна
⪍	менш над асімптатычна роўна	менш над асімптатычна роўна
⪚	больш пад роўна	больш пад роўна | матэматыка | няроўнасць
⪺	ідзе следам над прыблізна не роўна	ідзе следам над прыблізна не роўна
⬅	стрэлка ўлева	захад | кірунак | стрэлка | стрэлка ўлева | улева
⬆	стрэлка ўверх	кірунак | поўнач | стрэлка | стрэлка ўверх | уверх
⬇	стрэлка ўніз	кірунак | поўдзень | стрэлка | стрэлка ўніз | уніз
、	ідэаграфічная коска	ідэаграфічная | коска
。	ідэаграфічная кропка	ідэаграфічная | кропка
〈	пачатковая вуглавая дужка	вуглавая | дужка | пачатковая
〉	канцавая вуглавая дужка	вуглавая | дужка | канцавая
《	пачатковая двайная вуглавая дужка	вуглавая | двайная | дужка | пачатковая
》	канцавая двайная вуглавая дужка	вуглавая | двайная | дужка | канцавая
「	пачатковая вертыкальная дужка	вертыкальная | дужка | пачатковая
」	канцавая вертыкальная дужка	вертыкальная | дужка | канцавая
『	пачатковая незафарбаваная вертыкальная дужка	вертыкальная | дужка | незафарбаваная | пачатковая
』	канцавая незафарбаваная вертыкальная дужка	вертыкальная | дужка | канцавая | незафарбаваная
【	пачатковая зафарбаваная лінзападобная дужка	дужка | зафарбаваная | лінзападобная | пачатковая
】	канцавая зафарбаваная лінзападобная дужка	дужка | зафарбаваная | канцавая | лінзападобная
〔	пачатковая чарапашая дужка	дужка | панцыр чарапахі | пачатковая | чарапашая
〕	канцавая чарапашая дужка	дужка | канцавая | панцыр чарапахі | чарапашая
〖	пачатковая незафарбаваная лінзападобная дужка	дужка | лінзападобная | незафарбаваная | пачатковая
〗	канцавая незафарбаваная лінзападобная дужка	дужка | канцавая | лінзападобная | незафарбаваная
〰	хвалісты працяжнік	працяжнік | пунктуацыя | хвалісты
〽	знак змены партыі	знак | знак змены партыі | іарытэн | песенны | японскі
・	сярэдняя кропка катаканы	катакана | кропка | сярэдняя | сярэдняя кропка катаканы
㊗	ідэаграма «віншаванні» ў квадраце	віншаванні | віншую | вітанні | ідэаграма | ідэаграма «віншаванні» ў квадраце | кітайскае | пісьмо | японскае
㊙	ідэаграма «сакрэтна» ў крузе	ідэаграма | ідэаграма «сакрэтна» ў крузе | кітайскае | пісьмо | сакрэт | сакрэтна | японскае
﷼	рыял	валюта | рыял
🅰	значок «група крыві A»	кнопка | кроў | тып
🅱	значок «група крыві B»	B | група | значок «група крыві B» | кроў | трэцяя
🅾	значок «група крыві 0»	0 | група | значок «група крыві 0» | кроў | першая
🅿	знак «паркоўка»	знак | знак «паркоўка» | паркінг | паркоўка | стаянка
🈂	ідэаграма «сэрвіс» у квадраце	бясплатна | ідэаграма «сэрвіс» у квадраце | пісьмо | японскае
🈷	ідэаграма «месяц» у квадраце	ідэаграма «месяц» у квадраце | пісьмо | штомесяц | японскае
🌡	тэрмометр	надвор’е | тэмпература | тэрмометр
🌤	сонца за маленькім воблакам	воблака | надвор’е | неба | сонца | сонца за маленькім воблакам
🌥	сонца за вялікім воблакам	воблака | надвор’е | неба | сонца | сонца за вялікім воблакам
🌦	сонца за дажджавой хмарай	дождж | надвор’е | сонца | сонца за дажджавой хмарай | хмара
🌧	хмара і дождж	ападкі | дождж | надвор’е | хмара | хмара і дождж
🌨	хмара і снег	ападкі | надвор’е | снег | хмара | хмара і снег
🌩	хмара з маланкай	бліскавіца | маланка | надвор’е | хмара | хмара з маланкай
🌪	тарнада	віхор | надвор’е | смерч | тарнада | хмара
🌫	туман	бачнасць | воблака | надвор’е | нізкая | туман
🌬	твар ветру	вецер | надвор’е | твар | твар ветру
🌶	востры перац	востры | перац | расліна
🍽	талерка, відэлец і нож	відэлец | вячэра | гатаванне | ежа | нож | талерка
🎖	ваенны медаль	ваенны | медаль | свята
🎗	памятная стужка	напамін | памятная стужка | свята | стужка
🎙	студыйны мікрафон	мікрафон | музыка | музычная | студыйны мікрафон | студыя
🎚	паўзунок	музыка | паўзунок | узровень
🎛	рэгулятары	музыка | рэгуляванне | рэгулятар | рэгулятары
🎞	кінаплёнка	кадры | кінаплёнка | кіно | плёнка | фільм
🎟	уваходныя білеты	білет | уваход | уваходныя білеты
🏋	чалавек са штангай	атлетыка | цяжкая | чалавек са штангай | штанга
🏌	чалавек гуляе ў гольф	гольф | мяч | чалавек гуляе ў гольф
🏍	матацыкл	байк | гонкі | матацыкл | хуткасць
🏎	гоначны аўтамабіль	аўтамабіль | балід | гоначны аўтамабіль | гонкі | формула
🏔	заснежаная гара	гара | заснежаная гара | снег | халодны
🏕	кемпінг	кемпінг
🏖	пляж і парасон	парасон | пляж | пляж і парасон
🏗	будаўніцтва	будаўніцтва | будынак
🏘	дамы	будынкі | дамы | хаты
🏙	гарадскі краявід	будынкі | гарадскі краявід | горад
🏚	закінуты дом	будынак | дом | закінуты | занядбаны
🏛	будынак у класічным стылі	будынак | будынак у класічным стылі | класічны
🏜	пустыня	пустыня
🏝	ненаселены востраў	бязлюдны | востраў | ненаселены
🏞	нацыянальны парк	нацыянальны парк | парк
🏟	стадыён	стадыён
🏳	белы сцяг развяваецца	белы | белы сцяг развяваецца | лунанне | сцяг
🏵	разетка	разетка | расліна
🏷	бірка	бірка | цэтлік | ярлык
🐿	бурундук	бурундук | вавёрка
👁	вока	вока | зрок
📽	кінапраектар	відэа | кінапраектар | кіно | праектар | фільм
🕉	ом	індуізм | мантра | ом | рэлігія
🕊	голуб	голуб | мір | палёт | птушка
🕯	свечка	агонь | свечка | святло
🕰	камінны гадзіннік	гадзіннік | камін | камінны гадзіннік
🕳	дзірка	дзірка
🕴	мужчына ў дзелавым касцюме левітуе	бізнес | касцюм | мужчына | мужчына ў дзелавым касцюме левітуе
🕵	дэтэктыў	дэтэктыў | сышчык | шпіён
🕶	сонечныя акуляры	аксесуар | акуляры | вочы | сонечныя акуляры | цёмны
🕷	павук	насякомае | павук
🕸	павуцінне	павук | павуцінне
🕹	джойсцік	відэагульня | гульня | джойсцік | кантролер
🖇	злучаныя сашчэпкі	злучаныя сашчэпкі | папера | сашчэпка
🖊	аўтаручка	асадка | аўтаручка | ручка | шарыкавая
🖋	пёравая ручка	асадка | пёравая | пяро | ручка
🖌	пэндзаль	жывапіс | маляванне | пэндзаль
🖍	пастэль	аловак | жывапіс | маляванне | мяккі | пастэль
🖐	паднятая рука з растапыранымі пальцамі	паднятая рука з растапыранымі пальцамі | пальцы | растапырванне | рука
🖥	стацыянарны камп’ютар	камп’ютар | стацыянарны
🖨	прынтар	друк | камп’ютар | папера | перыферыя | прынтар
🖱	камп’ютарная мыш	камп’ютар | камп’ютарная мыш | кнопкі | мыш | перыферыя | тры
🖲	трэкбол	камп’ютар | перыферыя | трэкбол | шар
🖼	карціна ў рамцы	карціна | карціна ў рамцы | мастацтва | музей | рамка
🗂	раздзяляльнікі для картатэкі	карта | картатэка | раздзяляльнікі | раздзяляльнікі для картатэкі | сартаванне
🗃	каробка для картатэкі	каробка | каробка для картатэкі | карта | файл
🗄	архіўная шафа	архіў | архіўная шафа | файл | шафа
🗑	кошык для смецця	кошык | кошык для смецця | сметніца | смецце
🗒	перакідны нататнік	блакнот | лісты | нататнік | перакідны
🗓	перакідны каляндар	каляндар | лісты | перакідны
🗜	ціскі	інструмент | сцісканне | ціскі
🗝	стары ключ	замок | ключ | стары
🗞	скручаная газета	газета | навіны | папера | скручаная
🗡	кінжал	зброя | кінжал | корцік | нож
🗣	гаворачая галава	гаворачая галава | гаворачы | галава | сілуэт | твар
🗨	бурбалка з тэкстам злева	бурбалка з тэкстам злева | дыялог | маўленне
🗯	бурбалка з абурэннем справа	бурбалка | бурбалка з абурэннем справа | воблачка | злы | шалёны
🗳	урна для галасавання	выбары | галасаванне | урна | урна для галасавання
🗺	карта свету	карта | карта свету | мапа | свет
🛋	канапа з лямпай	гасцініца | гатэль | канапа | канапа з лямпай | лямпа
🛍	пакеты для шопінгу	гатэль | пакет | пакеты для шопінгу | шопінг
🛎	званок у гатэлі	выклік | гатэль | званок | званок у гатэлі
🛏	ложак	гасцініца | гатэль | ложак | сон
🛠	малаток і гаечны ключ	гаечны | інструмент | ключ | малаток | малаток і гаечны ключ
🛡	шчыт	абарона | зброя | рыштунак | шчыт
🛢	бочка з нафтай	бочка | бочка з нафтай | нафта
🛣	аўтамагістраль	аўтамагістраль | дарога | траса | шаша
🛤	чыгунка	рэйкі | цягнік | чыгунка | шпалы
🛥	маторная лодка	вада | лодка | матор | маторная лодка
🛩	невялікі самалёт	лёгкаматорны | невялікі самалёт | самалёт | транспарт
🛰	спадарожнік	космас | спадарожнік
🛳	пасажырскі лайнер	карабель | круіз | падарожжа | пасажырскі лайнер | судна
