# CLDR symbol names for ca: symbol, tts name, keywords
# cldr-version	48
# source	https://unicode.org/Public/cldr/48/cldr-common-48.zip
# sha256	06c7c698d6fd8d67cefac15a0206b0109b00e0ef1636f86f84449fa959561f74
# Generated by tools/cldr_symbol_names.py; do not edit.
!	signe d’exclamació	bang | exclamació | signe d’exclamació
#	coixinet	coixinet | lliura | número | quadradet | xifra
$	dòlar	diners | dòlar | peso | USD
%	tant per cent	percentatge | tant per cent
&	et	et | i | i comercial
'	apòstrof tipogràfic	apòstrof | apòstrof tipogràfic | cometa | cometa simple
)	parèntesi de tancament	parèntesi | parèntesi de tancament
*	asterisc	asterisc | comodí | estrella
+	signe més	més | signe més | suma
,	coma	coma
-	guionet de menys	guionet | guionet de menys | menys
.	punt	punt | punt final
/	barra inclinada	barra inclinada | barra obliqua | contrabarra
:	dos punts	dos punts
;	punt i coma	coma | punt | punt i coma
<	menor que	etiqueta | inferior a | menor que | més petit que | obertura
=	igual	equival a | igual
>	major que	etiqueta | major que | més gran que | superior a | tancament
?	signe d’interrogació	interrogació | interrogant | pregunta | signe d’interrogació
@	arrova	a cuada | a encerclada | arrova | ensaïmada | rova
[	claudàtor d’obertura	claudàtor | claudàtor d’obertura | claudàtor esquerre
\	barra inversa	barra inversa | barra obliqua inversa
]	claudàtor de tancament	claudàtor | claudàtor de tancament | claudàtor dret
^	accent circumflex	accent | angle | barret | circumflex | control | punter
_	ratlla baixa	caràcter de subratllat | guió | línia | ratlla | ratlla baixa
`	accent greu	accent | greu | to
{	clau d’obertura	clau | clau d’obertura | clau esquerra | parèntesi
|	barra vertical	barra vertical | línia vertical | pleca
}	clau de tancament	clau | clau de tancament | clau dreta | parèntesi
~	titlla	titlla
¡	signe d’exclamació d’obertura	bang | exclamació | invertit | obertura | signe d’exclamació | signe d’exclamació d’obertura
¢	centau	centau
£	lliura	divisa | EGP | esterlina | GBP | lliura | moneda
¤	moneda desconeguda	
¥	ien	CNY | ien | iuan | JPY | moneda
§	secció	paràgraf | part | secció
¨	dièresi	dièresi
©	drets d’autor	copyright | drets d’autor
«	cometa llatina esquerra	angle | cometa | cometa llatina esquerra | esquerra | galó | parèntesi | signe d’inserció
¬	negació	negació | no
®	marca registrada	marca | registrada
°	grau	grau | hora | prova
±	signe de més o menys	signe de més o menys
²	superíndex dos	al quadrat | dos | superíndex
³	superíndex tres	al cub | superíndex | tres
´	accent agut	accent | agut | to
µ	signe de micró	mesura | signe de micró
¶	marca de paràgraf	antígraf | calderó | marca de paràgraf | paràgraf | peu de mosca
·	punt volat	meitat | punt | punt alçat | punt volat
¹	superíndex u	superíndex | u
»	cometa llatina dreta	angle | cometa | cometa llatina dreta | dreta | galó | parèntesi | signe d’inserció
¿	signe d’interrogació d’obertura	obertura | pregunta | signe d’interrogació | signe d’interrogació d’obertura
×	signe de multiplicació	multiplicació | multiplicador | multiplicar | signe de multiplicació
÷	signe de divisió	dividir | divisió | divisor | signe de divisió
֏	dram	
؋	afgani afganès	
،	coma àrab	àrab | coma
؛	punt i coma àrab	àrab | punt i coma | punt i coma àrab
؟	signe d’interrogació àrab	àrab | pregunta | signe d’interrogació àrab
৳	taka	
฿	baht	
៛	riel cambodjà	
‐	guionet	guió | guionet
–	guió mitjà	guió | guió mitjà
—	guió llarg	guió | guió llarg
―	barra horitzontal	barra | barra horitzontal | guió | línia
‘	cometa esquerra	apòstrof | cometa | cometa esquerra | cometa simple
’	cometa dreta	apòstrof | cometa | cometa dreta | cometa simple
‚	cometa baixa dreta	cometa | cometa baixa | cometa baixa dreta | cometa simple
“	cometa doble alta esquerra	cometa | cometa doble | cometa doble alta esquerra | cometes
”	cometa doble alta dreta	cometa | cometa doble | cometa doble alta dreta | cometes
„	cometa doble baixa dreta	cometa | cometa baixa | cometa doble | cometa doble baixa dreta | cometes
†	signe d’obelisc	diesi | obelisc | obelos | signe d’obelisc
‡	signe d’obelisc de dos braços	diesi | dos | obelisc | obelos | signe d’obelisc de dos braços
•	punt de llista	pic | punt | punt de llista
…	punts suspensius	omissió | punts | punts suspensius
‧	punt de guió	guió | punt | punt de guió
‰	per mil	per mil
′	prima	prima
″	doble prima	doble prima | prima
‴	triple prima	prima | triple prima
‸	circumflex	accent circumflex | circumflex
※	marca de referència	marca de referència
‼	signe d’exclamació doble	! | !! | doble exclamació | exclamació | puntuació | signe d’exclamació doble
‽	signe exclarrogatiu	signe exclarrogatiu
‾	sobreratllat	línia alta | línia superposada | sobreratllat
⁂	asterisme	asterisme | símbol de tres asteriscs
⁄	barra de fracció	barra | barra de fracció
⁉	signe d’exclamació i d’interrogació	! | !? | ? | exclamació | interrogació | pregunta amb exclamació | puntuació | signe | signe d’exclamació i d’interrogació
⁻	superíndex resta	resta | superíndex
₡	colon costa-riqueny	
₢	cruzeiro	BRB | cruzeiro | divisa | moneda
₣	franc francès	divisa | franc | franc francès | moneda
₤	lira	divisa | lira | moneda
₥	milió	M | milió
₦	naira nigerià	
₧	pesseta espanyola	
₨	rupia	divisa | moneda | rupia
₩	won	KPW | KRW | won
₪	nou xéquel israelià	
₫	dong vietnamita	
€	euro	divisa | EUR | euro | moneda
₭	kip laosià	
₮	tögrög mongol	
₰	penic alemany	divisa | moneda | penic | penic alemany
₱	peso	peso
₲	guaraní	
₳	austral	ARA | austral | divisa | moneda
₴	hrívnia	
₵	cedi ghanès	
₶	lliura tornesa	divisa | lliura tornesa | moneda
₷	spesmilo	divisa | moneda | spesmilo
₸	tenge	
₹	rupia índia	moneda | rupia | rupia índia
₺	lira turca	
₼	manat azerbaidjanès	
₽	ruble	moneda | ruble
₾	lari	
₿	bitcoin	bitcoin | BTC
℗	enregistrament de so amb copyright	copyright | enregistrament | enregistrament de so amb copyright | so
™	marca comercial	comercial | marca | marca registrada | símbol de marca comercial | TM
ℹ	informació	i | informació | punt d’informació
←	fletxa que apunta cap a l’esquerra	esquerra | fletxa | fletxa que apunta cap a l’esquerra
↑	fletxa que apunta cap amunt	amunt | fletxa | fletxa que apunta cap amunt
→	fletxa que apunta cap a la dreta	dreta | fletxa | fletxa que apunta cap a la dreta
↓	fletxa que apunta cap avall	avall | fletxa | fletxa que apunta cap avall
↔	fletxa cap a l’esquerra i cap a la dreta	dreta | esquerra | fletxa | fletxa cap a l’esquerra i cap a la dreta
↕	fletxa cap amunt i cap avall	amunt | avall | fletxa | fletxa cap amunt i cap avall
↖	fletxa cap amunt a l’esquerra	amunt a l’esquerra | direcció | fletxa | fletxa cap amunt a l’esquerra | intercardinal | nord-oest
↗	fletxa cap amunt a la dreta	amunt a la dreta | direcció | fletxa | fletxa cap amunt a la dreta | intercardinal | nord-est
↘	fletxa cap avall a la dreta	avall a la dreta | direcció | fletxa | fletxa cap avall a la dreta | intercardinal | sud-est
↙	fletxa cap avall a l’esquerra	avall a l’esquerra | direcció | fletxa | fletxa cap avall a l’esquerra | intercardinal | sud-oest
↚	fletxa cap a l’esquerra amb traç	fletxa cap a l’esquerra amb traç
↛	fletxa cap a la dreta amb barra inclinada	fletxa cap a la dreta amb barra inclinada
↜	fletxa ondulada cap a l’esquerra	esquerra | fletxa | fletxa ondulada | onada
↝	fletxa ondulada cap a la dreta	dreta | fletxa | fletxa ondulada | onada
↞	fletxa cap a l’esquerra amb dues puntes	dues | esquerra | fletxa | fletxa cap a l’esquerra amb dues puntes | puntes
↟	fletxa cap amunt amb dues puntes	amunt | dues | fletxa | fletxa cap amunt amb dues puntes | puntes
↠	fletxa cap a la dreta amb dues puntes	fletxa cap a la dreta amb dues puntes
↡	fletxa cap avall amb dues puntes	avall | dues | fletxa | fletxa cap avall amb dues puntes | puntes
↢	fletxa cap a l’esquerra amb cua	cua | esquerra | fletxa | fletxa cap a l’esquerra amb cua
↣	fletxa cap a la dreta amb cua	fletxa cap a la dreta amb cua
↤	fletxa des d’una barra cap a l’esquerra	barra | esquerra | fletxa | fletxa des d’una barra cap a l’esquerra
↥	fletxa des d’una barra cap amunt	amunt | barra | fletxa | fletxa des d’una barra cap amunt
↦	fletxa des d’una barra cap a la dreta	fletxa des d’una barra cap a la dreta
↧	fletxa des d’una barra cap avall	fletxa des d’una barra cap avall
↨	fletxa amunt i avall amb una base	fletxa amunt i avall amb una base
↩	fletxa dreta que gira cap a l’esquerra	dreta | esquerra | fletxa | fletxa dreta que gira cap a l’esquerra | gir
↪	fletxa esquerra que gira cap a la dreta	dreta | esquerra | fletxa | fletxa esquerra que gira cap a la dreta | gir
↫	fletxa cap a l’esquerra amb bucle	fletxa cap a l’esquerra amb bucle
↬	fletxa cap a la dreta amb bucle	fletxa cap a la dreta amb bucle
↭	fletxa esquerra i dreta ondulada	fletxa esquerra i dreta ondulada
↮	fletxa esquerra i dreta amb traç	fletxa esquerra i dreta amb traç
↯	fletxa cap avall en zig-zag	fletxa cap avall en zig-zag | zig-zag | ziga-zaga
↰	fletxa cap amunt amb punta cap a l’esquerra	fletxa cap amunt amb punta cap a l’esquerra
↱	fletxa cap amunt amb punta cap a la dreta	fletxa cap amunt amb punta cap a la dreta
↲	fletxa cap avall amb punta cap a l’esquerra	fletxa cap avall amb punta cap a l’esquerra
↳	fletxa cap avall amb punta cap a la dreta	fletxa cap avall amb punta cap a la dreta
↴	fletxa curta cap a la dreta amb punta cap avall	fletxa curta cap a la dreta amb punta cap avall
↵	fletxa curta cap avall amb punta cap a l’esquerra	fletxa curta cap avall amb punta cap a l’esquerra
↶	fletxa semicircular superior antihorària	fletxa semicircular superior antihorària
↷	fletxa semicircular superior en sentit horari	fletxa semicircular superior en sentit horari
↸	fletxa cap al nord-oest amb barra llarga	fletxa cap al nord-oest amb barra llarga
↹	fletxa esquerra sobre dreta amb barra	fletxa esquerra sobre dreta amb barra
↺	fletxa circular oberta en sentit antihorari	fletxa circular oberta en sentit antihorari
↻	fletxa circular oberta en sentit horari	fletxa circular oberta en sentit horari
↼	arpó cap a l’esquerra amb dent a sobre	arpó cap a l’esquerra amb dent a sobre | dent
↽	arpó cap a l’esquerra amb dent a sota	arpó cap a l’esquerra amb dent a sota
↾	arpó cap amunt amb dent a la dreta	arpó cap amunt amb dent a la dreta | dent
↿	arpó cap amunt amb dent a l’esquerra	arpó cap amunt amb dent a l’esquerra | dent
⇀	arpó cap a la dreta amb dent a sobre	arpó cap a la dreta amb dent a sobre | dent
⇁	arpó cap a la dreta amb dent a sota	arpó cap a la dreta amb dent a sota | dent
⇂	arpó cap avall amb dent a la dreta	arpó cap avall amb dent a la dreta | dent
⇃	arpó cap avall amb dent a l’esquerra	arpó cap avall amb dent a l’esquerra | dent
⇄	fletxa dreta per sobre d’una fletxa esquerra	fletxa dreta per sobre d’una fletxa esquerra
⇅	fletxes que apunten cap amunt i cap avall	amunt | avall | fletxa | fletxes que apunten cap amunt i cap avall
⇆	fletxes cap a l’esquerra i la dreta	dreta | esquerra | fletxa | fletxa que apunta cap a l’esquerra sobre una fletxa que apunta cap a la dreta | fletxes cap a l’esquerra i la dreta
⇇	dues fletxes cap a l’esquerra	dues fletxes cap a l’esquerra
⇈	dues fletxes cap amunt	dues fletxes cap amunt
⇉	dues fletxes cap a la dreta	dues fletxes cap a la dreta
⇊	dues fletxes cap avall	dues fletxes cap avall
⇋	arpó esquerre per sobre d’un arpó dret	arpó esquerre per sobre d’un arpó dret
⇌	arpó dret per sobre d’un arpó esquerre	arpó dret per sobre d’un arpó esquerre
⇍	fletxa doble cap a l’esquerra amb traç	fletxa doble cap a l’esquerra amb traç
⇎	fletxa doble esquerra i dreta amb traç	fletxa doble esquerra i dreta amb traç
⇏	fletxa doble cap a la dreta amb traç	fletxa doble cap a la dreta amb traç
⇐	fletxa doble cap a l’esquerra	fletxa doble cap a l’esquerra
⇑	fletxa doble cap amunt	fletxa doble cap amunt
⇒	fletxa doble cap a la dreta	fletxa doble cap a la dreta
⇓	fletxa doble cap avall	fletxa doble cap avall
⇔	fletxa doble cap a l’esquerra i la dreta	fletxa doble cap a l’esquerra i la dreta
⇖	fletxa doble cap al nord-oest	fletxa doble cap al nord-oest
⇗	fletxa doble cap al nord-est	fletxa doble cap al nord-est
⇘	fletxa doble cap al sud-est	fletxa doble cap al sud-est
⇙	fletxa doble cap al sud-oest	fletxa doble cap al sud-oest
⇚	fletxa triple cap a l’esquerra	fletxa triple cap a l’esquerra
⇛	fletxa triple cap a la dreta	fletxa triple cap a la dreta
⇜	fletxa en ziga-zaga cap a l’esquerra	fletxa en ziga-zaga cap a l’esquerra
⇝	fletxa en ziga-zaga cap a la dreta	fletxa en ziga-zaga cap a la dreta
⇞	fletxa cap amunt amb doble traç	fletxa cap amunt amb doble traç
⇟	fletxa cap avall amb doble traç	fletxa cap avall amb doble traç
⇠	fletxa puntejada cap a l’esquerra	fletxa puntejada cap a l’esquerra
⇡	fletxa puntejada cap amunt	fletxa puntejada cap amunt
⇢	fletxa puntejada cap a la dreta	fletxa puntejada cap a la dreta
⇣	fletxa puntejada cap avall	fletxa puntejada cap avall
⇤	fletxa cap a l’esquerra amb barra	fletxa cap a l’esquerra amb barra
⇥	fletxa cap a la dreta amb barra	fletxa cap a la dreta amb barra
⇦	fletxa buida cap a l’esquerra	fletxa buida cap a l’esquerra
⇧	fletxa buida cap amunt	fletxa buida cap amunt
⇨	fletxa buida cap a la dreta	fletxa buida cap a la dreta
⇩	fletxa buida cap avall	fletxa buida cap avall
⇪	fletxa buida cap amunt des d’una barra	fletxa buida cap amunt des d’una barra
⇵	fletxa esquerra cap avall i dreta cap amunt	fletxa esquerra cap avall i dreta cap amunt
∀	per a tot	cert | per a tot | qualsevol | tot | universal
∂	derivada parcial	derivada parcial | diferencial
∃	existeix	existeix
∅	conjunt buit	conjunt buit | matemàtiques | operador de conjunt
∆	increment	increment | triangle
∇	nabla	nabla | triangle
∈	element de	conjunt | conté | element | element de | pertany a
∉	no és un element	element | no és un element
∋	conté com a membre	conté com a membre | element
∎	final de prova	final de prova
∏	producte d’operador n	lògica | producte | producte d’operador n
∑	sumatòria d’operador n	matemàtiques | sumatòria | sumatòria d’operador n
−	signe menys	menys | resta | signe menys
∓	més menys	més menys | més o menys
∕	barra de divisió	barra | barra de divisió
∗	operador asterisc	asterisc | operador asterisc
∘	operador anell	composició | operador | operador anell
∙	operador vinyeta	operador vinyeta | vinyeta
√	arrel quadrada	arrel | arrel quadrada | quadrat | radical | signe d’arrel
∝	proporcional	proporcional | proporcionalitat
∞	signe d’infinit	infinit | signe d’infinit
∟	angle recte	angle recte | matemàtiques
∠	angle	agut | angle
∣	divideix	divideix | divisor
∥	paral·lel	paral·lel
∧	I lògic	I lògic
∩	intersecció	conjunt | intersecció
∪	unió	col·lecció | conjunt | unió
∫	integral	càlcul | integral
∬	integral doble	càlcul | integral doble
∮	integral de contorn	integral de contorn
∴	per tant	lògica | per tant
∵	perquè	lògica | perquè
∶	relació	relació
∷	proporció	proporció | proporcionalitat
∼	operador titlla	operador | operador titlla
∽	titlla invertida	titlla | titlla invertida
∾	s inclinada invertida	s inclinada invertida
≃	igual asimptòtic	asímptota | igual asimptòtic | matemàtiques
≅	igual aproximat	congruència | igual aproximat | igualtat | isomorfisme | matemàtiques
≈	aproximació	aproximació | aproximadament igual a
≌	tot igual a	igualtat | matemàtiques | tot igual a
≒	aproximadament igual que la imatge	aproximadament igual que la imatge
≖	anell dintre del signe d’igual	anell dintre del signe d’igual | igualtat | matemàtiques
≠	no és igual que	desigualtat | inequació | no és igual que
≡	idèntic a	exacte | idèntic | idèntic a | triple
≣	estrictament equivalent	estrictament equivalent | igualtat | matemàtiques
≤	menor o igual a	antilambda | desigualtat | igual | inferior | menor o igual a | menor que | més petit que
≥	major o igual a	antilambda | desigualtat | igual | major o igual a | major que | més gran que | superior
≦	menor que a sobre del signe d’igual	desigualtat | matemàtiques | menor que a sobre del signe d’igual
≧	major que a sobre del signe d’igual	desigualtat | major que a sobre del signe d’igual | matemàtiques
≪	molt menor que	desigualtat | matemàtiques | molt menor que
≫	molt major que	desigualtat | matemàtiques | molt major que
≬	entre	entre
≮	no menor que	desigualtat | matemàtiques | no menor que
≯	no major que	desigualtat | matemàtiques | no major que
≳	major que equivalent	desigualtat | major que equivalent | matemàtiques
≺	precedeix	matemàtiques | operador de conjunt | precedeix
≻	succeeix	matemàtiques | operador de conjunt | succeeix
⊁	no succeeix	matemàtiques | no succeeix | operador de conjunt
⊂	subconjunt de	conjunt | subconjunt | subconjunt de
⊃	supraconjunt	matemàtiques | operador de conjunt | supraconjunt
⊆	subconjunt igual	subconjunt igual
⊇	supraconjunt igual	igualtat | matemàtiques | supraconjunt igual
⊕	signe més encerclat	signe més | signe més encerclat
⊖	signe menys encerclat	diferència simètrica | erosió | signe menys encerclat
⊗	signe de multiplicació encerclat	producte | signe de multiplicació encerclat | tensor
⊘	barra de divisió encerclada	barra de divisió encerclada | divisió | matemàtiques
⊙	operador punt encerclat	operador | operador punt encerclat | XNOR
⊚	operador anell encerclat	operador anell encerclat
⊛	operador asterisc encerclat	asterisc | operador | operador asterisc encerclat
⊞	signe més en un quadrat	matemàtiques | signe més en un quadrat | suma
⊟	signe menys en un quadrat	matemàtiques | resta | signe menys en un quadrat
⊥	tatxa cap amunt	tatxa cap amunt
⊮	no força	no força
⊰	precedeix en la relació	matemàtiques | operador de conjunt | precedeix en la relació
⊱	succeeix en la relació	matemàtiques | operador de conjunt | succeeix en la relació
⊶	original	original
⊹	matriu hermítica conjugada	matemàtiques | matriu hermítica conjugada | matriu quadrada
⊿	triangle rectangle	matemàtiques | triangle d’angle recte | triangle rectangle
⋁	O lògic d’operador n	disjunció | lògica | O lògic d’operador n
⋂	intersecció d’operador n	intersecció | intersecció d’operador | intersecció d’operador n | matemàtiques | operador de conjunt
⋃	unió d’operador n	matemàtiques | operador de conjunt | unió | unió d’operador | unió d’operador n
⋅	operador punt	operador | operador punt
⋆	operador estrella	operador | operador estrella
⋈	unió natural	operador binari | unió natural
⋒	intersecció doble	intersecció doble | intersescció | matemàtiques | operador de conjunt
⋘	considerablement menor que	considerablement menor que | desigualtat | matemàtiques
⋙	considerablement major que	considerablement major que | desigualtat | matemàtiques
⋭	no conté com un subgrup normal igual	matemàtiques | no conté com un subgrup normal igual | teoria de grups
⋮	el·lipsi vertical	el·lipsi | el·lipsi vertical | matemàtiques
⋯	el·lipsi horitzontal volada	el·lipsi | el·lipsi horitzontal volada
⋰	el·lipsi diagonal cap amunt a la dreta	el·lipsi | el·lipsi diagonal cap amunt a la dreta | matemàtiques
⋱	el·lipsi diagonal cap avall a la dreta	el·lipsi | el·lipsi diagonal cap avall a la dreta | matemàtiques
⌨	teclat	ordinador | PC | teclat
⏏	botó d’expulsar	botó | botó d’expulsar | expulsar
⏭	botó de pista següent	botó | botó de pista següent | escena següent | fletxa | pista | següent | triangle
⏮	botó de pista anterior	anterior | botó | botó d’última pista | botó de pista anterior | escena anterior | fletxa | pista | triangle
⏯	botó de pausa o de reproducció	botó | botó de pausa o de reproducció | dreta | fletxa | pausa | posar en pausa | reproducció | reproduir | triangle
⏱	cronòmetre	cronòmetre | hora | rellotge
⏲	temporitzador	rellotge | temporitzador
⏸	botó de pausa	botó | botó de pausa | doble | dues barres | pausa | posar en pausa | vertical
⏹	botó d’aturada	aturada | aturar | botó | botó d’aturada | quadrat
⏺	botó d’enregistrar	botó | botó d’enregistrar | cercle | enregistrar
Ⓜ	lletra M en cercle	cercle | lletra | lletra M en cercle | M | M encerclada
■	quadrat ple	quadrat ple
□	quadrat buit	quadrat buit
▢	quadrat buit amb els angles arrodonits	quadrat buit amb els angles arrodonits
▣	quadrat buit amb un quadrat ple a l’interior	quadrat buit amb un quadrat ple a l’interior
▤	quadrat amb ratlles horitzontals	quadrat amb ratlles horitzontals
▥	quadrat amb ratlles verticals	quadrat amb ratlles verticals
▦	quadrat quadriculat perpendicularment	quadrat quadriculat perpendicularment
▧	quadrat ratllat de dalt esquerra a baix dreta	quadrat ratllat de dalt esquerra a baix dreta
▨	quadrat ratllat de baix esquerra a dalt dreta	quadrat ratllat de baix esquerra a dalt dreta
▩	quadrat quadriculat diagonalment	quadrat quadriculat diagonalment
▪	quadrat negre petit	geometria | negre | petit | quadrat
▫	quadrat blanc petit	blanc | geometria | petit | quadrat
▬	rectangle ple	rectangle ple
▭	rectangle buit	rectangle buit
▮	rectangle vertical ple	rectangle vertical ple
▰	paral·lelogram ple	paral·lelogram ple
▲	triangle ple que apunta cap amunt	amunt | fletxa | ple | triangle | triangle ple que apunta cap amunt
△	triangle buit cap amunt	triangle buit cap amunt
▴	triangle petit ple cap amunt	triangle petit ple cap amunt
▵	triangle petit buit cap amunt	triangle petit buit cap amunt
▶	botó de reproducció	botó | botó de reproducció | dreta | fletxa | fletxa cap a la dreta | reproducció | reproduir | triangle
▷	triangle buit cap a la dreta	triangle buit cap a la dreta
▸	triangle petit ple cap a la dreta	triangle petit ple cap a la dreta
▹	triangle petit buit cap a la dreta	triangle petit buit cap a la dreta
►	punter ple cap a la dreta	punter ple cap a la dreta
▻	punter buit cap a la dreta	punter buit cap a la dreta
▼	triangle ple que apunta cap avall	avall | fletxa | ple | triangle | triangle ple que apunta cap avall
▽	triangle buit cap avall	triangle buit cap avall
▾	triangle petit ple cap avall	triangle petit ple cap avall
▿	triangle petit buit cap avall	triangle petit buit cap avall
◀	botó de retrocedir	botó | botó de retrocedir | esquerra | fletxa | fletxa cap a l’esquerra | retrocedir
◁	triangle buit cap a l’esquerra	triangle buit cap a l’esquerra
◂	triangle petit ple cap a l’esquerra	triangle petit ple cap a l’esquerra
◃	triangle petit buit cap a l’esquerra	triangle petit buit cap a l’esquerra
◄	punter ple cap a l’esquerra	punter ple cap a l’esquerra
◅	punter buit cap a l’esquerra	punter buit cap a l’esquerra
◆	rombe ple	rombe ple
◇	rombe buit	rombe buit
◈	rombe buit amb un rombe ple a l’interior	rombe buit amb un rombe ple a l’interior
◉	cercle buit amb un cercle ple a l’interior	cercle buit amb un cercle ple a l’interior
◊	rombe	diamant | píndola | rombe
○	cercle buit	anell | cercle | cercle buit
◌	cercle puntejat	cercle puntejat
◍	cercle amb ratlles verticals	cercle amb ratlles verticals
◎	cercles concèntrics	cercles concèntrics | diana | doble cercle
●	cercle ple	cercle | cercle ple
◐	cercle amb la meitat esquerra plena	cercle amb la meitat esquerra plena
◑	cercle amb la meitat dreta plena	cercle amb la meitat dreta plena
◒	cercle amb la meitat inferior plena	cercle amb la meitat inferior plena
◓	cercle amb la meitat superior plena	cercle amb la meitat superior plena
◔	cercle amb el quadrant superior dret ple	cercle amb el quadrant superior dret ple
◕	cercle amb el quadrant superior esquerre buit	cercle amb el quadrant superior esquerre buit
◖	semicercle esquerre ple	semicercle esquerre ple
◗	semicercle dret ple	semicercle dret ple
◘	vinyeta invertida	vinyeta invertida
◙	quadrat ple amb un cercle buit a l’interior	cercle buit invertit | quadrat ple amb un cercle buit a l’interior
◜	arc circular al quadrant superior esquerre	arc circular al quadrant superior esquerre
◝	arc circular al quadrant superior dret	arc circular al quadrant superior dret
◞	arc circular al quadrant inferior dret	arc circular al quadrant inferior dret
◟	arc circular al quadrant inferior esquerre	arc circular al quadrant inferior esquerre
◠	semicercle superior	semicercle superior
◡	semicercle inferior	semicercle inferior
◢	triangle inferior dret ple	triangle inferior dret ple
◣	triangle inferior esquerre ple	triangle inferior esquerre ple
◤	triangle superior esquerre ple	triangle superior esquerre ple
◥	triangle superior dret ple	triangle superior dret ple
◦	vinyeta buida	vinyeta buida
◯	cercle buit gran	anell | cercle | cercle buit gran
◳	quadrat buit amb quadrant superior dret	quadrat buit amb quadrant superior dret
◷	cercle buit amb quadrant superior dret	cercle buit amb quadrant superior dret
◻	quadrat mitjà blanc	blanc | geometria | mitjà | quadrat
◼	quadrat mitjà negre	geometria | mitjà | negre | quadrat
◿	triangle inferior dret	triangle inferior dret
☀	sol	assolellat | brillant | clar | espai | raigs | sol | solejat | temps
☁	núvol	ennuvolat | núvol | temps
☂	paraigua	paraigua | pluja
☃	ninot de neu	fred | neu | nevada | ninot | ninot de neu
☄	cometa	cometa | espai
☎	telèfon	telèfon
☑	casella amb marca de verificació	✓ | casella | casella amb marca de verificació | fet | marca | marcat | quadre | selecció | verificació | votació
☘	trèvol	irlandès | irlandesa | planta | trèvol
☝	índex que apunta cap amunt	això | amunt | assenyalar | dit | índex | índex que apunta cap amunt | mà
☠	crani amb ossos	calavera | cara | crani | crani amb ossos | monstre | mort | os | ossos
☢	radioactiu	radioactiu | radioactiva | senyal
☣	risc biològic	perill | risc | risc biològic | senyal
☦	creu ortodoxa	creu | cristià | cristiana | cristianes | cristians | ortodoxa | religió
☪	creixent lunar i estel	creixent lunar i estel | creixent lunar i estrella | islam | islamisme | lluna creixent i estel | lluna creixent i estrella | musulmà | ramadà | religió
☮	símbol de la pau	curació | curatiu | curativa | pacífic | pacífica | pacifisme | pacifista | pau | símbol | símbol de la pau
☯	yin-yang	daoisme | daoista | difícil | religió | tao | taoisme | taoista | total | vides | yin i yang | yin-yang
☸	roda del dharma	budisme | budista | dharma | religió | roda | roda del dharma
☹	cara arrufada	cara | cara arrufada | emmurriada | emmurriat | empipada | empipat | enfadada | enfadat | trist | trista
☺	cara somrient	cara | feliç | relaxada | relaxat | somrient | somriure
♀	símbol femení	dona | femella | femení | símbol femení
♂	símbol masculí	home | mascle | masculí | símbol masculí
♟	peó d’escacs	escacs | peó | prescindible | sacrificable
♠	pal de piques	carta | cartes | coll de piques | joc | pal | pal de piques | partida | piques
♣	pal de trèvols	carta | coll de trèvols | joc | pal | pal de trèvols | partida | trèvols
♥	pal de cors	cartes | coll de cors | cors | emoció | joc | pal | pal de cors | partida
♦	pal de diamants	cartes | coll de diamants | diamants | joc | pal | pal de diamants | partida
♨	fonts termals	aigües termals | brolladors | calor | complex turístic | fonts termals | fumejant | vapor
♪	corxera	corxera | música | nota
♭	bemoll	bemoll | música | nota
♯	sostingut	diesi | música | nota | sostingut
♻	símbol de reciclatge	reciclar | reciclatge | símbol | símbol de reciclatge
♾	infinit	il·limitat | infinit | per sempre | universal
⚒	martell i pic	eina | martell | martell i pic | pic
⚔	espases creuades	arma | creuades | espases
⚕	símbol mèdic	Asclepi | Esculapi | medicina | personal | serp | símbol mèdic
⚖	balança (aparell)	aparell | Balança | balança (aparell) | balances | eina | justícia | pes | zodíac
⚗	alambí	alambí | eina | instrument | química
⚙	engranatge	eina | engranatge | marxa
⚛	símbol d’àtom	atea | ateisme | ateu | àtom | símbol | símbol d’àtom
⚜	flor de lis	cavallers | flor | flor de lis | lis
⚠	advertència	advertència | advertiment | alerta | avís | cautela | precaució
⚧	símbol transgènere	símbol transgènere | trans | transgènere
⚰	taüt	mort | taüt | vampir
⚱	urna funerària	cendres | funeral | incineració | incinerar | mort | urna | urna funerària
⛈	núvol amb llamp i pluja	llamp | núvol | núvol amb llamp i pluja | pluja | temps | tro | tronada
⛏	pic	eina | martell | mineria | pic
⛑	casc amb creu blanca	ajuda | cara | casc | casc amb creu blanca | casc de rescatador | casc de rescatadora | creu | creu blanca | emergència | urgència
⛓	cadenes	cadena | cadenes
⛩	santuari xintoista	religió | santuari | temple | xintoista
⛰	muntanya	muntanya
⛱	para-sol a la sorra	para-sol | para-sol a la sorra | pluja | sol | sorra
⛴	ferri	ferri | passatger | vaixell | vaixell de passatgers
⛷	esquiador	esquiador | esquiadora | esquiar | neu
⛸	patinatge sobre gel	gel | patí | patinar | patinar sobre gel | patinatge | patinatge sobre gel | patins
⛹	persona amb una pilota	bàsquet | basquetbol | esport | esportista | home | home amb una pilota | home fent botar una pilota | jugador de bàsquet | jugador de basquetbol | persona | persona amb una pilota | persona fent botar una pilota | pilota | tir lliure
✂	tisores	eina | paper | retall | tall | tallar | tisores
✈	avió	aeroplà | avió | jet | vehicle | viatge | vol | volant | volar
✉	sobre	carta | correu | correu electrònic | mail | sobre
✌	senyal de la victòria	mà | pau | senyal | senyal de la victòria | V | victòria
✍	mà que escriu	escriure | mà | mà que escriu
✏	llapis	llapis
✒	ploma negra	bolígraf | negra | ploma
✔	marca de verificació	✓ | fet | marca | marca de verificació | marca de vistiplau | marca de vistiplau gruixuda | marcar | marcat | selecció | verificació
✖	signe de multiplicar	× | cancel·lar | multiplicació | multiplicar | signe | signe de multiplicar | x
✝	creu llatina	creu | creu llatina | Crist | cristià | cristiana | cristianisme | religió
✡	estrella de David	David | estrella | estrella de David | judaisme | jueu | jueva | religió
✳	asterisc de vuit radis	* | asterisc | asterisc de vuit radis
✴	estrella de vuit puntes	* | estrella | estrella de vuit puntes
❄	floc de neu	floc | floc de neu | fred | neu | temps | volva de neu
❇	espurna	* | espurna
❣	exclamació en forma de cor	cor | exclamació | exclamació en forma de cor | exclamació en forma de cor gruixuda | puntuació | signe
❤	cor vermell	amor | cor | cor vermell | emoció
➡	fletxa cap a la dreta	cardinal | direcció | dreta | est | fletxa | fletxa cap a la dreta | punt cardinal
⤴	fletxa dreta que gira cap amunt	amunt | dreta | fletxa | fletxa dreta que gira cap amunt | gir
⤵	fletxa dreta que gira cap avall	avall | dreta | fletxa | fletxa dreta que gira cap avall | gir
⨧	signe més amb el nombre dos en subíndex	signe més amb el nombre dos en subíndex
⨯	producte creuat vector	producte creuat vector
⨼	producte interior	producte interior
⩣	O lògic amb barra inferior doble	O lògic amb barra inferior doble
⩽	menor que o igual inclinat	menor que o igual inclinat
⪍	menor que sobre igual similar	menor que sobre igual similar
⪚	major que o igual de doble línia	desigualtat | major que o igual de doble línia | matemàtiques
⪺	succeeix a sobre de no gairebé igual a	succeeix a sobre de no gairebé igual a
⬅	fletxa cap a l’esquerra	cardinal | direcció | esquerra | fletxa | fletxa cap a l’esquerra | oest | punt cardinal
⬆	fletxa cap amunt	amunt | cardinal | direcció | fletxa | fletxa cap amunt | nord | punt cardinal
⬇	fletxa cap avall	avall | cardinal | direcció | fletxa | fletxa cap avall | punt cardinal | sud
、	coma ideogràfica	coma | ideogràfica
。	punt ideogràfic	ideogràfic | punt
〈	parèntesi angular d’obertura	angle agut | obertura | parèntesi | parèntesi angular | parèntesi angular d’obertura
〉	parèntesi angular de tancament	angle agut | parèntesi | parèntesi angular | parèntesi angular de tancament | tancament
《	parèntesi angular doble d’obertura	parèntesi | parèntesi angular doble | parèntesi angular doble d’obertura
》	parèntesi angular doble de tancament	parèntesi | parèntesi angular doble | parèntesi angular doble de tancament
「	semiclaudàtor alt esquerre	parèntesi | semiclaudàtor | semiclaudàtor alt esquerre
」	semiclaudàtor baix dret	parèntesi | semiclaudàtor | semiclaudàtor baix dret
『	semiclaudàtor buit d’obertura	claudàtor | semiclaudàtor buit | semiclaudàtor buit d’obertura
』	semiclaudàtor buit de tancament	claudàtor | semiclaudàtor buit | semiclaudàtor buit de tancament
【	claudàtor de lent negre d’obertura	claudàtor | claudàtor de lent | claudàtor de lent negre d’obertura | claudàtor lenticular
】	semiclaudàtor de lent negre de tancament	claudàtor | claudàtor de lent | claudàtor lenticular | semiclaudàtor de lent negre de tancament
〔	claudàtor de tortuga d’obertura	claudàtor | claudàtor de tortuga | claudàtor de tortuga d’obertura
〕	claudàtor de tortuga de tancament	claudàtor | claudàtor de tortuga | claudàtor de tortuga de tancament
〖	claudàtor de lent buit d’obertura	claudàtor | claudàtor de lent buit | claudàtor de lent buit d’obertura | claudàtor lenticular buit
〗	claudàtor de lent buit de tancament	claudàtor | claudàtor de lent buit | claudàtor de lent buit de tancament | claudàtor lenticular buit
〰	guió ondulat	guió | ondulat | puntuació
〽	signe d’alternança	alternança | marca d’alternança de la part | part | signe | signe d’alternança
・	punt volat katakana	katakana | punt | punt alçat | punt volat | punt volat katakana
㊗	botó japonès "enhorabona"	botó "enhorabona" en japonès | botó japonès "enhorabona" | enhorabona | ideograma | japonès | kanji
㊙	botó japonès "secret"	"secret" | botó "secret" en japonès | botó japonès "secret" | ideograma | japonès | kanji
﷼	rial	divisa | moneda | rial
🅰	botó A (grup sanguini)	A | botó | botó A (grup sanguini) | grup sanguini
🅱	botó B (grup sanguini)	B | botó | botó B (grup sanguini) | grup sanguini
🅾	botó O (grup sanguini)	botó | botó O (grup sanguini) | grup sanguini | O
🅿	botó P	aparcament | botó P | lletra P | P | pàrquing
🈂	botó japonès "càrrec per servei"	botó "càrrec per servei" en japonès | botó japonès "càrrec per servei" | japonès | katakana | quadre | sa
🈷	botó japonès "import mensual"	"quantitat mensual" | botó "import mensual" en japonès | botó japonès "import mensual" | ideograma | japonès | kanji
🌡	termòmetre	temperatura | temps | termòmetre
🌤	sol darrere d’un núvol petit	núvol | núvol petit | sol | sol darrere d’un núvol petit | temps
🌥	sol darrere d’un núvol gran	núvol gran | sol | sol darrere d’un núvol gran | temps
🌦	sol darrere d’un núvol amb pluja	núvol | pluja | sol | sol darrere d’un núvol amb pluja | temps
🌧	núvol amb pluja	núvol | núvol amb pluja | pluja | temps
🌨	núvol amb neu	fred | neu | núvol | núvol amb neu | temps
🌩	núvol amb llamp	llamp | núvol | núvol amb llamp | temps
🌪	tornado	núvol | remolí | remolí de vent | temps | tornado
🌫	boira	boira | núvol | temps
🌬	vent	bufar | cara | cara de vent | núvol | vent
🌶	bitxo	bitxo | pebrot | picant | planta | xili
🍽	forquilla, ganivet i plat	cuina | forquilla | forquilla, ganivet i plat | ganivet | ganivet i plat | menjar | plat | sopar
🎖	medalla militar	celebració | condecoració | condecorar | medalla | militar | premi
🎗	llaç commemoratiu	celebració | cinta | commemorar | llaç commemoratiu
🎙	micròfon d’estudi	estudi | micròfon | micròfon d’estudi | música
🎚	control lliscant de nivell	control lliscant | control lliscant de nivell | música | nivell
🎛	botons de control	botons | botons de control | control | música
🎞	fotograma de pel·lícula	cinema | fotograma | fotograma de pel·lícula | fotogrames | pel·lícula
🎟	bitllet d’entrada	accés | admissió | bitllet | bitllet d’entrada | bitllets d’entrada | entrada
🏋	persona que aixeca pesos	aixecador | culturista | entrenament | esport | exercici | halter | halterofília | home que aixeca pesos | persona | persona que aixeca pesos | persona que practica halterofília | pes
🏌	golfista	birdie | bola | esport | golf | golfista | green | home que juga al golf | pal | persona que juga al golf | pilota | putt
🏍	motocicleta	curses | moto | motocicleta
🏎	cotxe de curses	carreres | cotxe | cotxe de curses | curses | fórmula 1
🏔	muntanya amb neu al cim	fred | muntanya | muntanya amb neu al cim | muntanya nevada | neu
🏕	acampada	acampada | campament | càmping
🏖	platja amb para-sol	para-sol | platja | platja amb para-sol
🏗	construcció d’edificis	construcció | construcció d’edificis | edificis | grua | obra
🏘	cases	casa | cases | edifici
🏙	paisatge urbà	ciutat | paisatge | urbà
🏚	casa abandonada	abandonada | casa | casa en ruïnes | ruïnes
🏛	edifici clàssic	clàssic | edifici
🏜	desert	desert | desèrtic
🏝	illa deserta	desert | deserta | illa
🏞	parc nacional	nacional | parc
🏟	estadi	estadi
🏳	bandera blanca	bandera | bandera blanca | oneig
🏵	roseta	planta | roseta
🏷	etiqueta	etiqueta
🐿	esquirol	esquirol | esquirol nord-americà
👁	ull	cos | ull
📽	projector cinematogràfic	cinema | pel·lícula | projector | projector cinematogràfic | vídeo
🕉	símbol d’om	hindú | hinduisme | om | religió | símbol d’om
🕊	colom	au | colom | ocell | ornitologia | pacifista | pau | volar
🕯	espelma	cera | espelma | flama | llum
🕰	rellotge de taula	hora | rellotge | rellotge de sobretaula | rellotge de taula | taula
🕳	forat	forat
🕴	home de negocis que levita	home | home amb vestit de negocis que levita | home de negocis que levita | levitar | negocis | vestit
🕵	detectiu	detectiu | espia | home | investigador
🕶	ulleres de sol	fosques | sol | ull | ulleres | ulleres de sol
🕷	aranya	aranya | insecte
🕸	teranyina	aranya | teranyina
🕹	palanca de control	control | joystick | palanca | palanca de control | videojoc
🖇	clips enganxats	clip | clips | enganxats
🖊	bolígraf	bolígraf
🖋	ploma estilogràfica	estilogràfica | ploma
🖌	pinzell	brotxa | pintar | pintura | pinzell
🖍	llapis de color	color | llapis | llapis de color
🖐	mà oberta	alto | dits | dits oberts | mà | mà aixecada amb els dits oberts | mà amb els dits oberts | mà oberta
🖥	ordinador d’escriptori	equip | escriptori | monitor | ordinador d’escriptori | ordinador de sobretaula | PC
🖨	impressora	impressora | ordinador
🖱	ratolí d’ordinador	ordinador | ratolí | ratolí d’ordinador
🖲	ratolí de bola	ordinador | PC | ratolí de bola
🖼	quadre emmarcat	art | marc | marc amb quadre | museu | pintura | quadre | quadre emmarcat
🗂	separadors per a organitzador de targetes	organitzador | separadors | separadors per a organitzador de targetes | targeta | targetes
🗃	arxivador de targetes	arxiu | arxivador de targetes | caixa | dossier | targeta
🗄	arxivador	armari | arxivador | dossier | moble
🗑	paperera	cubell | paperera
🗒	bloc de notes d’espiral	bloc | bloc de notes d’espiral | espiral | notes
🗓	calendari d’espiral	bloc | calendari | calendari d’espiral | espiral
🗜	serjant	cargol d’aplacar | cargol d’estrènyer | cargol de banc | compressió | eina | serjant
🗝	clau antiga	antiga | clau | pany | tancar
🗞	diari enrotllat	diari | enrotllat | notícies
🗡	daga	arma | daga | ganivet
🗣	persona que parla	cap | cap que parla | parlant | parlar | persona | persona que parla | silueta | silueta que parla
🗨	bafarada de parlar cap a l’esquerra	bafarada | bafarada de parlar cap a l’esquerra | diàleg | esquerra | parla | parlar
🗯	bafarada d’enuig cap a la dreta	bafarada | bafarada d’enuig cap a la dreta | dreta | empipada | empipat | enfadada | enfadat | furiós | furiosa | parlar
🗳	urna amb vot	papereta | urna | urna amb papereta | urna amb vot | vot | votació
🗺	mapa del món	mapa | mapa del món | món
🛋	sofà i làmpada	hotel | làmpada | llum | sofà | sofà i làmpada | sofà i llum
🛍	bosses de compres	bossa | bosses | bosses de compres | compra | equipatge | hotel
🛎	timbre del grum	grum | hotel | recepció | timbre | timbre del grum
🛏	llit	dormir | hotel | llit
🛠	martell i clau anglesa	clau anglesa | eina | martell | martell i clau anglesa
🛡	escut	arma | escut
🛢	bidó de petroli	barril | barril de petroli | bidó | bidó de petroli | petroli
🛣	autopista	autopista | autovia | carretera | via ràpida
🛤	via de tren	ferrocarril | tren | via | via de tren
🛥	llanxa de motor	llanxa | llanxa de motor | motor | vaixell
🛩	avioneta	aeroplà | avió | avioneta | vehicle | vol
🛰	satèl·lit	espacial | espai | satèl·lit | vehicle
🛳	vaixell de passatgers	passatgers | vaixell | vaixell de passatgers
