# CLDR symbol names for fa: symbol, tts name, keywords
# cldr-version	48
# source	https://unicode.org/Public/cldr/48/cldr-common-48.zip
# sha256	06c7c698d6fd8d67cefac15a0206b0109b00e0ef1636f86f84449fa959561f74
# icu-version	78.3
# unicode-version	17.0
# Generated by tools/cldr_symbol_names.py; do not edit.
!	علامت تعجب	بنگ | تعجب | علامت تعجب
#	علامت هش	پوند | شماره | علامت هش | هش | هشتگ
$	دلار	پزو | پول | دلار | دلار آمریکا
%	درصد	در صد | درصد
&	نماد «و»	امپرساند | نماد «و» | و
'	آپاستروف ماشین تحریری	آپاستروف | آپاستروف ماشین تحریری | نقل قول | نقل قول مفرد
)	پرانتز بسته	پرانتز | پرانتز بسته | کمان | کمانک | کمانک گرد | کمان‌ها
*	علامت ستاره	ستاره | علامت ستاره | نویسۀ عمومی
+	علامت بعلاوه	اضافه | جمع | علامت بعلاوه
,	کاما	، | کاما
-	خط تیره-منها	خط تیره | خط تیره-منها | خط فاصله | منها
.	نقطه	توقف کامل | دات | نقطه
/	نشان ممیز	سهم | ضربه | کج‌خط | ممیز | مورب | نشان ممیز | ویرگول
:	دونقطه	دونقطه
;	نقطه‌ویرگول	نقطه-ویرگول | نقطه‌ویرگول
<	کوچکتر از	تگ | تگ باز | کوچکتر از
=	مساوی	برابر | مساوی
>	بزرگتر از	بزرگتر از | تگ | تگ بسته
?	علامت سؤال	سؤال | علامت سؤال
@	علامت اَت	آروبا | آروباز | آمپرست | ات‌ساین | ات‌مارک | استرودل | علامت اَت
[	کروشه باز	چنگک | کروشه | کروشه باز | کمانک
\	واکج‌خط	خط مورب وارونه | ممیز | واکج‌خط
]	کروشه بسته	چنگک | کروشه | کروشه بسته | کمانک
^	کُلاهک	آکسان | توان | چنبری | خمان | شورون | کلاهک | کُلاهک | کنترل | گوه | نشانه‌رو | هشتک
_	خط زیرین	خط | خط زیرین | خط فاصله | خط فاصله پایین | خط فاصله زیرین | زیرخط
`	اکسان گراو	اکسان | تون | گراو
{	آکولاد باز	آکلاد | آکولاد | آکولاد باز | بال‌پرنده‌ای | کروشه خمیده | کمانک
|	خط عمودی	چوب | خط | خط عمودی | دسته | ضربه | ضربه شفر | لوله | میله | نوار عمودی | وی‌بار
}	آکولاد بسته	آکلاد | آکولاد | آکولاد بسته | بال‌پرنده‌ای | کروشه خمیده
~	علامت مد	علامت مد | مد
¡	علامت تعجب وارونه	بنگ | تعجب | علامت تعجب | علامت تعجب وارونه | نشان تعجب | وارونه
¢	سنت	سنت
£	پوند	ارز | پوند | پوند انگلیس | پوند مصر
¤	ارز نامشخص	
¥	ین	ارز | ین | ین ژاپن | یوان | یوان چین
§	بخش	بخش | پاراگراف | جزء | نشان بخش
¨	اوملاوت	اوملاوت | ترما | دونقطه
©	حق نسخه‌برداری	حق تکثیر | حق چاپ | حق طبع و نشر | حق نسخه‌برداری | حق نشر | کپی رایت
«	گیومه بسته	جهت‌نما | چپ | کروشه | گوشه | گیومه بسته | نشان | نقل‌قول
¬	نقیض	نقیض | نیست
®	نشان تجاری ثبت‌شده	ثبت‌شده | علامت تجاری ثبت‌شده | نشان تجاری ثبت‌شده
°	درجه	خلوص | درجه | ساعت
±	به‌اضافه-منها	بعلاوه-منها | به‌اضافه-منها
²	عدد دو بالانگاشت	بالانگاشت | بالانوشت | توان ۲ | دو | زِبَرنوشت | عدد دو بالانگاشت
³	عدد سه بالانگاشت	بالانگاشت | توان ۳ | توان سه | زِبَرنوشت | سه | عدد سه بالانگاشت
´	اکسان اگو	اکسان | اگو | تون
µ	نشان میکرو	سنجه | نشان میکرو
¶	نشان پاراگراف	پاراف | علامت پاراگراف | نشان پاراگراف | نماد پاراگراف
·	نقطه میانی	میان‌نقطه | میانی | نقطه | نقطه‌گذاری میانی
¹	یک بالانوشت	بالانگاشت | بالانوشت | زِبَرنوشت | یک
»	گیومه باز	جهت‌نما | راست | کروشه | گوشه | گیومه باز | نشان | نقل‌قول
¿	علامت سؤال وارونه	سؤال | علامت سؤال | علامت سؤال وارونه | وارونه
×	علامت ضرب	چند برابر | ضرب | ضرب کردن | علامت ضرب
÷	علامت تقسیم	بخش کردن | تقسیم | تقسیم کردن | علامت تقسیم
֏	درام ارمنستان	
؋	افغانی افغانستان	
،	کامای عربی	عربی | کاما | کامای عربی
؛	دونقطه عربی	دونقطه عربی | عربی | نقطه-ویرگول
؟	علامت سؤال فارسی	سؤال | عربی | علامت سؤال | علامت سؤال عربی | علامت سؤال فارسی
৳	تاکای بنگلادش	
฿	بات تایلند	
៛	ری‌یل کامبوج	
‐	خط پیوند	خط پیوند | خط فاصله
–	خط‌فاصله کوتاه	خط‌فاصله | کوتاه
—	خط‌فاصله بلند	بلند | خط‌فاصله
―	نرده افقی	خط | خط فاصله | نرده افقی | نوار
‘	آپاستروف چپ	آپاستروف | آپاستروف چپ | نقل قول | نقل قول مفرد | نقل قول هوشمند
’	آپاستروف راست	آپاستروف | آپاستروف راست | نقل قول | نقل قول مفرد | نقل قول هوشمند
‚	آپاستروف پایین راست	آپاستروف | آپاستروف پایین راست | نقل قول | نقل قول پایین
“	علامت نقل قول چپ	علامت نقل قول چپ | گفتاورد | گفتاورد هوشمند | نقل قول | نقل قول دوتایی
”	علامت نقل قول راست	علامت نقل قول راست | گفتاورد | گفتاورد هوشمند | نقل قول | نقل قول دوتایی
„	علامت نقل قول پایین راست	علامت نقل قول پایین راست | گفتاورد | گفتاورد پایین | گفتاورد هوشمند | نقل قول | نقل قول دوتایی
†	نشان چلیپا	تک‌ستون | چلیپا | نشان چلیپا
‡	نشان چلیپای دوگانه	تک‌ستون | چلیپا | دوگانه | نشان چلیپا | نشان چلیپای دوگانه
•	گلوله	گلوله | نقطه
…	سه‌نقطه	حذف | سه‌نقطه | نقاط
‧	نقطه خط تیره	خط تیره | خط فاصله | نقطه | نقطه خط تیره
‰	در هزار	در هزار | درهزار
′	پریم	پریم
″	دبل پریم	پریم | دبل پریم | زگوند
‴	تریپل پریم	پریم | تریپل پریم
‸	هشتک	هشتک
※	علامت مرجع	علامت مرجع
‼	علامت تعجب دوتایی	دو علامت تعجب | علامت تعجب | علامت تعجب دوتایی | علامت‌گذاری
‽	نقطه پرسشی	نقطه پرسشی
‾	رو خط	رو خط
⁂	سه ستاره	سه ستاره
⁄	خط مایل کسری	خط مایل کسری
⁉	علامت تعجب و سؤال	! | ؟! | علامت تعجب | علامت تعجب و سؤال | علامت سؤال | علامت‌گذاری
⁻	منفی زِبَرنوشت، منفی برنوشته	زِبَرنوشت، برنوشته | منفی | منفی زِبَرنوشت، منفی برنوشته
₡	کولون کاستاریکا	
₢	کروزیرو	کروزیرو
₣	فرانک فرانسه	فرانک فرانسه
₤	لیره	لیره
₥	میلیون	میلیون
₦	نایرای نیجریه	
₧	پزتای اسپانیا	
₨	روپیه	روپیه
₩	وون	وون | وون کرۀ جنوبی | وون کرۀ شمالی
₪	شِکِل جدید اسرائیل	
₫	دانگ ویتنام	
€	یورو	ارز | یورو
₭	کیپ لائوس	
₮	توگریک مغولستان	
₰	پنی آلمانی	پنی آلمانی
₱	پزو	پزو
₲	گوارانی پاراگوئه	
₳	آئوسترال	آئوسترال
₴	هریونیای اوکراین	
₵	سدی غنا	
₶	لیور تورنوا	لیور تورنوا
₷	اسپسمیلو	اسپسمیلو
₸	تنگهٔ قزاقستان	
₹	روپیه هند	ارز | روپیه | روپیه هند
₺	لیرهٔ ترکیه	
₼	منات جمهوری آذربایجان	
₽	روبل	ارز | روبل
₾	لاری گرجستان	
₿	بیت‌کوین	BTC | بیت‌کوین
℗	حق نسخه‌برداری برای ضبط صدا	حق نسخه‌برداری | حق نسخه‌برداری برای ضبط صدا | صدا | ضبط کردن
™	نماد بازرگانی	TM | تی‌ام | علامت | علامت تجاری | علامت تجاری ثبت شده | نشان تجاری | نماد بازرگانی
ℹ	اطلاعات	i | اطلاعات
←	پیکان روبه چپ	پیکان | پیکان روبه چپ | چپ
↑	پیکان روبه بالا	بالا | پیکان | پیکان روبه بالا
→	پیکان روبه راست	پیکان | پیکان روبه راست | راست
↓	پیکان روبه پایین	پایین | پیکان | پیکان روبه پایین
↔	پیکان دوطرفه	پیکان | پیکان دوطرفه
↕	پیکان بالا و پایین	پیکان | پیکان بالا و پایین
↖	پیکان بالا چپ	پیکان | پیکان بالا چپ | جهت فرعی | شمال غربی | مسیر
↗	پیکان بالا راست	پیکان | پیکان بالا راست | جهت فرعی | شمال شرقی | مسیر
↘	پیکان پایین راست	پیکان | پیکان پایین راست | جنوب شرقی | جهت فرعی | مسیر
↙	پیکان پایین چپ	پیکان | پیکان پایین چپ | جنوب غربی | جهت فرعی | مسیر
↚	پیکان به سمت چپ در کنار خط اریب	پیکان به سمت چپ در کنار خط اریب
↛	پیکان به سمت راست در کنار خط اریب	پیکان به سمت راست در کنار خط اریب
↜	پیکان موجی به سمت چپ	پیکان موجی به سمت چپ
↝	پیکان موجی به سمت راست	پیکان موجی به سمت راست
↞	پیکان دوسر به سمت چپ	پیکان دوسر به سمت چپ
↟	پیکان دوسر به سمت بالا	پیکان دوسر به سمت بالا
↠	پیکان دوسر به سمت راست	پیکان دوسر به سمت راست
↡	پیکان دوسر به سمت پایین	پیکان دوسر به سمت پایین
↢	پیکان دنباله‌دار به سمت چپ	پیکان دنباله‌دار به سمت چپ
↣	پیکان دنباله‌دار به سمت راست	پیکان دنباله‌دار به سمت راست
↤	پیکان به سمت چپ با ته میله‌ای	پیکان به سمت چپ با ته میله‌ای
↥	پیکان به سمت بالا با ته میله‌ای	پیکان به سمت بالا با ته میله‌ای
↦	پیکان به سمت راست با ته میله‌ای	پیکان به سمت راست با ته میله‌ای
↧	پیکان به سمت پایین با ته میله‌ای	پیکان به سمت پایین با ته میله‌ای
↨	پیکان به سمت بالا و پایین با پایه	پیکان به سمت بالا و پایین با پایه
↩	پیکان خمیده راست	پیکان | پیکان خمیده راست
↪	پیکان خمیده چپ	پیکان | پیکان خمیده چپ
↫	پیکان به سمت چپ با ته حلقه‌ای	پیکان به سمت چپ با ته حلقه‌ای
↬	پیکان به سمت راست با ته حلقه‌ای	پیکان به سمت راست با ته حلقه‌ای
↭	پیکان موجی به سمت چپ و راست	پیکان موجی به سمت چپ و راست
↮	پیکان به سمت چپ و راست در کنار خط اریب	پیکان به سمت چپ و راست در کنار خط اریب
↯	پیکان زیگزاگی به سمت پایین	پیکان زیگزاگی به سمت پایین
↰	پیکان رو به بالا با نوک پیچیده به سمت چپ	پیکان رو به بالا با نوک پیچیده به سمت چپ
↱	پیکان رو به بالا با نوک پیچیده به سمت راست	پیکان رو به بالا با نوک پیچیده به سمت راست
↲	پیکان رو به پایین با نوک پیچیده به سمت چپ	پیکان رو به پایین با نوک پیچیده به سمت چپ
↳	پیکان رو به پایین با نوک پیچیده به سمت راست	پیکان رو به پایین با نوک پیچیده به سمت راست
↴	پیکان رو به راست با نوک پیچیده به سمت پایین	پیکان رو به راست با نوک پیچیده به سمت پایین
↵	پیکان رو به راست با نوک پیچیده به سمت چپ	پیکان رو به راست با نوک پیچیده به سمت چپ
↶	پیکان نیم‌دایره پادساعتگرد به سمت پایین	پیکان نیم‌دایره پادساعتگرد به سمت پایین
↷	پیکان نیم‌دایره ساعتگرد به سمت پایین	پیکان نیم‌دایره ساعتگرد به سمت پایین
↸	پیکان شمال غربی به طرف میله بلند	پیکان شمال غربی به طرف میله بلند
↹	پیکان به سمت چپ روی پیکان به سمت راست	پیکان به سمت چپ با نوک چسبیده به میله روی پیکان به سمت راست با نوک چسبیده به میله | پیکان به سمت چپ روی پیکان به سمت راست
↺	پیکان دایره‌ای پادساعتگرد باز	پیکان دایره‌ای پادساعتگرد باز
↻	پیکان دایره‌ای ساعتگرد باز	پیکان دایره‌ای ساعتگرد باز
↼	نیزه با نوک قلابی شکل به سمت چپ و بالا	نیزه با نوک قلابی | نیزه با نوک قلابی شکل به سمت چپ و بالا | نیزه قلابی شکل به سمت چپ و بالا
↽	نیزه با نوک قلابی شکل به سمت چپ و پایین	نیزه با نوک قلابی شکل به سمت چپ و پایین | نیزه به سمت چپ با نوک قلابی شکل به طرف پایین
↾	نیزه با نوک قلابی شکل به سمت بالا و راست	نیزه با نوک قلابی شکل به سمت بالا و راست | نیزه به سمت بالا با نوک قلابی شکل به طرف راست
↿	نیزه با نوک قلابی شکل به سمت بالا و چپ	نیزه با نوک قلابی شکل به سمت بالا و چپ | نیزه به سمت بالا با نوک قلابی شکل به طرف چپ
⇀	نیزه با نوک قلابی شکل به سمت راست و بالا	نیزه با نوک قلابی شکل به سمت راست و بالا | نیزه به سمت راست با نوک قلابی شکل به طرف بالا
⇁	نیزه با نوک قلابی شکل به سمت راست و پایین	نیزه با نوک قلابی شکل به سمت راست و پایین | نیزه به سمت راست با نوک قلابی شکل به طرف پایین
⇂	نیزه با نوک قلابی شکل به سمت پایین و راست	نیزه با نوک قلابی شکل به سمت پایین و راست | نیزه به سمت پایین با نوک قلابی شکل به طرف راست
⇃	نیزه با نوک قلابی شکل به سمت پایین و چپ	نیزه با نوک قلابی شکل به سمت پایین و چپ | نیزه به سمت پایین با نوک قلابی شکل به طرف چپ
⇄	پیکان به سمت راست روی پیکان به سمت چپ	پیکان به سمت راست روی پیکان به سمت چپ
⇅	پیکان‌های روبه بالا و روبه پایین	بالا | پایین | پیکان | پیکان‌های روبه بالا و روبه پایین
⇆	پیکان روبه چپ روی پیکان روبه راست	پیکان | پیکان روبه چپ روی پیکان روبه راست | چپ | راست
⇇	پیکان‌های جفتی به سمت چپ	پیکان‌های جفتی به سمت چپ
⇈	پیکان‌های جفتی به سمت بالا	پیکان‌های جفتی به سمت بالا
⇉	پیکان‌های جفتی به سمت راست	پیکان‌های جفتی به سمت راست
⇊	پیکان‌های جفتی به سمت پایین	پیکان‌های جفتی به سمت پایین
⇋	نیزه به سمت چپ روی نیزه به سمت راست	نیزه به سمت چپ روی نیزه به سمت راست
⇌	نیزه به سمت راست روی نیزه به سمت چپ	نیزه به سمت راست روی نیزه به سمت چپ
⇍	پیکان دوتایی به سمت چپ با خط اریب	پیکان دوتایی به سمت چپ با خط اریب
⇎	پیکان دوتایی به سمت چپ و راست با خط اریب	پیکان دوتایی به سمت چپ و راست با خط اریب
⇏	پیکان دوتایی به سمت راست با خط اریب	پیکان دوتایی به سمت راست با خط اریب
⇐	پیکان دوتایی به سمت چپ	پیکان دوتایی به سمت چپ
⇑	پیکان دوتایی به سمت بالا	پیکان دوتایی به سمت بالا
⇒	پیکان دوتایی به سمت راست	پیکان دوتایی به سمت راست
⇓	پیکان دوتایی به سمت پایین	پیکان دوتایی به سمت پایین
⇔	پیکان دوتایی به سمت چپ و راست	پیکان دوتایی به سمت چپ و راست
⇖	پیکان دوتایی شمال غربی	پیکان دوتایی شمال غربی
⇗	پیکان دوتایی شمال شرقی	پیکان دوتایی شمال شرقی
⇘	پیکان دوتایی جنوب شرقی	پیکان دوتایی جنوب شرقی
⇙	پیکان دوتایی جنوب غربی	پیکان دوتایی جنوب غربی
⇚	پیکان سه‌تایی به سمت چپ	پیکان سه‌تایی به سمت چپ
⇛	پیکان سه‌تایی به سمت راست	پیکان سه‌تایی به سمت راست
⇜	پیکان به سمت چپ با خط مارپیچ	پیکان به سمت چپ با خط مارپیچ
⇝	پیکان به سمت راست با خط مارپیچ	پیکان به سمت راست با خط مارپیچ
⇞	پیکان به سمت بالا با دو خط قاطع	پیکان به سمت بالا با دو خط قاطع
⇟	پیکان به سمت پایین با دو خط قاطع	پیکان به سمت پایین با دو خط قاطع
⇠	پیکان به سمت چپ با خط فاصله	پیکان به سمت چپ با خط فاصله
⇡	پیکان به سمت بالا با خط فاصله	پیکان به سمت بالا با خط فاصله
⇢	پیکان به سمت راست با خط فاصله	پیکان به سمت راست با خط فاصله
⇣	پیکان به سمت پایین با خط فاصله	پیکان به سمت پایین با خط فاصله
⇤	پیکان به سمت چپ با نوک چسبیده به میله	پیکان به سمت چپ با نوک چسبیده به میله
⇥	پیکان به سمت راست با نوک چسبیده به میله	پیکان به سمت راست با نوک چسبیده به میله
⇦	پیکان توخالی به سمت چپ	پیکان توخالی به سمت چپ
⇧	پیکان توخالی به سمت بالا	پیکان توخالی به سمت بالا
⇨	پیکان توخالی به سمت راست	پیکان توخالی به سمت راست
⇩	پیکان توخالی به سمت پایین	پیکان توخالی به سمت پایین
⇪	پیکان توخالی به سمت بالا از روی میله	پیکان توخالی به سمت بالا از روی میله
⇵	پیکان پایین‌رو در چپ پیکان بالارو	پیکان به سمت پایین در طرف چپ پیکان به سمت بالا | پیکان پایین‌رو در چپ پیکان بالارو
∀	برای همه	برای همه
∂	دیفرانسیل با مشتقات جزئی	دیفرانسیل با مشتقات جزئی
∃	وجود دارد	وجود دارد
∅	مجموعه تهی	مجموعه تهی
∆	افزایش	افزایش | مثلث
∇	عملگر دل، نابلا	عملگر دل، نابلا | مثلث
∈	عنصرِ	شامل | عضویت | عنصر | عنصرِ | مجموعه
∉	عضو نیست	عضو نیست
∋	شامل عضو	شامل عضو
∎	انتهای برهان	انتهای برهان
∏	حاصل Nتایی	حاصل Nتایی
∑	حاصل جمع Nتایی	حاصل جمع Nتایی
−	علامت منها	تفریق | علامت منها | منها
∓	به‌اضافه یا منهای	به‌اضافه یا منهای
∕	خط مایل تقسیم	خط مایل تقسیم
∗	عملگر ستاره	عملگر ستاره
∘	عملگر حلقه	عملگر حلقه
∙	عملگر گلوله	عملگر گلوله
√	جذر، ریشه دوم	جذر، ریشه دوم | رادیکال | ریشه | مجذور
∝	تناسبی	تناسبی
∞	علامت بینهایت، علامت نامتناهی	بینهایت، نامتناهی | علامت بینهایت، علامت نامتناهی
∟	زاویه راست	زاویه راست
∠	زاویه	زاویه
∣	تقسیم می‌کند	تقسیم می‌کند
∥	موازی	موازی
∧	و منطقی	و منطقی
∩	اشتراک	اشتراک | فصل مشترک | مجموعه
∪	اجتماع	اتحاد | اجتماع | مجموعه
∫	انتگرال	انتگرال
∬	انتگرال دوگانه	انتگرال دوگانه
∮	انتگرال‌گیری کانتور	انتگرال‌گیری کانتور
∴	بنابراین	بنابراین
∵	چون که	چون که
∶	نسبت	نسبت
∷	تناسب	تناسب
∼	عملگر مد	عملگر مد
∽	مد برعکس	مد برعکس
∾	اس معکوس خوابیده	اس معکوس خوابیده
≃	برابر مجانبی	برابر مجانبی
≅	تقریباً برابر	تقریباً برابر
≈	تقریباً مساوی	تقریب | تقریباً مساوی | تقریبی
≌	همه برابر	همه برابر
≒	تقریباً برابر تصویر	تقریباً برابر تصویر
≖	حلقه داخل مساوی	حلقه داخل مساوی
≠	نامساوی	نابرابر | نابرابری | نامساوی
≡	معادل	سه‌خط | معادل | معادل با | همسان
≣	اکیداً معادل	اکیداً معادل
≤	کوچکتر یا مساوی	کوچکتر از | کوچکتر یا مساوی | مساوی | مساوی باشد | نابرابری
≥	بزرگتر یا مساوی	بزرگتر از | بزرگتر یا مساوی | مساوی | مساوی باشد | نابرابری
≦	علامت کوچکتر از روی مساوی	علامت کوچکتر از روی مساوی
≧	علامت بزرگتر از روی مساوی	علامت بزرگتر از روی مساوی
≪	خیلی کوچکتر از	خیلی کوچکتر از
≫	خیلی بزرگتر از	خیلی بزرگتر از
≬	بین	بین
≮	کمتر نباشد از	کمتر نباشد از
≯	بزرگتر نباشد از	بزرگتر نباشد از
≳	معادل بزرگتر از	معادل بزرگتر از
≺	مقدم است بر	مقدم است بر
≻	می‌آید به دنبال	می‌آید به دنبال
⊁	نمی‌آید به دنبال	نمی‌آید به دنبال
⊂	زیرمجموعهٔ	زیرمجموعه | زیرمجموعهٔ | مجموعه
⊃	فوق مجموعه	فوق مجموعه
⊆	مساوی زیرمجموعه	مساوی زیرمجموعه
⊇	مساوی فوق مجموعه	مساوی فوق مجموعه
⊕	علامت به‌اضافه داخل دایره	علامت به‌اضافه داخل دایره
⊖	علامت منها داخل دایره	علامت منها داخل دایره
⊗	علامت ضربدر داخل دایره	علامت ضربدر داخل دایره
⊘	خط مایل تقسیم داخل دایره	خط مایل تقسیم داخل دایره
⊙	عملگر نقطه داخل دایره	عملگر نقطه داخل دایره
⊚	عملگر حلقه داخل دایره	عملگر حلقه داخل دایره
⊛	عملگر ستاره داخل دایره	عملگر ستاره داخل دایره
⊞	علامت به‌اضافه داخل مربع	علامت به‌اضافه داخل مربع
⊟	علامت منهای داخل مربع	علامت منهای داخل مربع
⊥	گزاره منطقی	گزاره منطقی
⊮	بدون اجبار	بدون اجبار
⊰	مقدم است بر رابطه	مقدم است بر رابطه
⊱	می‌آید به دنبال رابطه	می‌آید به دنبال رابطه
⊶	اصلی	اصلی
⊹	ماتریس هرمیتی مزدوج	ماتریس هرمیتی مزدوج
⊿	مثلث قائم‌الزاویه	مثلث قائم‌الزاویه
⋁	تابع nتایی منطقی یا	تابع nتایی منطقی یا
⋂	اشتراک Nتایی	اشتراک Nتایی
⋃	اجتماع Nتایی	اجتماع Nتایی
⋅	عملگر نقطه	عملگر نقطه
⋆	عملگر ستاره‌ای	عملگر ستاره‌ای
⋈	پیوند طبیعی	پیوند طبیعی
⋒	اشتراک دوجانبه	اشتراک دوجانبه
⋘	بسیار کوچکتر از	بسیار کوچکتر از
⋙	بسیار بزرگتر از	بسیار بزرگتر از
⋭	بدون تساوی زیرگروه نرمال	بدون تساوی زیرگروه نرمال
⋮	سه‌نقطه عمودی	سه‌نقطه عمودی
⋯	سه‌نقطه افقی وسط	سه‌نقطه افقی وسط
⋰	سه‌نقطه اریب از بالا راست به پایین چپ	سه‌نقطه اریب از بالا راست به پایین چپ
⋱	سه‌نقطه اریب از بالا چپ به پایین راست	سه‌نقطه اریب از بالا چپ به پایین راست
⌨	صفحه‌کلید	رایانه | صفحه‌کلید
⏏	دکمهٔ خروج	خروج | دکمهٔ خروج
⏭	دکمهٔ آهنگ بعدی	آهنگ بعدی | بعدی | پیکان | دکمهٔ آهنگ بعدی | صحنه بعدی | مثلث
⏮	دکمهٔ آهنگ قبلی	آهنگ قبلی | پیکان | دکمهٔ آهنگ قبلی | صحنه قبلی | مثلث
⏯	دکمهٔ پخش یا مکث	پخش | پخش یا مکث | پیکان | دکمهٔ پخش یا مکث | راست | مثلث | مکث
⏱	کرنومتر	زمان‌سنج | ساعت | ساعت وقت‌نگه‌دار | کرنومتر
⏲	تایمر	تایمر | زمان‌سنج | ساعت
⏸	دکمهٔ مکث	دکمه مکث | دکمهٔ مکث | دوتایی | عمودی | مکث | نوار
⏹	دکمهٔ توقف	توقف | دکمه توقف | دکمهٔ توقف | مربع
⏺	دکمهٔ ضبط	دایره | دکمه ضبط | دکمهٔ ضبط | ضبط
Ⓜ	حرف ام در دایره	m | ام | حرف M در دایره | حرف ام در دایره | حلقه | دایره
■	مربع توپر	مربع توپر
□	مربع توخالی	مربع توخالی
▢	مربع توخالی با گوشه‌های گرد	مربع توخالی با گوشه‌های گرد
▣	مربع توخالی حاوی مربع توپر	مربع توخالی حاوی مربع توپر
▤	مربع توپر با راه‌راه افقی	مربع توپر با راه‌راه افقی
▥	مربع توپر با راه‌راه عمودی	مربع توپر با راه‌راه عمودی
▦	مربع توپر با هاشور عمود بر هم	مربع توپر با هاشور عمود بر هم
▧	مربع توپر با هاشور اریب چپ به راست	مربع توپر با هاشور اریب چپ به راست
▨	مربع توپر با هاشور اریب راست به چپ	مربع توپر با هاشور اریب راست به چپ
▩	مربع با هاشور اریب متقاطع	مربع با هاشور اریب متقاطع
▪	مربع مشکی کوچک	شکل هندسی | مربع | مربع مشکی کوچک
▫	مربع سفید کوچک	شکل هندسی | مربع | مربع سفید کوچک
▬	مستطیل توپر	مستطیل توپر
▭	مستطیل توخالی	مستطیل توخالی
▮	مستطیل توپر عمودی	مستطیل توپر عمودی
▰	متوازی‌الاضلاع توپر	متوازی‌الاضلاع توپر
▲	مثلث روبه‌بالای توپُر	بالا | پیکان | توپُر | مثلث روبه‌بالای توپُر
△	مثلث توخالی با رأس به سمت بالا	مثلث توخالی با رأس به سمت بالا
▴	مثلث توپر کوچک با رأس رو به بالا	مثلث توپر کوچک با رأس رو به بالا
▵	مثلث توخالی کوچک با رأس رو به بالا	مثلث توخالی کوچک با رأس رو به بالا
▶	دکمهٔ پخش	پخش | پیکان | دکمه پخش | دکمهٔ پخش | راست | مثلث
▷	مثلث توخالی با رأس به سمت راست	مثلث توخالی با رأس به سمت راست
▸	مثلث توپر کوچک با رأس به سمت راست	مثلث توپر کوچک با رأس به سمت راست
▹	مثلث توخالی کوچک با رأس به سمت راست	مثلث توخالی کوچک با رأس به سمت راست
►	مثلث توپر با رأس به سمت راست	مثلث توپر با رأس به سمت راست
▻	مثلث توخالی کشیده با رأس به سمت راست	مثلث توخالی کشیده با رأس به سمت راست
▼	مثلث روبه‌پایین توپُر	پایین | پیکان | توپُر | مثلث | مثلث روبه‌پایین توپُر
▽	مثلث توخالی با رأس به سمت پایین	مثلث توخالی با رأس به سمت پایین
▾	مثلث کوچک توپر با رأس به سمت پایین	مثلث کوچک توپر با رأس به سمت پایین
▿	مثلث کوچک توخالی با رأس به سمت پایین	مثلث کوچک توخالی با رأس به سمت پایین
◀	دکمهٔ برگرداندن	برگرداندن | پیکان | چپ | دکمه برگرداندن | دکمهٔ برگرداندن | قبل | مثلث
◁	مثلث توخالی با رأس به سمت چپ	مثلث توخالی با رأس به سمت چپ
◂	مثلث کوچک توپر با رأس به سمت چپ	مثلث کوچک توپر با رأس به سمت چپ
◃	مثلث کوچک توخالی با رأس به سمت چپ	مثلث کوچک توخالی با رأس به سمت چپ
◄	مثلث توپر با رأس به سمت چپ	مثلث توپر با رأس به سمت چپ
◅	مثلث کشیده توخالی با رأس به سمت چپ	مثلث کشیده توخالی با رأس به سمت چپ
◆	لوزی توپر	لوزی توپر
◇	لوزی توخالی	لوزی توخالی
◈	لوزی توپر در لوزی توخالی	لوزی توپر در لوزی توخالی
◉	دایره توپر در دایره توخالی	دایره توپر در دایره توخالی
◊	لوزی	خشت | لوزی | متوازی‌الاضلاع
○	دایره توخالی	حلقه | دایره | دایره توخالی
◌	دایره نقطه‌چین	دایره نقطه‌چین
◍	دایره توپر عمودی	دایره توپر عمودی
◎	دوایر هم‌مرکز	دوایر هم‌مرکز
●	دایره توپُر	دایره | دایره توپُر
◐	دایره با نیمه چپ پر	دایره با نیمه چپ پر
◑	دایره با نیمه راست پر	دایره با نیمه راست پر
◒	دایره با نیمه پایین پر	دایره با نیمه پایین پر
◓	دایره با نیمه بالا پر	دایره با نیمه بالا پر
◔	دایره با یک‌چهارم بالا سمت راست پر	دایره با یک‌چهارم بالا سمت راست پر
◕	دایره توپر با یک‌چهارم بالا سمت چپ خالی	دایره توپر با یک‌چهارم بالا سمت چپ خالی
◖	نیم‌دایره سمت چپ توپر	نیم‌دایره سمت چپ توپر
◗	نیم‌دایره سمت راست توپر	نیم‌دایره سمت راست توپر
◘	بولت توخالی در مربع توپر	بولت توخالی در مربع توپر
◙	دایره توخالی در مربع توپر	دایره توخالی در مربع توپر
◜	قوس یک‌چهارم سمت چپ بالای دایره	قوس یک‌چهارم سمت چپ بالای دایره
◝	قوس یک‌چهارم سمت راست بالای دایره	قوس یک‌چهارم سمت راست بالای دایره
◞	قوس یک‌چهارم سمت راست پایین دایره	قوس یک‌چهارم سمت راست پایین دایره
◟	قوس یک‌چهارم سمت چپ پایین دایره	قوس یک‌چهارم سمت چپ پایین دایره
◠	قوس بالای دایره	قوس بالای دایره
◡	قوس پایین دایره	قوس پایین دایره
◢	مثلث توپر با زاویه قائمه در پایین سمت راست	مثلث توپر با زاویه قائمه در پایین سمت راست
◣	مثلث توپر با زاویه قائمه در پایین سمت چپ	مثلث توپر با زاویه قائمه در پایین سمت چپ
◤	مثلث توپر با زاویه قائمه در بالا سمت چپ	مثلث توپر با زاویه قائمه در بالا سمت چپ
◥	مثلث توپر با زاویه قائمه در بالا سمت راست	مثلث توپر با زاویه قائمه در بالا سمت راست
◦	بولت توخالی	بولت توخالی
◯	دایره توخالی بزرگ	حلقه | دایره | دایره توخالی بزرگ
◳	مربع توخالی با یک‌چهارم بالا سمت راست	مربع توخالی با یک‌چهارم بالا سمت راست
◷	دایره توخالی با یک‌چهارم بالا سمت راست	دایره توخالی با یک‌چهارم بالا سمت راست
◻	مربع سفید متوسط	شکل هندسی | مربع | مربع سفید متوسط
◼	مربع مشکی متوسط	شکل هندسی | مربع | مربع مشکی متوسط
◿	مثلث در پایین سمت راست	مثلث در پایین سمت راست
☀	خورشید	آب‌وهوا | آفتابی | اشعه | پرنور | خورشید | خورشیدی | روشن | فضا
☁	ابر	آب‌وهوا | ابر
☂	چتر	آب‌وهوا | باران | پوشاک | چتر
☃	آدم برفی	آب‌وهوا | آدم برفی | آدم برفی با برف | برف | سرما
☄	ستاره دنباله‌دار	ستاره دنباله‌دار | فضا
☎	تلفن	تلفن | تلفن زدن | تلفن کردن | دورگو | گوشی
☑	مربع با علامت تیک	علامت تأیید | علامت تیک | علامت تیک خاکستری | مربع انتخاب با تیک | مربع با علامت تیک
☘	برگ شبدر	برگ شبدر | گیاه
☝	اشاره به بالا	اشاره | اشاره به بالا | انگشت | بالا | بدن | دست
☠	جمجمه و استخوان صلیبی	استخوان | استخوان صلیبی | جمجمه | جمجمه و استخوان صلیبی | خطر | صورت | علامت | مرگ | هیولا
☢	رادیواکتیو	اشعه | رادیواکتیو
☣	خطر زیستی	خطر زیستی | نماد خطر | نماد خطر زیستی
☦	صلیب ارتدوکسی	صلیب | صلیب ارتدوکسی | مذهب | مسیحیت
☪	هلال و ستاره	اسلام | مذهب | مسلمان | هلال و ستاره
☮	نماد صلح	صلح | نماد صلح
☯	یین و ینگ	تائو | مذهب | یانگ | یین | یین و ینگ
☸	چرخ دارما	بودائی | چرخ | دارما | مذهب
☹	اخمو	اخم | اخمو | صورت | غمگین
☺	لبخند	آرام | بسته | چشم | صورت | لبخند
♀	نشان ناهید	نشان ناهید | نماد جنس ماده | نماد زن | نماد ونوس
♂	نشان مریخ	نشان مریخ | نماد جنس نر | نماد مارس | نماد مرد
♟	پیاده شطرنج	پیاده شطرنج | شطرنج | فداکردنی | فریب‌خورده
♠	خال پیک	بازی | پیک | خال | کارت
♣	خال گشنیز	بازی | خال | کارت | گشنیز
♥	خال دل	بازی | خال | دل | کارت
♦	خال خشت	بازی | خال | خشت | کارت
♨	چشمهٔ آب گرم	بخار | چشمه | چشمه آب گرم | چشمهٔ آب گرم | داغ | گرم
♪	نت هشتم	موسیقی | نت | نت هشتم | هشته
♭	بمل	بمل | بِمُل | موسیقی | نت
♯	دیز	دایسیس | دیز | دِیز | موسیقی | نت
♻	نماد بازیافت	بازیافت | نماد بازیافت
♾	بی‌نهایت	برای همیشه | بی‌حدوحصر | بی‌نهایت | کلی
⚒	چکش و کلنگ	ابزار | چکش | چکش و کلنگ | کلنگ
⚔	شمشیرهای ضرب‌دری	اسلحه | شمشیر | شمشیرهای ضرب‌دری | صلیب | متقاطع
⚕	نماد پزشکی	چوبدست اسقلبیوس | عصای آسکِلِپیوس | مار و عصا | نماد پزشکی | نماد مار و عصا
⚖	ترازو	آزادی | ابزار | برج فلکی | برج میزان | ترازو | زودیاک | عدالت | معیار | وزن
⚗	انبیق	ابزار | انبیق | بالن | پاکشگر | شیمی | صافی | کیمیاگری
⚙	چرخ‌دنده	ابزار | چرخ‌دنده
⚛	نماد اتم	اتم | بی‌دین | نماد اتم
⚜	نماد گل زنبق	شوالیه | فلور دِ لی | فلور-د-لی | نماد گل زنبق
⚠	هشدار	اخطار | اعلام خطر | اعلام خطر کردن | تذکر | هشدار
⚧	علامت تراجنسیتی	تراجنسیتی | علامت تراجنسیتی
⚰	تابوت	تابوت | مرگ
⚱	خاکستردان	خاکستر | خاکستردان | سوزاندن | مرگ
⛈	ابر با رعدوبرق و باران	آب‌وهوا | ابر | ابر با رعدوبرق | ابر با رعدوبرق و باران | باران | رعدوبرق
⛏	کلنگ	ابزار | کلنگ
⛑	کلاه صلیب سرخ	ایمنی | صلیب | صورت | کلاه | کلاه صلیب سرخ
⛓	غل و زنجیر	زنجیر | زنجیرها | غل | غل و زنجیر | قیدوبند
⛩	معبد شینتو	شینتو | مذهب | معبد
⛰	کوه	کوه | کوهستان
⛱	چتر روی زمین	آب‌وهوا | باران | چتر | چتر روی زمین | خورشید
⛴	فرابر	سرنشین | فرابر | قایق | مسافر
⛷	اسکی‌سوار	اسکی | اسکی‌سوار | برف | ورزش
⛸	اسکی روی یخ	اسکی | اسکی روی یخ | پاتیناژ | یخ
⛹	شخص با توپ	آدم | بازیکن | بدن | بسکتبال | پرتاب آزاد | توپ | دریبل | شخص با توپ | قهرمان | مرد | ورزش
✂	قیچی	ابزار | ابزار بریدن | قیچی
✈	هواپیما	پرواز، جت، سفر، مسافرت | طیاره | هواپیما | وسیلهٔ نقلیه
✉	پاکت نامه	ایمیل | پاکت نامه | نامه
✌	علامت پیروزی	بدن | پیروزی | دست | علامت پیروزی | وی
✍	نوشتن با دست	دست | نوشتن | نوشتن با دست
✏	مداد	با مداد نوشتن | مداد | مداد رنگی
✒	قلم مشکی	قلم | قلم مشکی | نوک
✔	علامت تیک	علامت تأیید | علامت تیک | علامت تیک مشکی
✖	ضرب کردن	× | x | ایکس مشکی | ضرب | ضرب کردن | علامت | لغو
✝	صلیب	صلیب | مذهب | مسیحیت
✡	ستارهٔ داود	داود | ستاره | ستارهٔ داود | مذهب | یهود | یهودی
✳	ستاره هشت‌پره	ستاره | ستاره هشت پر | ستاره هشت‌پره | نشان ستاره هشت‌پر
✴	ستاره هشت‌پر	ستاره | ستاره هشت‌پر
❄	برف‌دانه	آب‌وهوا | برف | برف‌دانه | بلور برف | سرما
❇	جرقه	برق | تلألو | جرقه | جرقه زدن | درخشش
❣	علامت تعجب قلبی	سجاوندی | علامت | علامت تعجب | علامت تعجب قلبی | قلب | نشانه‌گذاری
❤	قلب قرمز	قلب | قلب قرمز
➡	پیکان راست	پیکان | پیکان راست | جهت اصلی | شرق | مسیر
⤴	پیکان خمیده بالا راست	پیکان | پیکان خمیده بالا راست
⤵	پیکان خمیده پایین راست	پایین | پیکان | پیکان خمیده پایین راست
⨧	بعلاوه با اندیس 2	بعلاوه با اندیس 2
⨯	علامت ضربدر	علامت ضربدر
⨼	حاصلضرب درونی	حاصلضرب درونی
⩣	وی با دو زیرخط	وی با دو زیرخط
⩽	کوچکتر مساوی	کوچکتر مساوی
⪍	علامت کوچکتر روی تقریباً مساوی	علامت کوچکتر روی تقریباً مساوی
⪚	بزرگتر مساوی	بزرگتر مساوی
⪺	علامت می‌آید به دنبال روی نامساوی تقریبی	علامت می‌آید به دنبال روی نامساوی تقریبی
⬅	پیکان چپ	پیکان | پیکان چپ | جهت اصلی | غرب | مسیر
⬆	پیکان بالا	پیکان | پیکان بالا | جهت اصلی | شمال | مسیر
⬇	پیکان پایین	پایین | پیکان | جنوب | جهت اصلی | مسیر
、	کامای اندیشه‌نگاری	اندیشه‌نگاری | کاما | کامای اندیشه‌نگاری
。	نقطه اندیشه‌نگاشت	اندیشه‌نگاشت | توقف کامل | نقطه
〈	پرانتز شکسته باز	پرانتز شکسته | پرانتز شکسته باز | شورون | کمانک | کمانک گوشه‌دار | کمانک نوک‌تیز | کنج‌دار
〉	پرانتز شکسته بسته	پرانتز شکسته | پرانتز شکسته بسته | شورون | کمانک | کمانک نوک‌تیز | کمانک‌های گوشه‌دار | کنج‌دار
《	پرانتز شکسته دوتایی باز	پرانتز شکسته دوتایی | پرانتز شکسته دوتایی باز | کمانک
》	پرانتز شکسته دوتایی بسته	پرانتز شکسته دوتایی | پرانتز شکسته دوتایی بسته | کمانک
「	کمانک گوشه‌دار باز	کمانک | کمانک گوشه‌دار | کمانک گوشه‌دار باز
」	کمانک گوشه‌دار بسته	کمانک | کمانک گوشه‌دار | کمانک گوشه‌دار بسته
『	کمانک گوشه‌دار توخالی باز	کمانک | کمانک گوشه‌دار توخالی | کمانک گوشه‌دار توخالی باز
』	کمانک گوشه‌دار توخالی بسته	کمانک | کمانک گوشه‌دار توخالی | کمانک گوشه‌دار توخالی بسته
【	کمانک لنزی توپر باز	کمانک | کمانک عدسی | کمانک لنزی | کمانک لنزی توپر باز
】	کمانک لنزی توپر بسته	کمانک | کمانک عدسی | کمانک لنزی | کمانک لنزی توپر بسته
〔	کمانک لاک‌پشتی باز	کمان لاک‌پشتی | کمانک | کمانک لاک‌پشتی | کمانک لاک‌پشتی باز
〕	کمانک لاک‌پشتی بسته	کمان لاک‌پشتی | کمانک | کمانک لاک‌پشتی | کمانک لاک‌پشتی بسته
〖	کمانک لنزی توخالی باز	کمانک | کمانک عدسی توخالی | کمانک لنزی توخالی | کمانک لنزی توخالی باز
〗	کمانک لنزی توخالی بسته	کمانک | کمانک عدسی توخالی | کمانک لنزی توخالی | کمانک لنزی توخالی بسته
〰	خط موج‌دار	خط | علامت‌گذاری | موج‌دار
〽	علامت تناوب بخش	بخش | علامت | علامت تناوب بخش
・	نقطه میانی کاتاکانا	کاتاکانا | نقطه | نقطه میانی | نقطه میانی کاتاکانا | نقطه‌گذاری میانی
㊗	دکمهٔ «تبریک» به ژاپنی	تبریک | تبریک به ژاپنی | دکمهٔ «تبریک» به ژاپنی | ژاپنی | شادباش
㊙	دکمهٔ «راز» به ژاپنی	دکمهٔ «راز» به ژاپنی | راز | راز به ژاپنی | ژاپنی
﷼	ریال	ریال
🅰	دکمه آ (گروه خونی)	a | آ | دکمه A | دکمه آ (گروه خونی) | گروه خونی
🅱	دکمه ب (گروه خونی)	b | ب | دکمه B | دکمه ب (گروه خونی) | گروه خونی
🅾	دکمه اُ (گروه خونی)	o | اُ | دکمه O | دکمه اُ (گروه خونی) | گروه خونی
🅿	دکمه پی	p | پارکینگ | دکمه پی
🈂	دکمهٔ «هزینهٔ خدمات» به ژاپنی	دکمهٔ «هزینهٔ خدمات» به ژاپنی | رایگان | ژاپنی | هزینه خدمات
🈷	دکمهٔ «مقدار ماهانه» به ژاپنی	دکمهٔ «مقدار ماهانه» به ژاپنی | ژاپنی | ماه
🌡	دماسنج	آب‌وهوا | دما | دماسنج | هوا
🌤	خورشید پشت ابر کوچک	آب‌وهوا | ابر | خورشید | خورشید پشت ابر کوچک
🌥	خورشید پشت ابر بزرگ	آب‌وهوا | ابر | خورشید | خورشید پشت ابر بزرگ
🌦	خورشید پشت ابر بارانی	آب‌وهوا | ابر | باران | خورشید | خورشید پشت ابر بارانی
🌧	ابر بارانی	آب‌وهوا | ابر | ابر بارانی | باران
🌨	ابر برفی	آب‌وهوا | ابر | ابر برفی | برف | سرما
🌩	ابر با برق	آب‌وهوا | ابر | ابر با برق | رعدوبرق
🌪	گردباد	آب‌وهوا | ابر | تورنادو | چرخ‌باد | گردباد
🌫	مه	آب‌وهوا | ابر | مه
🌬	صورت باد	آب‌وهوا | ابر | باد | صورت | وزیدن
🌶	فلفل قرمز	تند | داغ | فلفل | فلفل سرخ | فلفل قرمز | گیاه
🍽	بشقاب و کارد و چنگال	آشپزی | بشقاب | بشقاب و کارد و چنگال | چنگال | کارد
🎖	مدال ارتشی	جشن | مدال | مدال ارتشی | نظامی
🎗	روبان یادآوری	جشن | روبان | یادآوری
🎙	میکروفون استودیویی	استودیو | موسیقی | میکروفن | میکروفن استودیویی | میکروفون | میکروفون استودیویی
🎚	درجهٔ تنظیم‌کننده	درجهٔ تنظیم‌کننده | لغزنده | موسیقی | میزان
🎛	دسته‌های کنترل	دسته | دسته‌های کنترل | کنترل | موسیقی
🎞	حلقهٔ فیلم	حلقه فیلم | حلقهٔ فیلم | سینما | فریم | فیلم
🎟	بلیت ورود	بلیت | بلیط | ورود | ورودی | ورودیه
🏋	وزنه‌بردار	آدم | بدنساز | بلند کردن | پاورلیفتینگ | دمبل | مرد | مرد وزنه بردار | نیرومند | ورزشکار | وزنه | وزنه برداری | وزنه‌بردار
🏌	گلف‌باز	آدم | بازیکن گلف | پرتاب | توپ | گلف | گلف باز | گلف‌باز | مرد | مرد گلف باز | ورزش | ورزشکار
🏍	موتورسیکلت	مسابقه | موتورسیکلت
🏎	ماشین مسابقه	خودرو | ماشین مسابقه | مسابقه
🏔	قلهٔ برفی	برف | سرد | قله برفی | قلهٔ برفی | کوه
🏕	چادرزنی	اردو | چادر زدن | چادرزنی | کمپینگ
🏖	ساحل و سایبان	چتر | ساحل | ساحل و سایبان | سایه‌بان
🏗	ساخت‌وساز ساختمانی	احداث | بنا | ساختمان | ساخت‌وساز | ساخت‌وساز ساختمانی | محل ساخت‌وساز
🏘	منازل	چند خانه | خانه | ‌خانه‌ها | ساختمان | ساختمان‌ها | منازل
🏙	نمای شهر	آسمانخراش | برج | ساختمان | شهر | شهری | منظره | نما | نمای شهر
🏚	خانهٔ متروکه	خانه | خانهٔ متروکه | ساختمان | متروک
🏛	ساختمان باستانی	ساختمان | ساختمان باستانی | قدیمی | کلاسیک
🏜	بیابان	بیابان | کویر
🏝	جزیرهٔ خالی از سکنه	بدون سکنه | جزیره | جزیرهٔ خالی از سکنه | خشکی | متروکه
🏞	پارک ملی	پارک | پارک ملی
🏟	ورزشگاه	استادیوم | ورزشگاه
🏳	پرچم سفید	اهتزاز | پرچم | پرچم در اهتزاز | پرچم سفید در اهتزاز | دراهتزاز | سفید
🏵	گل رزت	گل | گل رزت | گیاه
🏷	برچسب	اتیکت | اتیکت زدن | برچسب | برچسب زدن | علامت
🐿	سنجاب راه‌راه	جانور | حیوان | سنجاب | سنجاب بلوچی | سنجاب راه‌راه | سنجاب راه‌راه بلوچی
👁	چشم	بدن | چشم
📽	پروژکتور	پروژکتور | سینما | فیلم | ویدیو
🕉	اُم	اُم | مذهب | هندو
🕊	کبوتر	پرنده | پریدن | صلح | کبوتر
🕯	شمع	رمانتیک | شعله | شمع | نور
🕰	ساعت طاقچه‌ای	ساعت | ساعت طاقچه‌ای
🕳	چاله	چاله | سوراخ
🕴	پرواز مرد با لباس رسمی	پرواز مرد با لباس رسمی | شغل آزاد | کت و شلوار | کسب‌وکار | لباس رسمی | مرد
🕵	کارآگاه	جاسوس | کارآگاه
🕶	عینک آفتابی	تیره | چشم | عینک آفتابی
🕷	عنکبوت	حشره | عنکبوت
🕸	تار عنکبوت	تار | عنکبوت
🕹	دسته بازی	بازی | بازی ویدیویی | دسته بازی
🖇	زنجیرهٔ گیره	اتصال | حلقه | دو گیره کاغذ | زنجیرهٔ گیره | گیره کاغذ | گیرهٔ کاغذ
🖊	خودکار	با خودکار نوشتن | خودکار | قلم خودکار
🖋	خودنویس	با خودنویس نوشتن | خودنویس | قلم
🖌	قلم‌مو	با قلم‌مو کشیدن | قلم مو | قلم موی نقاشی | قلم‌مو
🖍	مدادشمعی	با مدادشمعی کشیدن | مداد رنگی مومی | مداد شمعی | مدادشمعی
🖐	دست با انگشتان باز	انگشت | انگشتان | بدن | بزن قدش | پنج | خداحافظی | دست | دست با انگشتان باز | سلام
🖥	رایانهٔ میزی	رایانه | رایانه میزی | رایانهٔ میزی | رومیزی
🖨	چاپگر	پرینتر | چاپگر | رایانه
🖱	موشواره	۳ | دکمه | رایانه | سه | ماوس | موشواره
🖲	توپک	توپک | رایانه
🖼	عکس در قاب	تصویر | عکس در قاب | قاب | قاب عکس | موزه | نقاشی | هنر
🗂	جداکننده	جداکننده | راهنما | کارت
🗃	جعبه نگه‌داری کارت	پرونده | جعبه | جعبه نگه‌داری کارت | فایل | کارت
🗄	کشوی پرونده	پرونده | فایل | کابینت | کشو | کشوی پرونده
🗑	سطل کاغذ باطله	سطل آشغال | سطل زباله | سطل کاغذ باطله
🗒	دفترچهٔ یادداشت سیمی	دفترچهٔ یادداشت سیمی | سیمی | صفحه | یادداشت
🗓	تقویم سیمی	تقویم | سیمی | صفحه
🗜	پرس	ابزار | پرس | صحافی
🗝	کلید قدیمی	سرنخ | قدیمی | قفل | کلید
🗞	رول روزنامه	اخبار | رل | روزنامه | روزنامهٔ لوله‌شده | رول روزنامه | کاغذ
🗡	خنجر	اسلحه | چاقو | خنجر
🗣	درحال صحبت کردن	در حال صحبت | درحال صحبت کردن | سایه | سایه‌نما | سر | صحبت | صحبت کردن | صورت | ضد نور
🗨	حباب گفتار چپ	حباب گفتار چپ | دیالوگ | گفتگو
🗯	حباب خشم راست	بالن | جنون | حباب | حباب خشم راست | دیوانه | عصبانی
🗳	صندوق رأی	انتخابات | رأی | رأی‌گیری | صندوق
🗺	نقشهٔ جهان	دنیا | نقشه | نقشه جهان | نقشهٔ جهان
🛋	مبل راحتی و چراغ	چراغ | کاناپه | لامپ | مبل | مبل راحتی و چراغ | هتل
🛍	کیف خرید	خرید | کیف | هتل
🛎	زنگ میز پذیرش	پذیرش | زنگ | زنگ میز پذیرش | لابی | هتل
🛏	تختخواب	تختخواب | خوابیدن | هتل
🛠	چکش و آچار	آچار | ابزار | چکش | چکش و آچار
🛡	سپر	اسلحه | سپر
🛢	بشکه نفت	بشکه | نفت
🛣	بزرگراه	اتوبان | بزرگراه | جاده | شاهراه
🛤	ریل قطار	راه‌آهن | ریل | قطار
🛥	قایق موتوری	قایق | قایق موتوری | قایق‌موتوری | لتکا | وسیله نقلیه
🛩	هواپیمای کوچک	طیاره | هواپیما | هواپیمای کوچک | وسیله نقلیه | وسیلهٔ نقلیه
🛰	ماهواره	فضا | ماهواره | وسیلهٔ فضایی
🛳	کشتی مسافربری	کشتی | مسافر | مسافربری | مسافرتی
