# CLDR symbol names for gd: symbol, tts name, keywords
# cldr-version	48
# source	https://unicode.org/Public/cldr/48/cldr-common-48.zip
# sha256	06c7c698d6fd8d67cefac15a0206b0109b00e0ef1636f86f84449fa959561f74
# Generated by tools/cldr_symbol_names.py; do not edit.
!	clisg-phuing	clisg-phuing | comharra-clisge
#	samhla hais	àireamh | hais | lb | punnd | samhla hais | taga hais
$	dolar	airgead | dolar | dollar | peso | USD
%	ceudad	ceudad | sa cheud | sa cheudad
&	agusan na Laidinne	agus | agusan | agusan na Laidinne | et | is
'	asgair clò-sgrìobhadair	apostrophe | às-aithris | às-earrann | asgair | asgair clò-sgrìobhadair | asgair tapaidh | comharra-labhairt | eadar-ràdh | iomradh | luaidh
)	camag chruinn dùnaidh	camag | camag chruinn dùnaidh | eadar-aisneis | eadar-ràdh
*	reultag	reul | reultag | saorag
+	samhla plus	cuir ris | cur ris | plus | samhla plus
,	cromag	cromag
-	tàthan-minus	dais | minus | tàthan | tàthan-minus
.	puing-stad	làn-phuing | puing | puing-stad | stad
/	slais	fiar-sgoradh | sgoradh | slais
:	còilean	còilean | dà-phuing | sgoiltean
;	leth-chòilean	leth-chòilean | leth-phunc | leth-sgoiltean | leth-stad
<	nas lugha	nas lugha | nas lugha na | taga | taga fosglaidh
=	co-ionnann	co-ionnan | co-ionnann | co-ionnannachd
>	nas motha	nas motha | nas motha na | taga | taga dùinidh
?	comharra-ceiste	ceist | comharra-ceiste
@	samhla aig	aig | arroba | at | samhla aig
[	camag cheàrnach fosglaidh	camag | camag cheàrnach | camag cheàrnach fosglaidh | eadar-aisneis | eadar-ràdh
\	slais air ais	cùl-sgoradh | sgoradh | slais | slais air ais
]	camag cheàrnach dùnaidh	camag | camag cheàrnach | camag cheàrnach dùnaidh | eadar-aisneis | eadar-ràdh
^	cuairt-lùb	ad | carait | comharra-easbhaidh | control | cuairt-lùb | mullach beag | stràc | tomhadair | xor
_	loidhne ìosal	dais | fo-loidhne | loidhne foidhe | loidhne ìosal
`	stràc throm	stràc | stràc throm | tòna | trom
{	camag dhualach fosglaidh	camag | camag dhualach | camag dhualach fosglaidh | eadar-aisneis | eadar-ràdh
|	loidhne inghearach	bàr | bàr inghearach | bata | loidhne | loidhne inghearach | pìob | pipe | stràc | stràc sheffer
}	camag dhualach dùnaidh	camag | camag dhualach | camag dhualach dùnaidh | eadar-aisneis | eadar-ràdh
~	tonn	tonn
¡	clisg-phuing thurrach	clisg-phuing | clisg-phuing thurrach | comharra-clisge | turrach
¢	seant	cent | seant
£	punnd	airgeadra | EGP | GBP | not | punnd | punnd Sasannach
¤	Airgeadra neo-aithnichte	
¥	yen	airgeadra | CNY | JPY | yen | yuan
§	earrann	earrann | pàirt | paragraf | silcrow
¨	umlaut	diaeresis | tréma | umlaut
©	còir-lethbhreac	(c) | © | c | còir-lethbhreac
«	eadar-ràdhan Frangach dhan taobh chlì	camag | carait | ceàrn | chevron | clì | eadar-ràdhan Frangach dhan taobh chlì | guillemet | iomradh | luaidh | saidh
¬	àicheadh	àicheadh | àicheil | cha | chan
®	clàraichte	(r) | ® | clàraichte | r
°	ceum	ceum | dearbhadh | uair
±	plus-minus	cuir ris | cur ris | plus-minus | thoir air falbh | toirt air falbh
²	a dhà os-sgrìobhte	a dhà os-sgrìobhte | ceàrnagach | ceàrnagaichte | dà | os-sgrìobhte
³	a trì os-sgrìobhte	a trì os-sgrìobhte | ciùbach | ciùbaichte | os-sgrìobhte | trì
´	stràc gheur	geur | stràc | stràc gheur | tòna
µ	samhla micreo	samhla micreo | tomhas
¶	comharra paragraf	alinea | comharra paragraf | earrann | paragraf
·	dot sa mheadhan	dot sa mheadhan | dotag | dotag meadhanach | eadar-phuing | meadhan
¹	a h-aon os-sgrìobhte	a h-aon os-sgrìobhte | aon | os-sgrìobhte
»	eadar-ràdhan Frangach dhan taobh deas	camag | carait | ceàrn | chevron | deas | eadar-ràdhan Frangach dhan taobh deas | guillemet | iomradh | luaidh | saidh
¿	comharra-ceiste turrach	ceist | comharra-ceiste | turrach
×	samhla iomadachaidh	iomadachadh | iomadaich | samhla iomadachaidh
÷	samhla roinnidh	obelus | roinn | roinneadh | samhla roinnidh
֏	Dram Airmeineach	
؋	Afghani Afghanach	
،	cromag na h-Arabaise	Arabais | cromag | cromag na h-Arabaise
؛	leth-chòilean na h-Arabaise	Arabais | leth-chòilean | leth-chòilean na h-Arabaise | leth-phunc | leth-sgoiltean | leth-stad
؟	comharra-ceiste na h-Arabaise	Arabais | ceist | comharra-ceiste | comharra-ceiste na h-Arabaise
৳	Taka Bangladaiseach	
฿	Baht Tàidheach	
៛	Riel Cambuideach	
‐	tàthan	dais | tàthan
–	dais en	dais | en
—	dais em	dais | em
―	bàr còmhnard	bàr | bàr còmhnard | dais | loidhne
‘	asgair clì	apostrophe | às-aithris | às-earrann | asgair | asgair clì | asgair tapaidh | comharra-labhairt | eadar-ràdh | iomradh | luaidh
’	asgair deas	apostrophe | às-aithris | às-earrann | asgair | asgair deas | asgair tapaidh | comharra-labhairt | eadar-ràdh | iomradh | luaidh
‚	asgair deas ìosal	apostrophe | às-aithris | às-earrann | asgair | asgair deas ìosal | asgair tapaidh | comharra-labhairt | eadar-ràdh | iomradh | ìosal | ìseal | luaidh
“	comharra-labhairt clì	às-aithris | às-earrann | comharra-labhairt | comharra-labhairt clì | comharra-labhairt dùbailte | comharra-labhairt fosglaidh | eadar-ràdh | iomradh | luaidh
”	comharra-labhairt deas	às-aithris | às-earrann | comharra-labhairt | comharra-labhairt deas | comharra-labhairt dùbailte | comharra-labhairt dùnaidh | eadar-ràdh | iomradh | luaidh
„	comharra-labhairt deas ìosal	às-aithris | às-earrann | comharra-labhairt | comharra-labhairt deas ìosal | comharra-labhairt dùbailte | comharra-labhairt dùnaidh | eadar-ràdh | iomradh | ìosal | ìseal | luaidh
†	samhla biodaig	biodag | obelisk | obelus | samhla biodaig | tursa
‡	samhla biodaig dùbailte	biodag | dùbailte | obelisk | obelus | samhla biodaig dùbailte | tursa
•	peilear	dotag | peilear
…	trì-phuing	dotagan | ellipsis | fàgail às | trì-phuing
‧	puing tàthanachaidh	dais | puing | puing tàthanachaidh | tàthan
‰	mìleamhail	mìleamhail | sa mhìle
′	prìme	prìme
″	prìme dhùbailte	prìme | prìme dhùbailte
‴	prìme thrìoblaichte	prìme | prìme thrìoblaichte
‸	carait	carait
※	comharra iomraidh	aire | comharra iomraidh | iomradh | nòta
‼	clisg-phuing dhùbailte	! | !! | clisg-phuing | clisg-phuing dhùbailte | comharra | dùbailte | puingeachadh
‽	interrobang	clisg-phuing thar chomharra-ceiste | comharra-ceiste thar chlisg-phuing | interabang | interrobang
‾	os-loidhne	nasg-loidhne os a chionn | os-loidhne | vinculum
⁂	trì-rionnag	dinkus | rionnagan | trì-rionnag
⁄	slais bloighe	bloigh | slais bloighe | stràc | virgule
⁉	clisg-phuing is comharra-ceiste	! | !? | ? | clisg-phuing | clisg-phuing is comharra-ceiste | comharra | comharra-ceiste | puingeachadh
⁻	minus os-sgrìobhte	minus | mìonas | os-sgrìobhte
₡	Colón Costa Rìceach	
₢	cruzeiro	airgeadra | BRB | cruzeiro
₣	franc na Frainge	airgeadra | franc | franc na Frainge
₤	lira	airgeadra | lira
₥	mill	mil | mill
₦	Naira Nigèiriach	
₧	Peseta Spàinnteach	
₨	rupee	airgeadra | rupee
₩	won	KPW | KRW | won
₪	Secel ùr Iosraeleach	
₫	Dong Bhiet-Namach	
€	Eòro	airgeadra | Eòro | EUR
₭	Kip Làthosach	
₮	Tugrik Mongolach	
₰	sgillinn na Gearmailte	airgeadra | pfennig | sgillinn na Gearmailte
₱	peso	peso
₲	Guaraní Paraguaidheach	
₳	austral	airgeadra | ARA | austral
₴	Hryvnia Ucràineach	
₵	Cedi Gànach	
₶	livre tournois	airgeadra | livre tournois
₷	spesmilo	airgeadra | spesmilo
₸	Tenge Casachach	
₹	rupee Innseanach	airgeadra | rupee | rupee Innseanach | rupee nan Innseachan
₺	Lira Turcach	
₼	Manat Asarbaideànach	
₽	rùbal	airgeadra | rùbal
₾	Lari Cairtbheileach	
₿	bitcoin	bitcoin | BTC
℗	còir-lethbhreac air clàradh fuaime	ceòl | clàr | còir-lethbhreac | còir-lethbhreac air clàradh fuaime
™	comharra-malairt	comharra | comharra-malairt | tm
ℹ	fiosrachadh	fiosrachadh | i
←	saighead a’ tomhadh dhan taobh chlì	clì | saighead | saighead a’ tomhadh dhan taobh chlì
↑	saighead a’ tomhadh suas	saighead | saighead a’ tomhadh suas | suas
→	saighead a’ tomhadh dhan taobh deas	deas | saighead | saighead a’ tomhadh dhan taobh deas
↓	saighead a’ tomhadh sìos	saighead | saighead a’ tomhadh sìos | sìos
↔	saighead chlì is dheas	saighead | saighead chlì is dheas
↕	saighead suas is sìos	saighead | saighead suas is sìos
↖	saighead gun iar-thuath	àirde | combaist | comhair | iar-thuath | saighead | saighead gun iar-thuath
↗	saighead gun ear-thuath	àirde | combaist | comhair | ear-thuath | saighead | saighead gun ear-thuath
↘	saighead gun ear-dheas	àirde | combaist | comhair | ear-dheas | saighead | saighead gun ear-dheas
↙	saighead gun iar-dheas	àirde | combaist | comhair | iar-dheas | saighead | saighead gun iar-dheas
↚	saighead chlì le stràc troimhe	saighead chlì le stràc troimhe
↛	saighead dheas le stràc troimhe	saighead dheas le stràc troimhe
↜	saighead lùbte chlì	saighead lùbte chlì
↝	saighead lùbte dheas	saighead lùbte dheas
↞	saighead dhà-cheannach chlì	saighead dhà-cheannach chlì
↟	saighead dhà-cheannach suas	saighead dhà-cheannach suas
↠	saighead dhà-cheannach dheas	saighead dhà-cheannach dheas
↡	saighead dhà-cheannach sìos	saighead dhà-cheannach sìos
↢	saighead chlì le ite	saighead chlì le ite
↣	saighead dheas le earball ite	saighead dheas le earball ite
↤	saighead chlì à bàr	saighead chlì à bàr
↥	saighead suas à bàr	saighead suas à bàr
↦	saighead dheas à bàr	saighead dheas à bàr
↧	saighead sìos à bàr	saighead sìos à bàr
↨	saighead suas is sìos le bunait	saighead suas is sìos le bunait
↩	saighead dheas a’ lùbadh dhan taobh chlì	saighead | saighead dheas a’ lùbadh dhan taobh chlì
↪	saighead chlì a’ lùbadh dhan taobh deas	saighead | saighead chlì a’ lùbadh dhan taobh deas
↫	saighead chlì le earball lùbte	saighead chlì le earball lùbte
↬	saighead dheas le earball lùbte	saighead dheas le earball lùbte
↭	saighead lùbte dheas is chlì	saighead lùbte dheas is chlì
↮	saighead dheas is chlì le stràc troimhe	saighead dheas is chlì le stràc troimhe
↯	saighead a’ fiaradh sìos	fiaradh | saighead a’ fiaradh sìos
↰	saighead suas ⁊ a ceann a’ tionndadh clì	saighead suas ⁊ a ceann a’ tionndadh clì | saighead suas agus a ceann a’ tionndadh clì | saighead suas leis a’ cheann a’ tionndadh clì
↱	saighead suas ⁊ a ceann a’ tionndadh deas	saighead suas ⁊ a ceann a’ tionndadh deas | saighead suas agus a ceann a’ tionndadh deas | saighead suas leis a’ cheann a’ tionndadh deas
↲	saighead sìos ⁊ a ceann a’ tionndadh clì	saighead sìos ⁊ a ceann a’ tionndadh clì | saighead sìos agus a ceann a’ tionndadh clì | saighead sìos leis a’ cheann a’ tionndadh clì
↳	saighead sìos ⁊ a ceann a’ tionndadh deas	saighead sìos ⁊ a ceann a’ tionndadh deas | saighead sìos agus a ceann a’ tionndadh deas | saighead sìos leis a’ cheann a’ tionndadh deas
↴	saighead dheas a’ dol sìos aig an oisean	saighead dheas a’ dol sìos aig an oisean
↵	saighead sìos a’ dol clì aig an oisean	saighead sìos a’ dol clì aig an oisean
↶	saighead barra leth-chearcallach tuathal	saighead barra leth-chearcallach a’ dol tuathal | saighead barra leth-chearcallach tuathal
↷	saighead barra leth-chearcallach deiseil	saighead barra leth-chearcallach a’ dol deiseil | saighead barra leth-chearcallach deiseil
↸	saighead gun iar-dheas le bàr fada	saighead gun iar-dheas le bàr fada
↹	saighdean clì ⁊ deas ⁊ an cinn ri bàr	saighdean clì ⁊ deas ⁊ an cinn ri bàr | saighdean clì is deas agus an cinn ri bàr | saighead chlì ’s a ceann ri bàr os cionn saighead dheas is a ceann ri bàr
↺	saighead thuathal na cearcall fosgailte	saighead thuathal an cruth cearcaill fhosgailte | saighead thuathal na cearcall fosgailte
↻	saighead dheiseil na cearcall fosgailte	saighead dheiseil an cruth cearcaill fhosgailte | saighead dheiseil na cearcall fosgailte
↼	harpùn clì le frioghan suas	frioghan | harpùn clì le frioghan suas
↽	harpùn clì le frioghan sìos	harpùn clì le frioghan sìos
↾	harpùn suas le frioghan deas	frioghan | harpùn suas le frioghan deas
↿	harpùn suas le frioghan clì	frioghan | harpùn suas le frioghan clì
⇀	harpùn deas le frioghan suas	frioghan | harpùn deas le frioghan suas
⇁	harpùn deas le frioghan sìos	frioghan | harpùn deas le frioghan sìos
⇂	harpùn sìos le frioghan deas	frioghan | harpùn sìos le frioghan deas
⇃	harpùn sìos le frioghan clì	frioghan | harpùn sìos le frioghan clì
⇄	saighead dheas os cionn saighde chlì	saighead dheas os cionn saighde chlì
⇅	dà shaighead a’ tomhadh suas is sìos	dà shaighead a’ tomhadh suas is sìos | saighdean a’ tomhadh suas is sìos | saighead | sìos | suas
⇆	dà shaighead dhan taobh chlì is deas	clì | dà shaighead dhan taobh chlì is deas | deas | saighdean a’ tomhadh dhan taobh chlì is deas | saighead
⇇	càraid de shaighdean clì	càraid de shaighdean clì
⇈	càraid de shaighdean suas	càraid de shaighdean suas
⇉	càraid de shaighdean deasa	càraid de shaighdean deasa
⇊	càraid de shaighdean sìos	càraid de shaighdean sìos
⇋	harpùn clì os cionn harpùin dheis	harpùn clì os cionn harpùin dheis
⇌	harpùn deas os cionn harpùin chlì	harpùn deas os cionn harpùin chlì
⇍	saighead dhùbailte chlì le stràc troimhe	saighead dhùbailte chlì le stràc troimhe
⇎	saighead dhùbailte dheas is chlì le stràc	saighead dhùbailte dheas is chlì le stràc | saighead dhùbailte dheas is chlì le stràc troimhpe
⇏	saighead dhùbailte dheas le stràc troimhpe	saighead dhùbailte dheas le stràc troimhpe
⇐	saighead dhùbailte chlì	saighead dhùbailte chlì
⇑	saighead dhùbailte suas	saighead dhùbailte suas
⇒	saighead dhùbailte dheas	saighead dhùbailte dheas
⇓	saighead dhùbailte sìos	saighead dhùbailte sìos
⇔	saighead dhùbailte dheas is chlì	saighead dhùbailte dheas is chlì
⇖	saighead dhùbailte gun iar-thuath	saighead dhùbailte gun iar-thuath
⇗	saighead dhùbailte gun ear-thuath	saighead dhùbailte gun ear-thuath
⇘	saighead dhùbailte gun ear-dheas	saighead dhùbailte gun ear-dheas
⇙	saighead dhùbailte gun iar-dheas	saighead dhùbailte gun iar-dheas
⇚	saighead thrìoblaichte chlì	saighead thrìoblaichte chlì
⇛	saighead thrìoblaichte dheas	saighead thrìoblaichte dheas
⇜	saighead chritheach chlì	saighead chritheach chlì
⇝	saighead chritheach dheas	saighead chritheach dheas
⇞	saighead suas le stràc dhùbailte troimhpe	saighead suas le stràc dhùbailte troimhpe
⇟	saighead sìos le stràc dhùbailte troimhpe	saighead sìos le stràc dhùbailte troimhpe
⇠	saighead strìochagach chlì	saighead strìochagach chlì
⇡	saighead strìochagach suas	saighead strìochagach suas
⇢	saighead strìochagach dheas	saighead strìochagach dheas
⇣	saighead strìochagach sìos	saighead strìochagach sìos
⇤	saighead chlì ’s a ceann ri bàr	saighead chlì ’s a ceann ri bàr
⇥	saighead dheas ’s a ceann ri bàr	saighead dheas ’s a ceann ri bàr
⇦	saighead fhalamh chlì	saighead fhalamh chlì
⇧	saighead fhalamh suas	saighead fhalamh suas
⇨	saighead fhalamh dheas	saighead fhalamh dheas
⇩	saighead fhalamh sìos	saighead fhalamh sìos
⇪	saighead fhalamh suas a’ tighinn à bàr	saighead fhalamh suas a’ tighinn à bàr
⇵	saighdean sìos ⁊ suas	saighdean sìos ⁊ suas | saighdean sìos agus suas | saighead sìos air an taobh chlì agus saighead suas air an taobh deas
∀	dhan a h-uile	dhan a h-uile | gin sam bith | sam bith | thoirte | tugta | uile | uile-choitcheann
∂	diofarail leth-phàirteach	diofarail | diofarail leth-phàirteach
∃	ann	ann | tha ann
∅	seata falamh	gnìomharaiche seata | matamataig | seata falamh
∆	ioncramaid	ioncramaid | meudachadh | meudaich | triantan
∇	dìochramaid	dìochramaid | lughdachadh | lughdaich | nabla | triantan
∈	na eileamaid de	am broinn | ballrachd | eileamaid | eileamaid de | eileamaid dhe | na eileamaid de | seata
∉	nach eil na eileamaid de	eileamaid | nach eil na eileamaid de
∋	is na leanas na bhroinn mar bhall	eileamaid | is na leanas na bhroinn mar bhall
∎	deireadh an deirbh	deireadh an deirbh | halmos | leac-lighe | q.e.d. | qed
∏	toradh n-araidh	loidsig | toradh | toradh n-araidh
∑	suimeachadh n-araidh	matamataig | suimeachadh | suimeachadh n-araidh
−	samhla minus	minus | samhla minus | thoir air falbh | toirt air falbh
∓	minus no plus	minus no plus | plus minus
∕	slais roinnidh	roinn | slais | slais roinneachaidh | slais roinnidh | stràc | virgule
∗	gnìomharaiche reultaige	gnìomharaiche reultaige | reultag | rionnag
∘	gnìomharaiche fàinne	cearcall | co-chur | gnìomharaiche | gnìomharaiche cearcaill | gnìomharaiche fàinne
∙	gnìomharaiche peileir	gnìomharaiche | gnìomharaiche peileir | peilear
√	freumh ceàrnagach	ceàrnagach | freumh | radaigeach | radix | surd
∝	co-rèireach	co-rèireach | co-rèireachd
∞	samhla neo-chrìochnachd	neo-chrìochnachd | samhla neo-chrìochnachd
∟	ceàrn ceart	ceàrn ceart | matamataig
∠	ceàrn	caol | ceàrn
∣	a tha a’ roinneadh	a tha a’ roinneadh | roinn | roinneadair | roinneadh
∥	co-shìnte	co-shìnte
∧	agus loidsigeach	ac | agus loidigeach | agus loidsigeach | atque
∩	eadar-ghearradh	eadar-ghearradh | seata | trasnadh
∪	aonadh	aonadh | cruinneachadh | seata
∫	innteagrail	calcalas | innteagrail
∬	innteagrail dhùbailte	calcalas | innteagrail dhùbailte
∮	innteagrail contuir	innteagrail contuir
∴	ri linn sin	loidsig | ri linn sin
∵	oir	loidsig | oir
∶	co-mheas	co-mheas
∷	co-rèir	co-rèir | co-rèireachd
∼	gnìomharaiche tuinn	gnìomharaiche | gnìomharaiche tuinn | tonn
∽	tonn contrarra	tonn | tonn contrarra
∾	s leisg chontrarra	s leisg chontrarra
≃	co-ionnann gu neo-shiomptomach	aisiomtot | co-ionnann gu neo-shiomptomach | matamataig | neo-shiomptomach
≅	mu cho-ionnann	an ìre mhath co-ionnann | cha mhòr co-ionnann | co-chòrdachd | co-ionnann | co-ionnannachd | co-mhorfachd | matamataig | mu cho-ionnann
≈	cha mhòr co-ionnann	an ìre mhath co-ionnann | cha mhòr co-ionnann | faigseach | tuairmseach
≌	a h-uile co-ionnann	a h-uile co-ionnann | co-ionnann | co-ionnannachd | matamataig
≒	cha mhòr co-ionnann ri	cha mhòr co-ionnann ri | ìomhaigh cha mhòr co-ionnann ri
≖	cearcall am broinn co-ionnannachd	cearcall | cearcall am broinn co-ionnannachd | co-ionnann | co-ionnannachd | matamataig
≠	neo-ionnann	neo-ionnan | neo-ionnann | neo-ionnannachd
≡	ionnannach ri	co-ionnann | ionnannach ri | pongail | trìoblaichte
≣	ionnann gu teann	co-ionnann | co-ionnannachd | ionnann gu teann | matamataig
≤	nas lugha no co-ionnann	co-ionnan | co-ionnann | co-ionnannachd | nas lugha | nas lugha na | nas lugha no co-ionnann | neo-ionnan | neo-ionnann | neo-ionnannachd
≥	nas motha no co-ionnann	co-ionnan | co-ionnann | co-ionnannachd | nas motha | nas motha na | nas motha no co-ionnann | neo-ionnan | neo-ionnann | neo-ionnannachd
≦	nas lugha os cionn co-ionnannachd	matamataig | nas lugha os cionn co-ionnannachd | neo-ionnann | neo-ionnannachd
≧	nas motha os cionn co-ionnannachd	matamataig | nas motha os cionn co-ionnannachd | neo-ionnann | neo-ionnannachd
≪	mòran nas lugha na	matamataig | mòran nas lugha na | neo-ionnann | neo-ionnannachd
≫	mòran nas motha na	matamataig | mòran nas motha na | neo-ionnann | neo-ionnannachd
≬	eadar	eadar
≮	nach eil nas lugha na	matamataig | nach eil nas lugha na | neo-ionnannachd
≯	nach eil nas motha na	matamataig | nach eil nas motha na | neo-ionnannachd
≳	nas motha na ionnann	matamataig | nas motha na ionnann | neo-ionnann | neo-ionnannachd
≺	ro	gnìomharaiche seata | matamataig | ro | seata
≻	a’ leantainn air	a’ leantainn air | gnìomharaiche seata | leantainn | matamataig | seata
⊁	nach eil a’ leantainn air	gnìomharaiche seata | matamataig | nach eil a’ leantainn air | seata
⊂	fo-sheata de	fo-sheata | fo-sheata de | fo-sheata dhe | seata
⊃	os-sheata	gnìomharaiche seata | matamataig | os-sheata | seata
⊆	fo-sheata no co-ionnann	co-ionnann | co-ionnannachd | fo-sheata no co-ionnann | matamataig | seata
⊇	os-sheata no co-ionnann	co-ionnann | co-ionnannachd | matamataig | os-sheata no co-ionnann | seata
⊕	plus ann an cearcall	cearcall | plus | plus ann an cearcall
⊖	minus ann an cearcall	bleith | cearcall | diofar co-chothromach | minus ann an cearcall
⊗	iomadachadh ann an cearcall	cearcall | iomadachadh ann an cearcall | tensor | toradh
⊘	slais roinnidh ann an cearcall	cearcall | coltach | matamataig | slais roinnidh ann an cearcall
⊙	gnìomharaiche dotaige ann an cearcall	gnìomharaiche | gnìomharaiche dotaige ann an cearcall | XNOR
⊚	gnìomharaiche fàinne ann an cearcall	cearcall | fàinne | gnìomharaiche fàinne ann an cearcall
⊛	gnìomharaiche reultaige ann an cearcall	cearcall | gnìomharaiche | gnìomharaiche reultaige ann an cearcall | reultag | rionnag
⊞	plus ann an ceàrnag	ceàrnag | coltach | cur ris | matamataig | plus ann an ceàrnag
⊟	minus ann an ceàrnag	ceàrnag | coltach | matamataig | minus ann an ceàrnag | toirt air falbh
⊥	tacaid suas	eet | falsum | tacaid | tacaid suas
⊮	nach èignich	èigneachadh | èignich | gun èigneachadh | gun sparradh | nach èignich | sparradh
⊰	roimhe fo dhàimh	gnìomharaiche seata | matamataig | roimhe fo dhàimh | seata
⊱	a’ leantainn air fo dhàimh	a’ leantainn air fo dhàimh | gnìomharaiche seata | leantainn air fo dhàimh | matamataig | seata
⊶	tùsail	tùsail
⊹	meatraigs co-nasgaidh hermitiach	matamataig | meatrags ceàrnagach | meatraigs co-nasgaidh hermitiach
⊿	triantan deas	matamataig | triantan ceart-cheàrnach | triantan deas
⋁	no loidigeach n-araidh	às-aonadh | loidig | no loidigeach n-araidh
⋂	eadar-ghearradh n-araidh	eadar-ghearradh | eadar-ghearradh n-araidh | gnìomharaiche seata | matamataig
⋃	aonadh n-araidh	aonadh | aonadh n-araidh | gnìomharaiche seata | matamataig
⋅	gnìomharaiche dotaige	gnìomharaiche | gnìomharaiche dotaige
⋆	gnìomharaiche rionnaige	gnìomharaiche | gnìomharaiche rionnaige
⋈	nasg nàdarra	gnìomharaiche bìnearaidh | nasg nàdarra | tàidh-bogha
⋒	eadar-ghearradh dùbailte	eadar-ghearradh | eadar-ghearradh dùbailte | gnìomharaiche seata | matamataig
⋘	fada nas lugha na	fada nas lugha na | matamataig | neo-ionnannachd
⋙	fada nas motha na	fada nas motha na | matamataig | neo-ionnannachd
⋭	nach eil na bhroinn mar fho-bhuidheann àbhaisteach co-ionnann	fo-bhuidheann | is chan eil na leanas na bhroinn mar fho-bhuidheann àbhaisteach co-ionnann | matamataig | nach eil na bhroinn mar fho-bhuidheann àbhaisteach co-ionnann | teòirig nam buidhnean
⋮	eileaps inghearach	eileaps | eileaps inghearach | matamataig
⋯	eileaps còmhnard sa mheadhan	eileaps | eileaps còmhnard sa mheadhan
⋰	eileaps trastanach deas is suas	eileaps | eileaps trastanach deas is suas | matamataig
⋱	eileaps trastanach deas is sìos	eileaps | eileaps trastanach deas is sìos | matamataig
⌨	meur-chlàr	coimpiutair | meur-chlàr
⏏	putan “Gluais a-mach”	a-mach | gluais | gluasad | putan “Gluais a-mach”
⏭	putan “An ath-thraca”	air adhart | ath-shealladh | ath-thraca | putan “An ath-thraca” | saighead | sealladh | traca | triantan
⏮	putan “An traca roimhe”	air ais | putan “An traca roimhe” | roimhe | saighead | sealladh | traca | triantan
⏯	putan “Cluich no cuir na stad”	cluich | deas | putan “Cluich no cuir na stad” | saighead | stad | triantan
⏱	stad-uaireadair	cleoc | cloc | gleoc | stad-uaireadair
⏲	cleoc tìmeir	cleoc | cleoc tìmeir | cloc | gleoc | tìmear
⏸	putan “Cuir na stad”	bàr | dùbailte | inghearach | putan “Cuir na stad” | stad
⏹	putan “Cuir stad air”	ceàrnag | putan “Cuir stad air” | stad
⏺	putan “Clàraich”	cearcall | clàradh | clàraich | putan “Clàraich”
Ⓜ	M le cearcall timcheall air	cearcall | m | M le cearcall timcheall air
■	ceàrnag lìonta	ceàrnag lìonta
□	ceàrnag fhalamh	ceàrnag fhalamh
▢	ceàrnag fhalamh le oiseanan cruinnte	ceàrnag fhalamh le oiseanan cruinnte
▣	ceàrnag fhalamh le tè lìonta na broinn	ceàrnag fhalamh le ceàrnag lìonta na broinn | ceàrnag fhalamh le tè lìonta na broinn
▤	ceàrnag le lìonadh còmhnard	ceàrnag le lìonadh còmhnard
▥	ceàrnag le lìonadh inghearach	ceàrnag le lìonadh inghearach
▦	ceàrnag le tar-ghreannachadh ortogonach	ceàrnag le tar-ghreannachadh ortogonach
▧	ceàrnag le lìonadh sìos clì gu deas	ceàrnag le lìonadh sìos clì gu deas
▨	ceàrnag le lìonadh suas clì gu deas	ceàrnag le lìonadh suas clì gu deas
▩	ceàrnag le tar-ghreannachadh trastanach	ceàrnag le tar-ghreannachadh trastanach
▪	ceàrnag bheag dhubh	ceàrnag | ceàrnag bheag dhubh | geomatrach
▫	ceàrnag bheag gheal	ceàrnag | ceàrnag bheag gheal | geomatrach
▬	ceart-cheàrnachan lìonta	ceart-cheàrnachan lìonta
▭	ceart-cheàrnachan falamh	ceart-cheàrnachan falamh
▮	ceart-cheàrnachan lìonta inghearach	ceart-cheàrnachan lìonta inghearach
▰	co-shìnteachan lìonta	co-shìnteachan lìonta
▲	triantan lìonta a’ tomhadh suas	lìonta | saighead | suas | triantan | triantan lìonta a’ tomhadh sìos | triantan lìonta a’ tomhadh suas
△	triantan falamh le gob suas	triantan falamh le gob suas
▴	triantan beag lìonta le gob suas	triantan beag lìonta le gob suas
▵	triantan beag falamh le gob suas	triantan beag falamh le gob suas
▶	putan “Cluich”	cluich | deas | putan “Cluich” | saighead | triantan
▷	triantan falamh le gob deas	triantan falamh le gob deas
▸	triantan beag lìonta le gob deas	triantan beag lìonta le gob deas
▹	triantan beag falamh le gob deas	triantan beag falamh le gob deas
►	tomhaire lìonta le gob deas	tomhaire lìonta le gob deas
▻	tomhaire falamh le gob deas	tomhaire falamh le gob deas
▼	triantan lìonta a’ tomhadh sìos	lìonta | saighead | sìos | triantan | triantan lìonta a’ tomhadh sìos
▽	triantan falamh le gob sìos	triantan falamh le gob sìos
▾	triantan beag lìonta le gob sìos	triantan beag lìonta le gob sìos
▿	triantan beag falamh le gob sìos	triantan beag falamh le gob sìos
◀	putan “Deireadh air thoiseach”	clì | comhair | deireadh air thoiseach | putan “Deireadh air thoiseach” | saighead | triantan
◁	triantan falamh le gob clì	triantan falamh le gob clì
◂	triantan beag lìonta le gob clì	triantan beag lìonta le gob clì
◃	triantan beag falamh le gob clì	triantan beag falamh le gob clì
◄	tomhaire lìonta le gob clì	tomhaire lìonta le gob clì
◅	tomhaire falamh le gob clì	tomhaire falamh le gob clì
◆	daoimean lìonta	daoimean lìonta
◇	daoimean falamh	daoimean falamh
◈	daoimean falamh le fear lìonta na bhroinn	daoimean falamh le daoimean lìonta na bhroinn | daoimean falamh le fear lìonta na bhroinn
◉	cearcall falamh le fear lìonta na bhroinn	cearcall falamh le cearcall lìonta na bhroinn | cearcall falamh le fear lìonta na bhroinn
◊	losaindear	daoimean | lasaingear | loisin | losaindear | rombas
○	cearcall falamh	cearcall | cearcall falamh | fàinne
◌	cearcall dotagach	cearcall dotagach
◍	cearcall le lìonadh inghearach	cearcall le lìonadh inghearach
◎	sùil-thargaide	cearcall dùbailte | cearcallan co-chearclach | sùil-thargaide | targaid
●	cearcall lìonta	cearcall | lìonta
◐	cearcall le lìonadh san leth-taobh chlì	cearcall le lìonadh san leth-taobh chlì
◑	cearcall le lìonadh san leth-taobh deas	cearcall le lìonadh san leth-taobh deas
◒	cearcall le lìonadh san leth-taobh ìseal	cearcall le lìonadh san leth-taobh ìseal
◓	cearcall le lìonadh san leth-taobh àrd	cearcall le lìonadh san leth-taobh àrd | cearcall leth-lìonta sa bhàrr
◔	cearcall lìonta sa cheathramh deas gu h-àrd	cearcall le ceathramh lìonta gu h-àrd air an taobh deas | cearcall lìonta sa cheathramh deas gu h-àrd
◕	cearcall lìonta ach sa cheathramh chlì gu h-àrd	cearcall lìonta ach an ceathramh gu h-àrd air an taobh chlì | cearcall lìonta ach sa cheathramh chlì gu h-àrd
◖	an leth-taobh clì de chearcall lìonta	an leth-taobh clì de chearcall lìonta
◗	an leth-taobh deas de chearcall lìonta	an leth-taobh deas de chearcall lìonta
◘	peilear geal san dubh	peilear geal san dubh
◙	ceàrnag lìonta sa bheil cearcall falamh	ceàrnag lìonta sa bheil cearcall falamh
◜	àrc a’ cheathraimh chlì gu h-àrd	àrc a’ cheathraimh chlì gu h-àrd
◝	àrc a’ cheathraimh dheis gu h-àrd	àrc a’ cheathraimh dheis gu h-àrd
◞	àrc a’ cheathraimh dheis gu h-ìosal	àrc a’ cheathraimh dheis gu h-ìosal
◟	àrc a’ cheathraimh chlì gu h-ìosal	àrc a’ cheathraimh chlì gu h-ìosal
◠	leth-chearcall gu h-àrd	leth-chearcall gu h-àrd
◡	leth-chearcall gu h-ìosal	leth-chearcall gu h-ìosal
◢	triantan lìonta san oisean deas gu h-ìosal	triantan lìonta san oisean deas gu h-ìosal
◣	triantan lìonta san oisean chlì gu h-ìosal	triantan lìonta san oisean chlì gu h-ìosal
◤	triantan lìonta san oisean chlì gu h-àrd	triantan lìonta san oisean chlì gu h-àrd
◥	triantan lìonta san oisean deas gu h-àrd	triantan lìonta san oisean deas gu h-àrd
◦	peilear falamh	peilear falamh
◯	cearcall mòr falamh	cearcall | cearcall mòr falamh | fàinne
◳	ceàrnag fhalamh le ceathramh deas gu h-àrd	ceàrnag fhalamh le ceathramh deas gu h-àrd | ceàrnag fhalamh sa cheathramh deas gu h-àrd
◷	cearcall falamh le ceathramh deas gu h-àrd	cearcall falamh le ceathramh deas gu h-àrd | cearcall falamh le ceathramh gu h-àrd air an taobh deas
◻	ceàrnag mheadhanach gheal	ceàrnag | ceàrnag mheadhanach gheal | geomatrach
◼	ceàrnag mheadhanach dhubh	ceàrnag | ceàrnag mheadhanach dhubh | geomatrach
◿	triantan gu h-ìosal air an taobh deas	triantan gu h-ìosal air an taobh deas
☀	a’ ghrian	a’ ghrian | gathan | grianach | soilleir
☁	neul	aimsir | neul | sìde
☂	sgàilean-uisge	aodach | sgàilean-uisge | uisge
☃	bodach-sneachda	bodach-sneachda | fuar | sneachd
☄	comaid	comaid | fànas | speur
☎	fòn	fòn
☑	bogsa-cromaige le cromag	bogsa | bogsa-cromaige le cromag | cromag
☘	seamrag	flùr | lus | seamrag
☝	colgag a’ tomhadh suas	colgag | colgag a’ tomhadh suas | corrag | làmh | meur | suas | tomhadh
☠	claigeann le cnàmhan	aodann | bàs | claigeann | claigeann le cnàmhan | cnàmhan | uilebheist
☢	beò-rèididheachd	beò-rèididheachd | sanas
☣	cunnart bith-eòlach	cunnart bith-eòlach | sanas
☦	crois nan Ortodogsach	creideamh | crìostaidh | crois | crois nan Ortodogsach
☪	corran is rionnag	corran is rionnag | creideamh | ioslam | muslamach
☮	samhla sìthe	menorah | samhla sìthe
☯	Ying Yang	creideamh | tao | taothach | yang | yin | Ying Yang
☸	cuibhle dharma	budach | creideamh | cuibhle | dharma
☹	aodann le fiamh drèin	aodann | aodann le fiamh drèin | drèin
☺	aodann le fiamh-ghàire	aodann | aodann le fiamh-ghàire | fiamh-ghàire | oir-loidhne | socair
♀	samhla boireann	boireannach | samhla boireann
♂	samhla fireann	fireannach | samhla fireann
♟	pàn tàileisg	blath-laoghan | blath-raoghan | culaidh-mheallaidh | meall | neo-chudromach | pàn tàileisg | tàileasg
♠	dath speura	cairt | dath speura | geama
♣	dath club	cairt | dath club | geama
♥	dath cridhe	cairt | dath cridhe | geama
♦	dath daoimein	cairt | dath daoimein | geama
♨	fuaran teth	ceò | fuaran | teth
♪	caman	caman | ceòl | nòta | ochdamh | pong | puing
♭	maol	bemolle | ceòl | maol | nòta | pong | puing
♯	geur	ceòl | dièse | geur | nòta | pong | puing
♻	samhla ath-chuartachaidh	ath-chuairteachadh | ath-chuairtich | samhla ath-chuartachaidh
♾	neo-chrìochnachd	buan | daonnan | gun chrìch | gun chrìoch | neo-chrìochnachd | uile-choicheann
⚒	òrd is piocaid	acainn | inneal | òrd | òrd is piocaid | piocaid
⚔	claidheamhan tarsainn a chèile	arm | claidheamhan | claidheamhan tarsainn a chèile | tarsainn
⚕	samhla meadaigeach	aesculapius | bata | leigheas | samhla meadaigeach
⚖	meidh co-chothromach	acainn | britheamh | cothrom | cuideam | grian-chriosach | inneal | libra | meidh | meidh co-chothromach
⚗	ceimigeachd	acainn | ceimigeachd | inneal
⚙	gèar	acainn | gèar | inneal
⚛	samhla ataim	atam | eas-creideach | eas-creidmheach | neo-dhiadhaire | samhla ataim
⚜	fleur-de-lis	fleur-de-lis
⚠	rabhadh	rabhadh
⚧	samhla tar-ghnèitheach	samhla tar-ghnèitheach | tar-ghnèitheach
⚰	ciste-laighe	bàs | caochladh | ciste-laighe | eug | siubhal
⚱	poit-tasgaidh	adhlacadh | bàs | caochladh | eug | luaithre | poit-tasgaidh | siubhal | tìodhlacadh
⛈	neul le dealanaich ’s uisge	neul | neul le dealanaich ’s uisge | tàirneanach | uisge
⛏	piocaid	acainn | mèinnearachd | piocaid | tochladh
⛑	clogaid neach-teasairginn	ad | aodann | clogaid | clogaid neach-teasairginn | cobhair | crois
⛓	sèineachan	sèine | sèineachan
⛩	naomh-chiste shinto	creideamh | naomh-chiste | shinto
⛰	beinn	beinn
⛱	sgàilean air an làr	grian | sgàilean | sgàilean air an làr | uisge
⛴	bàta-aiseig	bàta | bàta-aiseig | taistealach
⛷	sgìtheadair	sgìtheadair | sgìtheadh | sneachd
⛸	bròg-spèilidh	bròg-spèilidh | deigh | spèileadh
⛹	neach a’ bocadh bàla	bàla | ball | neach a’ bocadh bàla
✂	siosar	acainn | bearradh | siosar
✈	itealan	itealan | plèana
✉	cèis-litreach	cèis-litreach | litir | post-d
✌	làmh a thug buaidh	buaidh | làmh | làmh a thug buaidh | v
✍	làmh a’ sgrìobhadh	làmh | làmh a’ sgrìobhadh | sgrìobh | sgrìobhadh
✏	peansail	peansail
✒	gob dubh	gob | gob dubh | peann
✔	cromag dearbhaidh	comharra | cromag | cromag dearbhaidh
✖	iomadaich	× | iomadachadh | iomadaich | samhla | sguir dheth | sgur dheth | x | x iomadachaidh throm
✝	crois Laideann	creideamh | crìostaidh | crois | crois Laideann
✡	reul Dhaibhidh	creideamh | daibhidh | iùdhach | reul | reul Dhaibhidh
✳	reultag le ochd rinnean	* | reultag | reultag le ochd rinnean
✴	rionnag le ochd rinnean	* | rionnag | rionnag le ochd rinnean
❄	bleideag sneachda	bleideag | bleideag sneachda | fuar | sneachd
❇	lainnir	* | lainnir
❣	clisg-phuing cridhe	! | clisg-phuing | comharra | cridhe | puingeachadh
❤	cridhe dearg	cridhe | cridhe dearg
➡	saighead dhan taobh deas	àirde | combaist | comhair | deas | ear | saighead | saighead dhan taobh deas | saighead gu deas | saighead gun ear
⤴	saighead dheas a’ lùbadh suas	saighead | saighead dheas a’ lùbadh suas
⤵	saighead dheas a’ lùbadh sìos	saighead | saighead dheas a’ lùbadh sìos | sìos
⨧	plus le dà fo-sgrìobhte	plus le dà fo-sgrìobhte
⨯	crois-thoradh vector	crois-thoradh vector | toradh | vector
⨼	toradh a-staigh	toradh a-staigh
⩣	no loidigeach le bàrr dùbailte foidhe	no loidigeach le bàrr dùbailte foidhe
⩽	nas lugha na no co-ionnann claon	nas lugha na no co-ionnann claon
⪍	nas lugha na os cionn co-ionnann coltach	nas lugha na os cionn co-ionnann coltach
⪚	nas motha na le dà loidhne co-ionnannachd	matamataig | nas motha na le co-ionnannachd dà-loidhneach | nas motha na le dà loidhne co-ionnannachd | neo-ionnann
⪺	a’ leantainn air gun a bhith cha mhòr co-ionnann	a’ leantainn air gun a bhith cha mhòr co-ionnann | leantainn air os cionn chan eil e cha mhòr co-ionnann
⬅	saighead dhan taobh chlì	àirde | clì | combaist | comhair | iar | saighead | saighead dhan taobh chlì | saighead gu clì | saighead gun iar
⬆	saighead suas	àirde | combaist | comhair | saighead | saighead gu tuath | suas | tuath
⬇	saighead sìos	àirde | combaist | comhair | deas | saighead | saighead gu deas | sìos
、	cromag ideo-ghrafach	cromag | ideo-ghrafach
。	puing-stad ideo-ghrafach	ideo-ghrafach | làn-phuing | puing | puing-stad | stad
〈	camag bhiorach fosglaidh	camag | camag bhiorach | camag bhiorach fosglaidh | saidh | tupail
〉	camag bhiorach dùnaidh	camag | camag bhiorach | camag bhiorach dùnaidh | saidh | tupail
《	camag bhiorach dhùbailte fosglaidh	camag | camag bhiorach dhùbailte | camag bhiorach dhùbailte fosglaidh
》	camag bhiorach dhùbailte dùnaidh	camag | camag bhiorach dhùbailte | camag bhiorach dhùbailte dùnaidh
「	camag oisein fosglaidh	camag | camag oisein | camag oisein fosglaidh
」	camag oisein dùnaidh	camag | camag oisein | camag oisein dùnaidh
『	camag oisein fhalamh fosglaidh	camag | camag oisein fhalamh | camag oisein fhalamh fosglaidh
』	camag oisein fhalamh dùnaidh	camag | camag oisein fhalamh | camag oisein fhalamh dùnaidh
【	camag lionsa dhubh fosglaidh	camag | camag lionsa dhubh | camag lionsa dhubh fosglaidh
】	camag lionsa dhubh dùnaidh	camag | camag lionsa dhubh | camag lionsa dhubh dùnaidh
〔	camag shligeanaich fosglaidh	camag | camag shligeanaich | camag shligeanaich fosglaidh
〕	camag shligeanaich dùnaidh	camag | camag shligeanaich | camag shligeanaich dùnaidh
〖	camag lionsa fhalamh fosglaidh	camag | camag lionsa fhalamh | camag lionsa fhalamh fosglaidh
〗	camag lionsa fhalamh dùnaidh	camag | camag lionsa fhalamh | camag lionsa fhalamh dùnaidh
〰	loidhne lùbach	comharra | dais | loidhne | lùbach | puingeachadh
〽	comharra airson atharrachadh phàirtean	atharrachadh | comharra | comharra airson atharrachadh phàirtean | pàirt
・	dotag mheadhanach Katakana	dotag | dotag mheadhanach Katakana | dotagan | eadar-phuing | Katakana | meadhanach | puing
㊗	putan Seapanais “Meal do naidheachd”	iapanais | ideo-ghraf | meal do naidheachd | mealaibh ur naidheachd | putan Seapanais “Meal do naidheachd” | Seapanais | 祝
㊙	putan Seapanais “Dìomhair”	dìomhair | iapanais | ideo-ghraf | putan Seapanais “Dìomhair” | Seapanais | 秘
﷼	rial	airgeadra | rial
🅰	putan A (seòrsa fala)	a | fuil | putan A (seòrsa fala) | seòrsa fala
🅱	Putan B (seòrsa fala)	b | fuil | Putan B (seòrsa fala) | seòrsa fala
🅾	Putan O (seòrsa fala)	fuil | o | Putan O (seòrsa fala) | seòrsa fala
🅿	putan P	pàirceadh | putan P
🈂	putan Seapanais “tàille seirbheise”	iapanais | katakana | putan Seapanais “tàille seirbheise” | seapanais | tàille seirbheise | サ
🈷	putan Seapanais “tàille mhìosail”	iapanais | ideo-ghraf | putan Seapanais “tàille mhìosail” | seapanais | tàille mhìosail | 月
🌡	teas-mheidh	aimsir | sìde | teas-mheidh
🌤	a’ ghrian air cùl neòil bhig	a’ ghrian air cùl neòil bhig | grian | neul | sgòth
🌥	a’ ghrian air cùl sgòtha mhòir	a’ ghrian air cùl sgòtha mhòir | grian | neul | sgòth
🌦	a’ ghrian air cùl sgòtha uisge	a’ ghrian air cùl sgòtha uisge | grian | neul | sgòth | uisge
🌧	sgòth le uisge	neul | sgòth | sgòth le uisge | uisge
🌨	sgòth le sneachd	fuar | neul | sgòth | sgòth le sneachd | sneachd
🌩	neul le dealanaich	dealanaich | neul | neul le dealanaich | sgòth
🌪	tornàdo	neul | sgòth | tornàdo
🌫	ceò	ceò | neul
🌬	aodann na gaoithe	aodann | aodann na gaoithe | gaoth | neul | sèideadh | sgòth
🌶	piobar-teth	piobar | piobar-teth | teth
🍽	forc is sgian le truinnsear	còcaireachd | forc | forc is sgian le truinnsear | sgian | truinnsear
🎖	bonn an airm	arm | bonn | bonn an airm | comharrachadh
🎗	ribean cuimhneachaidh	comharrachadh | cuimhneachan | ribean | ribean cuimhneachaidh
🎙	micreofon stiùideo	ceòl | mic | micreofon | stiùideo | stiùidio
🎚	sleamhnachan àirde	àirde | ceòl | leibheil | sleamhnachan
🎛	putanan-smachd	ceòl | putan | putanan-smachd | smachd
🎞	frèamaichean film	film | frèam | frèamaichean film | taigh-dhealbh
🎟	ticeadan inntrigidh	bileag | cairt-fharaidh | cead a-steach | inntrigeadh | ticead | ticeadan inntrigidh | ticeard | ticeid | tiocaid | tiogaid
🏋	neach a’ togail chuideaman	cuideam | neach a’ togail chuideaman | togail
🏌	neach ri goilf	bàla | ball | goilf | neach ri goilf
🏍	motar-baidhg	motar-baidhg | rèis | rèiseadh
🏎	càr rèisidh	càr | càr rèisidh | rèis | rèiseadh
🏔	beinn le sneachd air a mullach	beinn | beinn le sneachd air a mullach | fuar | sneachd
🏕	campachadh	campachadh
🏖	tràigh le sgàilean	sgàilean | tràigh | tràigh le sgàilean
🏗	togail taighe	togail | togail taighe
🏘	taighean	taighean
🏙	mòr-bhaile	baile | mòr-bhaile
🏚	tobhta	taigh | tobhta
🏛	togalach clasaigeach	clasaigeach | togalach clasaigeach
🏜	fàsach	fàsach
🏝	eilean fàs	eilean | eilean fàs | fàsach
🏞	pàirc nàiseanta	pàirc | pàirc nàiseanta
🏟	stèideam	stèideam
🏳	bratach gheal	bratach gheal | crathadh | snàmh
🏵	ròsag	flùr | lus | ròsag
🏷	bileag	bileag | leubail
🐿	feòrag-stiallach	chipmunk | feòrag-stiallach
👁	sùil	bodhaig | sùil
📽	proiseactar	film | proiseactar | taigh-dhealbh | tilgeir | video
🕉	om	creideamh | hindu | om
🕊	calman	calman | eun | itealadh | sgiathadh | sìth
🕯	coinneal	coinneal | solas
🕰	cleoc sgeilpe	cleoc | cleoc sgeilpe | cloc | gleoc
🕳	toll	toll
🕴	duine air flod ’s deise gnìomhachais air	deise | duine | duine air flod ’s deise gnìomhachais air | fear | fireannach | gnìomhachas | gnothachas
🕵	lorgaire	brathadair | lorg-phoileas | lorgaire
🕶	speuclairean-grèine	dorcha | speuclairean | speuclairean-grèine | sùil
🕷	damhan-allaidh	bèisteag | biastag | damhan-allaidh | fiolan | meanbh-fhrìde
🕸	lìon damhain-allaidh	damhan-allaidh | eige | lìon | lìon damhain-allaidh | oige
🕹	bioran-smachd	bioran-smachd | geama | video
🖇	cliopaichean-pàipeir ceangailte	ceangal | cliopaichean-pàipeir ceangailte | clip-phàipeir
🖊	peann-bàla	bàla | ceann-bàla | peann | peann-bàla
🖋	peann	peann
🖌	bruis-pheant	bruis-pheant | dealbh | dealbhachd | dealbhadaireachd | peantadh | peantaireachd
🖍	crèidhean	crèidhean
🖐	làmh air a togail le corragan sìnte	corrag | làmh | làmh air a togail le corragan sìnte | meur | sìnte
🖥	coimpiutair deasg	coimpiutair | deasg | desktop
🖨	clò-bhualadair	clò-bhualadair | clò-bhualadh | coimpiutair | prionntair
🖱	luchag	coimpiutair | luchag
🖲	trackball	coimpiutair | trackball
🖼	dealbh le frèam	dealbh | dealbh le frèam | ealan | frèam | taigh-tasgaidh
🗂	roinneadairean clàr-amais chairtean	cairt | clàr-amais | roinneadair | roinneadairean clàr-amais chairtean
🗃	bogsa fhaidhlichean	bogsa | bogsa fhaidhlichean | cairt | faidhle
🗄	caibineat fhaidhlichean	caibineat | caibineat fhaidhlichean | faidhle | faidhleadh | preas
🗑	bogsa-sgudail	bogsa-sgudail | sgudal
🗒	pada-nòtaichean le cuachag	cuachag | nòta | pada | pada-nòtaichean le cuachag
🗓	mìosachan le cuachag	cuachag | mìosachan | mìosachan le cuachag | pada
🗜	clabhd	clabhd | dùmhladh | dùmhlaich | glamradh | gramaiche | inneal
🗝	iuchair seann-nòsach	glais | glas | iuchair | iuchair seann-nòsach | oidheam | sean | seann
🗞	pàipear-naidheachd truiste	naidheachd | naidheachdan | pàipear | pàipear-naidheachd truiste | roiligeadh | truiste
🗡	biodag	arm | biodag | sgian
🗣	ceann a’ bruidhinn	aodann | ceann | ceann a’ bruidhinn | sgàil-dhealbh bruidhinn | sgàil-riochd | silhouette
🗨	builgean còmhraidh dhan taobh chlì	bruidhinn | builgean còmhraidh dhan taobh chlì | cainnt | còmhradh
🗯	builgean feirg dhan taobh deas	bailiùn | builgean | builgean feirg dhan taobh deas | feargach
🗳	bogsa taghaidh le baileat	baileat | bhòtadh | bogsa | bogsa taghaidh le baileat | taghadh
🗺	mapa an t-saoghail	mapa | mapa an t-saoghail | saoghal
🛋	langasaid ’s lampa	lampa | langasaid | langasaid ’s lampa | taigh-òsta
🛍	bagaichean seopadaireachd	baga | bagaichean seopadaireachd | ceannachd | seopadaireachd | taigh-òsta
🛎	clag taigh-òsta	clag | gille-cluig | pèidse | taigh-òsta
🛏	leabaidh	cadal | leabaidh | taigh-òsta
🛠	òrd is toinnear	inneal | nupair | òrd | òrd is toinnear | spanair | toinnear
🛡	sgiath-dìon	arm | armachd | sgiath | sgiath-dìon
🛢	druma ola	druma | ola
🛣	mòr-rathad	mòr-rathad | rathad | rathad-mòr
🛤	slighe-iarainn	rathad-iarainn | rèile | slighe-iarainn | trèana
🛥	bàta-motair	bàta | bàta-motair | motar
🛩	itealan beag	itealan | itealan beag | plèana
🛰	saideal	fànas | saideal | speur
🛳	long thaistealach	long | long thaistealach | taistealach
