# CLDR symbol names for hi_Latn: symbol, tts name, keywords
# cldr-version	48
# source	https://unicode.org/Public/cldr/48/cldr-common-48.zip
# sha256	06c7c698d6fd8d67cefac15a0206b0109b00e0ef1636f86f84449fa959561f74
# icu-version	78.3
# unicode-version	17.0
# Generated by tools/cldr_symbol_names.py; do not edit.
%	percent	
&		ampersand | aur | et
'	typewriter apostrophe	apostrophe | quote | single quote | typewriter apostrophe
)		bracket | close parenthesis | paren | parens | parenthesis | round bracket
.	period	
<	isse kam	isse kam | open tag | tag
=	baraabar	baraabar
>	isse bada	close tag | isse bada | tag
@	at-sign	ampersat | arobase | arroba | at mark | at sign | at-sign
[		bracket | crotchet | open square bracket | square bracket
]		bracket | close square bracket | crotchet | square bracket
^		accent | caret | chevron | circumflex | control | hat | xor sign
_	low line	dash | line | low dash | low line | underdash | underline
{		brace | bracket | curly brace | curly bracket | gullwing | open curly bracket
|		pike | pipe | sheffer stroke | stick | vbar | vertical bar | vertical line
}		brace | bracket | close curly bracket | curly brace | curly bracket | gullwing
£		currency | EGP | GBP | pound
¨		diaeresis | umlaut
®		R | registered
µ		measure | micro sign
،	arabic comma	arabic | comma
؛	arabic semicolon	arabic | semicolon
؟	arabic question mark	arabic | arabic question mark | question | question mark
‘		apostrophe | left apostrophe | quote | single quote | smart quote
’		apostrophe | quote | right apostrophe | single quote | smart quote
“		double quote | left quotation mark | quotation | quote | smart quotation
”		double quote | quotation | quote | right quotation mark | smart quotation
†	dagger sign	dagger | dagger sign | obelisk | obelus
‡	double dagger sign	dagger | double | double dagger sign | obelisk | obelus
‰		per mil | per mille | permil | permille
⁉		! | !? | ? | exclamation | exclamation question mark | interrobang | question mark
₡	Costa Rican colon	
₢		BRB | cruzeiro | currency
₣	french franc	currency | franc | french franc
₤		currency | lira
₰	german penny	currency | german penny | pfennig
₳		ARA | austral | currency
₶		currency | livre tournois
₹	indian rupee	currency | indian rupee | rupee
₽	ruble	currency | ruble
↙	left-down arrow	arrow | intercardinal | left-down arrow | left-down direction | southwest
↚	stroke ke saath leftwards arrow	stroke ke saath leftwards arrow
↛	stroke ke saath rightwards arrow	stroke ke saath rightwards arrow
↞	leftwards two headed arrow	leftwards two headed arrow
↟	upwards two headed arrow	upwards two headed arrow
↠	rightwards two headed arrow	rightwards two headed arrow
↡	downwards two headed arrow	downwards two headed arrow
↢	tail wala leftwards arrow	tail wala leftwards arrow
↣	tail wala rightwards arrow	tail wala rightwards arrow
↨	base ke saath up down arrow	base ke saath up down arrow
↩	left side muda hua right arrow	arrow | left side muda hua right arrow
↪	right side muda hua left arrow	arrow | right side muda hua left arrow
↫	loop wala leftwards arrow	loop wala leftwards arrow
↬	loop wala rightwards arrow	loop wala rightwards arrow
↭	left right wave arrow	left right wave arrow
↮	stroke ke saath left-right arrow	stroke ke saath left-right arrow
↰	leftwards tip wala upwards arrow	leftwards tip wala upwards arrow
↱	rightwards tip wala upwards arrow	rightwards tip wala upwards arrow
↲	leftwards tip wala downwards arrow	leftwards tip wala downwards arrow
↳	rightwards tip wala downwards arrow	rightwards tip wala downwards arrow
↴	downwards corner wala rightwards arrow	downwards corner wala rightwards arrow
↵	downwards corner wala leftwards arrow	downwards corner wala leftwards arrow
↶	anticlockwise top semicircle arrow	anticlockwise top semicircle arrow
↷	clockwise top semicircle arrow	clockwise top semicircle arrow
↸	north west arrow long bar	north west arrow long bar
↹		arrow | bar | leftwards | leftwards over rightwards arrow bars | rightwards
↺	anticlockwise open circle arrow	anticlockwise open circle arrow
↻	clockwise open circle arrow	clockwise open circle arrow
↼	leftwards harpoon barb upwards	barb | leftwards harpoon barb upwards
↽	leftwards harpoon barb downwards	leftwards harpoon barb downwards
↾	upwards harpoon barb rightwards	barb | upwards harpoon barb rightwards
↿	upwards harpoon barb leftwards	barb | upwards harpoon barb leftwards
⇀	rightwards harpoon barb upwards	barb | rightwards harpoon barb upwards
⇁	rightwards harpoon barb downwards	barb | rightwards harpoon barb downwards
⇂	downwards harpoon barb rightwards	barb | downwards harpoon barb rightwards
⇃	downwards harpoon barb leftwards	barb | downwards harpoon barb leftwards
⇇	leftwards arrows kaa pair	leftwards arrows kaa pair
⇈	upwards arrows kaa pair	upwards arrows kaa pair
⇉	rightwards arrows kaa pair	rightwards arrows kaa pair
⇊	downwards arrows kaa pair	downwards arrows kaa pair
⇍	strike kiya gaya leftwards double arrow	strike kiya gaya leftwards double arrow
⇎	strike kiya gaya left-right double arrow	strike kiya gaya left-right double arrow
⇏	strike kiya gaya rightwards double arrow	strike kiya gaya rightwards double arrow
⇖	north west double arrow	north west double arrow
⇗	north east double arrow	north east double arrow
⇘	south east double arrow	south east double arrow
⇙	south west double arrow	south west double arrow
⇞	double strike kiya gaya upwards arrow	double strike kiya gaya upwards arrow
⇟	double strike kiya gaya downwards arrow	double strike kiya gaya downwards arrow
⇤	leftwards arrow bar	leftwards arrow bar
⇥	rightwards arrow bar	rightwards arrow bar
⇵	downwards aur upwards arrows	downwards aur upwards arrows
∀	sabhi ke liye	given | koi bhi | sabhi | sabhi ke liye | universal
∂		differential | partial differential
∃	vahan maujood hota hai	there exists | Vahan maujood hota hai
∅		empty set | mathematics | set operator
∈	iska element	element | iska element | ismein shaamil hai | membership | set
∉	element nahi	element | element nahi | koi element nahi
∋	member ke taur par rakhta hai	element | member ke taur par rakhta hai
∎	end proof	end proof | halmos | q.e.d. | qed | tombstone
∑		mathematics | n-ary summation | summation
∓		minus-or-plus | plus-minus
∝	proportional	proportional | proportionality
∣		divides | divisor
∥	parallel	parallel
∮		contour integral
∴	isliye	hence | isliye | logic
∵	kyonki	kyonki | logic
≃	asymptotically equal	asymptote | asymptotically equal | mathematics
≅	approximately equal	almost equal | approximately equal | baraabri | congruence | isomorphism | mathematics
≌	sabhi baraabar	equality | mathematics | sabhi baraabar
≒	approximately image ke equal	approximately | approximately baraabar | approximately equal
≠	baraabar nahi	baraabar na hona | baraabar nahi | not equal
≣	strictly equivalent	equality | mathematics | strictly equivalent
≤	isse chhota yaa baraabar	baraabar | baraabar hai | baraabri na hona | isse chhota | isse chhota yaa baraabar | less-than or equal
≥	isse bada yaa baraabar	baraabar | baraabar hai | baraabri na hona | isse bada | isse bada yaa baraabar
≦	baraabar hone par isse kam	baraabar hone par isse kam | baraabri na hona | mathematics
≧	baraabar hone par isse zyaada	baraabar hone par isse zyaada | baraabri na hona | mathematics
≪	isse kaafi kam	baraabri na hona | isse kaafi kam | ke comparision mein kaafi kam | mathematics
≫	isse kaafi zyaada	inequality | isse kaafi zyaada | ke comparision mein kaafi zyaada | mathematics
≬	iske beech	iske beech
≮	isse kam nahi	baraabar na hona | isse kam nahi | mathematics | not equal
≯	isse bada nahi	baraabar na hona | isse bada nahi | mathematics | not equal
≳	greater-than equivalent	greater-than equivalent | inequality | mathematics
≺	pahle aata hai	mathematics | pahle aata hai | set operator
≻	baad mein aata hai	baad mein aata hai | mathematics | set operator
⊁	baad mein nahi aata	baad mein nahi aata | mathematics | set operator
⊂	iska subset	iska subset | set | subset
⊃	superset	mathematics | set operator | superset
⊆	subset baraabar	subset baraabar
⊇	superset baraabar	baraabri hona | mathematics | superset baraabar
⊕		circled plus | plus
⊖		circled minus | erosion | symmetric difference
⊗		circled times | product | tensor
⊙		circled dot operator | operator | XNOR
⊛		asterisk | circled asterisk operator | operator
⊞		addition-like | mathematics | squared plus
⊮		does not force
⊰		mathematics | precedes under relation | set operator
⊱		mathematics | set operator | succeeds under relation
⊶	original	original
⋘	isse bahut kam	baraabar nahi | inequality | isse bahut kam | mathematics | not equal | very much less-than
⋙	isse bahut zyaada	baraabar nahi | inequality | isse bahut zyaada | mathematics | not equal | very much greater-than
⋭	normal subgroup equal ke taur par nahi	group theory | mathematics | normal subgroup equal ke taur par shaamil nahi karta
⋰	up right diagonal ellipsis	ellipsis | mathematics | up right diagonal ellipsis
⋱	down right diagonal ellipsis	down right diagonal ellipsis | ellipsis | mathematics
⏯	play aur pause button	arrow | pause | play | play aur pause button | right | triangle
Ⓜ	Circle kiya hua M	circle | Circle kiya hua M | circle mein M | M
■		filled square
□		hollow square
▢	rounded corners wala hollow square	rounded corners wala hollow square
▣	hollow square mein ek filled square	hollow square mein ek filled square
▤	horizontal fill wala square	horizontal fill wala square
▥	vertical fill wala square	vertical fill wala square
▦	square orthogonal crosshatch fill	square orthogonal crosshatch fill
▧	upper left se lower right filled square	upper left se lower right filled square
▨	upper right se lower left filled square	upper right se lower left filled square
▩	square diagonal crosshatch fill	square diagonal crosshatch fill
▬		filled rectangle
▭		hollow rectangle
▮		filled vertical rectangle
▰		filled parallelogram
▲	Oopar point karta hua filled triangle	arrow | filled | Oopar point karta hua filled triangle | triangle | up
△		hollow up-pointing triangle
▴		filled up-pointing small triangle
▵		hollow up-pointing small triangle
▷		hollow right-pointing triangle
▸		filled right-pointing small triangle
▹		hollow right-pointing small triangle
►		filled right-pointing pointer
▻		hollow right-pointing pointer
▼	neeche point karta hua filled triangle	arrow | down | filled | neeche point karta hua filled triangle | neeche point karta hua triangle | triangle
▽		hollow down-pointing triangle
▾		filled down-pointing small triangle
▿		hollow down-pointing small triangle
◁		hollow left-pointing triangle
◂		filled left-pointing small triangle
◃		hollow left-pointing small triangle
◄		filled left-pointing pointer
◅		hollow left-pointing pointer
◆		filled diamond
◇		hollow diamond
◈	filled diamond wala hollow diamond	filled diamond wala hollow diamond | hollow diamond containing filled diamond
◉	filled circle wala hollow circle	circled dot | concentric cicles filled | filled circle wala hollow circle | fisheye | ward
○		circle | hollow circle | ring
◍	vertical fill wala circle	vertical fill wala circle
●		circle | filled circle
◐	left se half filled circle	left se half filled circle
◑	right se half filled circle	right se half filled circle
◒	neeche se half filled circle	neeche se half filled circle
◓	oopar se half filled circle	oopar se half filled circle
◔	Circle kaa filled upper right quadrant	Circle kaa filled upper right quadrant
◕	upper left quadrant chhodkar filled circle	upper left quadrant ko chhodkar poora filled cirle
◖	half filled left circle	half filled left circle | left se half black circle | left se half filled circle
◗	half filled right circle	half filled right circle | right se half black circle | right se half filled circle
◙	hollow circle wala filled square	hollow circle wala filled square | inverse hollow circle
◜	upper left quadrant circular arc	upper left quadrant circular arc
◝	upper right quadrant circular arc	upper right quadrant circular arc
◞	lower right quadrant circular arc	lower right quadrant circular arc
◟	lower left quadrant circular arc	lower left quadrant circular arc
◢	filled lower right triangle	filled lower right triangle
◣	filled lower left triangle	filled lower left triangle
◤	filled upper left triangle	filled upper left triangle
◥	filled upper right triangle	filled upper right triangle
◯		circle | large hollow circle | ring
◳	hollow square upper right quadrant	hollow square upper right quadrant
◷	upper right quadrant wala hollow circle	hollow upper right quadrant wala hollow circle
◿	lower right triangle	lower right triangle
☑	check mark wala check box	✓ | box | check | check mark wala check box
☝	oopar point karti index finger	finger | hand | index | oopar point karti index finger | point | up
☠	skull aur crossbones	crossbones | death | face | monster | skull | skull aur crossbones
☦	orthodox cross	Christian | cross | orthodox cross | religion
☪	star aur crescent	islam | Muslim | religion | star aur crescent
☸	dharma chakra	Buddhist | dharma | dharma chakra | religion | wheel
♪	eighth note	eighth | music | note
♯		diesis | music | note | sharp
⚒	hathouda aur kudaali	hammer | hathouda aur kudaali | pick | tool
⚖	taraazu	justice | Libra | scale | taraazu | zodiac
⚜	lily flower	lily flower
⚧		transgender | transgender symbol
⛈	lightning aur baarish waale baadal	cloud | lightning aur baarish waale baadal | rain | thunder
⛏	kudaali	kudaali | mining | tool
⛑	rescue worker kaa helmet	aid | cross | face | hat | helmet | rescue worker kaa helmet
⛱	zameen par umbrella	rain | sun | umbrella | zameen par umbrella
⛹	ball se khelta vyakti	ball | ball se khelta vyakti
✌	victory dikhaata haath	haath | jeet | victory | victory dikhaata haath
✍	likhta hua haath	haath | likhna | likhta hua haath
✔	check mark	✓ | check | mark
✖		× | cancel | multiplication | multiply | sign | x
✝	latin cross	Christian | cross | latin cross | religion
✡	star of David	David | Jew | Jewish | religion | star | star of David
✳	8 spoke wala asterisk	* | 8 spoke wala asterisk | asterisk
✴	8 point wala star	* | 8 point wala star | star
❣	exclamation sign wala heart	exclamation | exclamation sign wala heart | mark | punctuation
⤴	oopar ki taraf muda hua right arrow	arrow | oopar ki taraf muda hua right arrow
⤵	neeche ki taraf muda hua right arrow	arrow | down | neeche ki taraf muda hua right arrow
⨧	plus subscript two	plus subscript two
⨯	vector cross product	vector cross product
⨼		interior product
⩣	logical yaa double underbar	logical yaa double underbar
⩽	less-than slanted equal	less-than slanted equal
⪍	less-than above similar equal	less-than above similar equal
⪚	double-line equal greater-than	baraabri na hona | double-line equal greater-than | mathematics
。	ideographic period	full stop | ideographic | period
〈		angle bracket | bracket | chevron | diamond brackets | open angle bracket | pointy bracket | tuple
〉		angle bracket | bracket | chevron | close angle bracket | diamond brackets | pointy bracket | tuple
《		bracket | double angle bracket | open double angle bracket
》		bracket | close double angle bracket | double angle bracket
「		bracket | corner bracket | open corner bracket
」		bracket | close corner bracket | corner bracket
『		bracket | hollow corner bracket | open hollow corner bracket
』		bracket | close hollow corner bracket | hollow corner bracket
【	open black lens bracket	bracket | lens bracket | lenticular bracket | open black lens bracket
】	close black lens bracket	bracket | close black lens bracket | lens bracket | lenticular bracket
〔		bracket | open tortoise shell bracket | shell bracket | tortoise shell bracket
〕		bracket | close tortoise shell bracket | shell bracket | tortoise shell bracket
〖	open hollow lens bracket	bracket | hollow lens bracket | hollow lenticular bracket | open hollow lens bracket
〗	close hollow lens bracket	bracket | close hollow lens bracket | hollow lens bracket | hollow lenticular bracket
🌤	chhote baadlon ke peeche chhupa sun	chhote baadlon ke peeche chhupa sun | cloud | sun
🌥	bade baadlon ke peeche chhupa sun	bade baadlon ke peeche chhupa sun | cloud | sun
🌦	baarish wale baadlon ke peeche chhupa sun	baarish wale baadlon ke peeche chhupa sun | cloud | rain | sun
🌧	baarish ke saath baadal	baarish ke saath baadal | cloud | cloud with rain | rain
🌨	barf ke saath baadal	barf ke saath baadal | cloud | cold | snow
🌩	lightning wale baadal	cloud | lightning | lightning wale baadal
🍽	plate ke saath knife aur fork	cooking | fork | knife | plate | plate ke saath knife aur fork
🏋	weightlifting karta vyakti	lifter | weight | weightlifting karta vyakti
🏌	golf khelta vyakti	ball | golf | golf khelta vyakti
🏖	beach par umbrella	beach | beach par umbrella | umbrella
🏛		classical | classical building
🏳		waving | white flag
🕴	hawa mein udta suit wala vyakti	business | hawa mein udta suit wala vyakti | person | person in suit levitating | suit
🖇	link kiye gaye paperclips	link | link kiye gaye paperclips | paperclip
🖐	faili fingers wala haath	faili fingers wala haath | finger | hand | splayed
🖼	frame ki gai picture	art | frame | frame ki gai picture | museum | painting | picture
🗝	puraani key	clue | key | lock | old | puraani key
🗞	roll kiya hua newspaper	news | newspaper | paper | roll kiya hua newspaper | rolled
🗡	kataar	kataar | knife | weapon
🗣	bolta face	bolta face | face | face kaa shape | head | speak
🗳	ballot ke saath ballot box	ballot | ballot ke saath ballot box | box
🛋	sofa aur lamp	couch | hotel | lamp | sofa aur lamp
🛠	hathouda aur wrench	hammer | hathouda aur wrench | spanner | tool | wrench
