# CLDR symbol names for hr: symbol, tts name, keywords
# cldr-version	48
# source	https://unicode.org/Public/cldr/48/cldr-common-48.zip
# sha256	06c7c698d6fd8d67cefac15a0206b0109b00e0ef1636f86f84449fa959561f74
# icu-version	78.3
# unicode-version	17.0
# Generated by tools/cldr_symbol_names.py; do not edit.
!	uskličnik	uskličnik | usklik
#	znak ljestve	broj | funta | hashtag | lb | ljestve | znak ljestve | znak ljestvi
$	dolar	dolar | novac | pezo | USD
%	postotak	posto | postotak
&	znak &	et | i | znak &
'	polunavodnik na pisaćem stroju	apostrof | jednostruki navodnik | navodnik | polunavodnik na pisaćem stroju
)	desna zagrada	desna zagrada | okrugla zagrada | zagrada
*	zvjezdica	asterisk | zamjenski znak | zvjezdica
+	znak plusa	plus | zbrajanje | znak plusa
,	zarez	zarez
-	spojnica-minus	crtica | minus | spojnica | spojnica-minus
.	točka	točka | točka na kraju rečenice | završna točka
/	kosa crta	kosa crta | kosina
:	dvotočka	dvotočka
;	točka sa zarezom	točka sa zarezom
<	manje	manje | manje od | oznaka | početna oznaka
=	jednako	jednako | jednako je
>	veće	oznaka | veće | veće od | završna oznaka
?	upitnik	pitanje | upitnik
@	znak „at”	monkey | vitičnik | znak „at“ | znak „at”
[	lijeva uglata zagrada	lijeva uglata zagrada | uglata zagrada | zagrada
\	obrnuta kosa crta	obrnuta kosa crta | obrnuti solidus
]	desna uglata zagrada	desna uglata zagrada | uglata zagrada | zagrada
^	dugosilazni naglasak	cirkumfleks | dugosilazni | naglasak | vrh
_	donja crta	crta | donja crta
`	kratkouzlazni naglasak	kratkouzlazni | naglasak | ton
{	lijeva vitičasta zagrada	lijeva vitičasta zagrada | vitica | vitičasta zagrada | zagrada
|	okomita crta	crta | linija | okomita crta | potez | šeferova crta | uspravna crta | v crta | vertikalna crta | vrh
}	desna vitičasta zagrada	desna vitičasta zagrada | vitica | vitičasta zagrada | zagrada
~	tilda	tilda
¡	obrnuti uskličnik	obrnuti | uskličnik | usklik
¢	cent	cent
£	funta	EGP | funta | GBP | valuta
¤	nepoznata valuta	
¥	jen	CNY | jen | JPY | juan | valuta
§	odjeljak	dio | odjeljak | odlomak | znak za odjeljak
¨	dijereza	dijereza | prijeglas | trema
©	znak za autorska prava	autorska prava | copyright | znak za autorska prava
«	lijevo usmjereni šiljasti navodnik	kareti | lijevo | lijevo usmjereni šiljasti navodnik | navodnik | ševron | ukošeno | zagrade
¬	negacija	ne | negacija
®	znak za registrirano	registrirano | znak za registrirano
°	stupanj	satni kut | stupanj | udio
±	plus-minus	plus-minus
²	eksponent 2	2 | eksponent | kvadratni
³	eksponent 3	3 | eksponent | kubični
´	dugouzlazni naglasak	dugouzlazni | naglasak | ton
µ	znak mikro	mjera | znak mikro
¶	prijelom odlomka	alineja | odjeljak | odlomak | prijelom odlomka | znak prijeloma
·	srednja točka	sredina | srednja točka | točka
¹	eksponent 1	1 | eksponent
»	desno usmjereni šiljasti navodnik	desno | desno usmjereni šiljasti navodnik | kareti | navodnik | ševron | ukošeno | zagrade
¿	obrnuti upitnik	obrnuti | pitanje | upitnik
×	znak za množenje	množenje | pomnoži | puta | znak za množenje
÷	znak za dijeljenje	dijeljenje | podijeli | znak dijeljenja | znak za dijeljenje
֏	armenski dram	
؋	afganistanski afgani	
،	zarez u arapskom pismu	zarez | zarez u arapskom pismu
؛	točka sa zarezom u arapskom pismu	arapsko pismo | točka sa zarezom | točka sa zarezom u arapskom pismu
؟	upitnik u arapskom pismu	arapsko pismo | pitanje | upitnik | upitnik u arapskom pismu
৳	bangladeška taka	
฿	tajlandski baht	
៛	kambodžanski rijal	
‐	spojnica	crtica | spojnica
–	crtica	crtica | pravopisni znak
—	crta	crta | pravopisni znak
―	vodoravna crta	crta | crtica | vodoravna crta
‘	lijevi polunavodnik	apostrof | jednostruki | lijevi polunavodnik | navodnik | polunavodnik
’	desni polunavodnik	apostrof | desni polunavodnik | jednostruki | navodnik | polunavodnik
‚	donji desni polunavodnik	apostrof | donji desni polunavodnik | donji navodnik | polunavodnik
“	lijevi navodnik	dvostruki navodnici | lijevi navodnik | navodnik
”	desni navodnik	desni navodnik | dvostruki navodnici | navodnik
„	donji desni navodnik	donji desni navodnik | dvostruki navodnici | navodnik | polunavodnik
†	znak bodeža	bodež | obelisk | znak bodeža
‡	znak dvostrukog bodeža	bodež | dvostruko | obelisk | znak dvostrukog bodeža
•	grafička oznaka	grafička oznaka | točka
…	trotočka	izostavljanje | točke | trotočka
‧	točka za rastavljanje riječi	crtica | spojnica | točka | točka za rastavljanje riječi
‰	promil	potisućak | promil
′	izostavnik	izostavnik
″	dvostruki navodnik	dvostruki navodnik | navodnik
‴	trostruki navodnik	navodnik | trostruki navodnik
‸	karet	karet
※	referenca	oznaka | referenca
‼	dvostruki uskličnik	dvostruki uskličnik | interpunkcija | uskličnik | znak
‽	upitnik s uskličnikom	upitnik s uskličnikom | uskličnik-upitnik
‾	nadcrta	nadcrta
⁂	asterizam	asterizam
⁄	razlomačka kosa crta	razlomačka kosa crta
⁉	uskličnik-upitnik	interpunkcija | pitanje | upitnik | uskličnik | uskličnik-upitnik | znak
⁻	minus u eksponentu	eksponent | minus
₡	kostarikanski kolon	
₢	cruzeiro	cruzeiro
₣	francuski franak	franak | francuski franak | valuta
₤	lira	lira | valuta
₥	mill	mil | mill
₦	nigerijska naira	
₧	španjolska pezeta	
₨	rupija	rupija | valuta
₩	von	KPW | sjevernokorejski von | von
₪	novi izraelski šekel	
₫	vijetnamski dong	
€	euro	EUR | euro | valuta
₭	laoski kip	
₮	mongolski tugrik	
₰	njemački pfennig	njemački pfennig | pfennig | valuta
₱	pezo	pezo
₲	paragvajski gvarani	
₳	austral	ARA | austral | valuta
₴	ukrajinska hrivnja	
₵	ganski cedi	
₶	francuska livra	francuska livra | valuta
₷	spesmilo	spesmilo | valuta
₸	kazahstanski tenge	
₹	indijska rupija	indijska rupija | rupija | valuta
₺	turska lira	
₼	azerbajdžanski manat	
₽	rubalj	rubalj | valuta
₾	gruzijski lari	
₿	bitcoin	bitcoin | BTC
℗	simbol autorskog prava za snimanje zvuka	autorsko pravo | simbol autorskog prava za snimanje zvuka | snimanje | zvuk
™	zaštitni znak tm	tm | zaštitni znak | zaštitni znak tm | znak
ℹ	izvor informacija	i | informacije | izvor informacija
←	strelica koja pokazuje ulijevo	lijevo | strelica | strelica koja pokazuje ulijevo
↑	strelica koja pokazuje prema gore	gore | strelica | strelica koja pokazuje prema gore
→	strelica koja pokazuje udesno	desno | strelica | strelica koja pokazuje udesno
↓	strelica koja pokazuje prema dolje	dolje | strelica | strelica koja pokazuje prema dolje
↔	strelica lijevo-desno	strelica | strelica lijevo-desno
↕	strelica gore-dolje	strelica | strelica gore-dolje
↖	strelica prema gore-lijevo	sjeverozapad | smjer | strelica | strelica prema gore-lijevo
↗	strelica prema gore-desno	sjeveroistok | smjer | strelica | strelica prema gore-desno
↘	strelica prema dolje-desno	jugoistok | smjer | strelica | strelica prema dolje-desno
↙	strelica prema dolje-lijevo	jugozapad | smjer | strelica | strelica prema dolje-lijevo
↚	kosa crta sa strelicom ulijevo	kosa crta sa strelicom ulijevo
↛	kosa crta sa strelicom udesno	kosa crta sa strelicom udesno
↜	valovita strelica ulijevo	valovita strelica ulijevo
↝	valovita strelica udesno	valovita strelica udesno
↞	strelica s dva vrha ulijevo	strelica s dva vrha ulijevo
↟	strelica s dva vrha prema gore	strelica s dva vrha prema gore
↠	strelica s dva vrha udesno	strelica s dva vrha udesno
↡	strelica s dva vrha prema dolje	strelica s dva vrha prema dolje
↢	strelica s repom ulijevo	strelica s repom ulijevo
↣	strelica s repom udesno	strelica s repom udesno
↤	strelica s crtom ulijevo	strelica s crtom ulijevo
↥	strelica s crtom prema gore	strelica s crtom prema gore
↦	strelica s crtom udesno	strelica s crtom udesno
↧	strelica s crtom prema dolje	strelica s crtom prema dolje
↨	strelica prema gore i prema dolje s bazom	strelica prema gore i prema dolje s bazom
↩	desna strelica koja se zakrivljuje ulijevo	desna strelica koja se zakrivljuje ulijevo | strelica
↪	lijeva strelica koja se zakrivljuje udesno	lijeva strelica koja se zakrivljuje udesno | strelica
↫	strelica s petljom ulijevo	strelica s petljom ulijevo
↬	strelica s petljom udesno	strelica s petljom udesno
↭	valovita strelica s vrhom ulijevo i vrhom udesno	valovita strelica s vrhom ulijevo i vrhom udesno
↮	kosa crta sa strelicom ulijevo i udesno	kosa crta sa strelicom ulijevo i udesno
↯	cik-cak strelica prema dolje	cik-cak | cik-cak strelica prema dolje
↰	strelica prema gore s vrhom ulijevo	strelica prema gore s vrhom ulijevo
↱	strelica prema gore s vrhom udesno	strelica prema gore s vrhom udesno
↲	strelica prema dolje s vrhom ulijevo	strelica prema dolje s vrhom ulijevo
↳	strelica prema dolje s vrhom udesno	strelica prema dolje s vrhom udesno
↴	strelica udesno s kutom prema dolje	strelica udesno s kutom prema dolje
↵	strelica prema dolje s kutom ulijevo	strelica prema dolje s kutom ulijevo
↶	polukružna strelica u smjeru suprotnom od kazaljke na satu	polukružna strelica u smjeru suprotnom od kazaljke na satu
↷	polukružna strelica u smjeru kazaljke na satu	polukružna strelica u smjeru kazaljke na satu
↸	strelica s dugom crtom u smjeru sjeverozapada	strelica s dugom crtom u smjeru sjeverozapada
↹	strelica s crtom ulijevo iznad strelice s crtom udesno	strelica s crtom ulijevo iznad strelice s crtom udesno
↺	otvorena kružna strelica u smjeru suprotnom od kazaljke na satu	otvorena kružna strelica u smjeru suprotnom od kazaljke na satu
↻	otvorena kružna strelica u smjeru kazaljke na satu	otvorena kružna strelica u smjeru kazaljke na satu
↼	harpun ulijevo sa šiljkom prema gore	harpun ulijevo sa šiljkom prema gore
↽	harpun ulijevo sa šiljkom prema dolje	harpun ulijevo sa šiljkom prema dolje
↾	harpun prema gore sa šiljkom udesno	harpun prema gore sa šiljkom udesno
↿	harpun prema gore sa šiljkom ulijevo	harpun prema gore sa šiljkom ulijevo
⇀	harpun udesno sa šiljkom prema gore	harpun udesno sa šiljkom prema gore
⇁	harpun udesno sa šiljkom prema dolje	harpun udesno sa šiljkom prema dolje
⇂	harpun prema dolje sa šiljkom udesno	harpun prema dolje sa šiljkom udesno
⇃	harpun prema dolje sa šiljkom ulijevo	harpun prema dolje sa šiljkom ulijevo
⇄	strelica udesno iznad strelice ulijevo	strelica udesno iznad strelice ulijevo
⇅	strelica prema gore i strelica prema dolje	dolje | gore | strelica | strelica prema gore i strelica prema dolje
⇆	strelica ulijevo iznad strelice udesno	desno | lijevo | strelica | strelica ulijevo iznad strelice udesno
⇇	uparene strelice ulijevo	uparene strelice ulijevo
⇈	uparene strelice prema gore	uparene strelice prema gore
⇉	uparene strelice udesno	uparene strelice udesno
⇊	uparene strelice prema dolje	uparene strelice prema dolje
⇋	harpun ulijevo iznad harpuna udesno	harpun ulijevo iznad harpuna udesno
⇌	harpun udesno iznad harpuna ulijevo	harpun udesno iznad harpuna ulijevo
⇍	precrtana dvostruka strelica ulijevo	precrtana dvostruka strelica ulijevo
⇎	precrtana dvostruka strelica ulijevo i udesno	precrtana dvostruka strelica ulijevo i udesno
⇏	precrtana dvostruka strelica udesno	precrtana dvostruka strelica udesno
⇐	dvostruka strelica ulijevo	dvostruka strelica ulijevo
⇑	dvostruka strelica prema gore	dvostruka strelica prema gore
⇒	dvostruka strelica udesno	dvostruka strelica udesno
⇓	dvostruka strelica prema dolje	dvostruka strelica prema dolje
⇔	dvostruka strelica ulijevo i udesno	dvostruka strelica ulijevo i udesno
⇖	dvostruka strelica prema gore-lijevo	dvostruka strelica prema gore-lijevo
⇗	dvostruka strelica prema gore-desno	dvostruka strelica prema gore-desno
⇘	dvostruka strelica prema dolje-desno	dvostruka strelica prema dolje-desno
⇙	dvostruka strelica prema dolje-lijevo	dvostruka strelica prema dolje-lijevo
⇚	trostruka strelica ulijevo	trostruka strelica ulijevo
⇛	trostruka strelica udesno	trostruka strelica udesno
⇜	vijugava strelica ulijevo	vijugava strelica ulijevo
⇝	vijugava strelica udesno	vijugava strelica udesno
⇞	dvostruko precrtana strelica prema gore	dvostruko precrtana strelica prema gore
⇟	dvostruko precrtana strelica prema dolje	dvostruko precrtana strelica prema dolje
⇠	iscrtkana strelica ulijevo	iscrtkana strelica ulijevo
⇡	iscrtkana strelica prema gore	iscrtkana strelica prema gore
⇢	iscrtkana strelica udesno	iscrtkana strelica udesno
⇣	iscrtkana strelica prema dolje	iscrtkana strelica prema dolje
⇤	strelica ulijevo s crtom	strelica ulijevo s crtom
⇥	strelica udesno s crtom	strelica udesno s crtom
⇦	neispunjena strelica ulijevo	neispunjena strelica ulijevo
⇧	neispunjena strelica prema gore	neispunjena strelica prema gore
⇨	neispunjena strelica udesno	neispunjena strelica udesno
⇩	neispunjena strelica prema dolje	neispunjena strelica prema dolje
⇪	neispunjena strelica s crtom prema gore	neispunjena strelica s crtom prema gore
⇵	strelica prema dolje i strelica prema gore	strelica prema dolje i strelica prema gore
∀	za sve	za sve
∂	parcijalni diferencijal	parcijalni diferencijal
∃	kvantifikator egzistencije	kvantifikator egzistencije
∅	prazan skup	prazan skup
∆	inkrement	inkrement | trokut
∇	nabla	nabla | trokut
∈	je element	članstvo | element | je element | sadrži | skup
∉	nije element	element | nije element
∋	sadrži član	element | sadrži član
∎	kraj dokaza	kraj dokaza
∏	Kartezijev umnožak	Kartezijev umnožak
∑	zbroj neograničenog broja operanada	matematika | zbrajanje | zbroj neograničenog broja operanada
−	znak minusa	minus | oduzimanje | znak minusa
∓	minus ili plus	minus ili plus
∕	kosa crta za dijeljenje	kosa crta za dijeljenje
∗	operator u obliku zvjezdice	operator u obliku zvjezdice | zvjezdica
∘	operator u obliku prstena	kompozicija | operator | operator u obliku prstena | prsten
∙	operator u obliku grafičke oznake	operator | operator u obliku grafičke oznake
√	kvadratni korijen	korijen | kvadratni | radikal | surd
∝	razmjerno	proporcionalno | razmjerno
∞	beskonačno	beskonačno
∟	desni kut	desni kut | matematika
∠	kut	kut
∣	dijeljenje	dijeljenje
∥	paralelno	paralelno
∧	logičko „i”	logičko „i”
∩	presjek skupova	presjek skupova | skup
∪	unija skupova	skup | unija skupova | zbirka
∫	integral	integral
∬	dvostruki integral	dvostruki integral
∮	konturni integral	konturni integral
∴	zato	logika | zato
∵	zbog toga	logika | zbog toga
∶	omjer	omjer
∷	udio	proporcionalnost | udio
∼	operator u obliku tilde	operator | operator u obliku tilde
∽	obrnuta tilda	obrnuta tilda | tilda
∾	obrnuto polegnuto „s”	obrnuto polegnuto „s”
≃	asimptotski jednako	asimptotski jednako
≅	otprilike jednako	otprilike jednako
≈	približno jednako	aproksimativno | približno | približno jednako
≌	sve jednako	jednakost | matematika | sve jednako
≒	otprilike jednako slici	otprilike jednako slici
≖	prsten u jednakosti	jednakost | matematika | prsten u jednakosti
≠	različito	nije jednako | različito | različito od
≡	identično jednako	identično | jednako | trostruko
≣	strogo jednako	jednakost | matematika | strogo jednako
≤	manje ili jednako	jednako | jednakost | manje ili jednako | manje od | nejednakost
≥	veće ili jednako	jednako | jednakost | nejednakost | veće ili jednako | veće od
≦	manje od iznad jednako	manje od iznad jednako | matematika | nejednakost
≧	više od iznad jednako	matematika | nejednakost | više od iznad jednako
≪	puno manje od	matematika | nejednakost | puno manje od
≫	puno veće od	matematika | nejednakost | puno veće od
≬	između	između
≮	ne manje od	matematika | ne manje od | nejednakost
≯	ne veće od	matematika | ne veće od | nejednakost
≳	veće od ekvivalenta	matematika | nejednakost | veće od ekvivalenta
≺	prethodi	matematika | operator seta | prethodi
≻	slijedi	matematika | operator seta | slijedi
⊁	ne slijedi	matematika | ne slijedi | operator seta
⊂	je pravi podskup od	je pravi podskup od | podskup | skup
⊃	nadskup	matematika | nadskup | operator seta
⊆	podskup jednak	podskup jednak
⊇	nadskup jednak	jednakost | matematika | nadskup jednak
⊕	zaokruženi plus	plus | zaokruženi plus
⊖	zaokruženi minus	zaokruženi minus
⊗	zaokruženi znak množenja	zaokruženi znak množenja
⊘	zaokruženi znak dijeljenja	zaokruženi znak dijeljenja
⊙	operator u obliku zaokružene točke	operator u obliku zaokružene točke
⊚	operator u obliku zaokruženog prstena	operator u obliku zaokruženog prstena
⊛	operator u obliku zaokružene zvjezdice	operator | operator u obliku zaokružene zvjezdice | zvjezdica
⊞	plus u kvadratu	plus u kvadratu
⊟	minus u kvadratu	minus u kvadratu
⊥	netočno	netočno
⊮	ne forsira	ne forsira
⊰	prethodi ispod relacije	matematika | operator seta | prethodi ispod relacije
⊱	slijedi ispod relacije	matematika | operator seta | slijedi ispod relacije
⊶	original	original
⊹	hermitska matrica	hermitska matrica
⊿	pravokutni trokut	matematika | pravokutni trokut
⋁	n-arni logički simbol „ili”	n-arni logički simbol „ili”
⋂	presjek neograničenog broja operanada	matematika | operator seta | presjek | presjek neograničenog broja operanada
⋃	unija neograničenog broja operanada	matematika | unija | unija neograničenog broja operanada
⋅	operator u obliku točke	operator | operator u obliku točke
⋆	operator u obliku zvijezde	operator | operator u obliku zvijezde
⋈	prirodni spoj	prirodni spoj
⋒	dvostruki presjek	dvostruki presjek | matematika | operator seta | presjek
⋘	izrazito manje od	izrazito manje od | matematika | nejednakost
⋙	izrazito veće od	izrazito veće od | matematika | nejednakost
⋭	ne sadrži kao normalnu podgrupu jednaku	ne sadrži kao normalnu podgrupu jednaku
⋮	okomita trotočka	matematika | okomita trotočka | trotočka
⋯	srednja vodoravna trotočka	elipsa | srednja vodoravna trotočka
⋰	dijagonalna trotočka gore udesno	dijagonala | dijagonalna trotočka gore udesno | elipsa | gore | matematika
⋱	dijagonalna trotočka dolje udesno	dijagonalna trotočka dolje udesno | elipsa | matematika
⌨	tipkovnica	računalo | tipkovnica
⏏	tipka za izbacivanje	izbacivanje | tipka za izbacivanje
⏭	tipka za sljedeću pjesmu	sljedeća pjesma | sljedeći prizor | strelica | tipka za sljedeću pjesmu | trokut
⏮	tipka za posljednju pjesmu	prethodna pjesma | prethodni prizor | strelica | tipka za posljednju pjesmu | trokut
⏯	tipka za reprodukciju ili pauzu	desno | pauza | reprodukcija | strelica | tipka za reprodukciju ili pauzu | trokut
⏱	štoperica	sat | štoperica | vrijeme
⏲	tajmer	brojač | sat | tajmer
⏸	tipka za pauzu	dvostruko | okomito | pauziranje | privremeno zaustavljanje | tipka za pauzu | trake
⏹	tipka za zaustavljanje	kvadrat | stop | tipka za zaustavljanje | zaustavljanje
⏺	tipka za snimanje	krug | snimanje | tipka za snimanje
Ⓜ	slovo m u krugu	krug | m | slovo m u krugu
■	ispunjeni kvadrat	ispunjeni kvadrat
□	neispunjeni kvadrat	neispunjeni kvadrat
▢	neispunjeni kvadrat sa zaokruženim kutovima	neispunjeni kvadrat sa zaokruženim kutovima
▣	neispunjeni kvadrat koji sadrži ispunjeni kvadrat	neispunjeni kvadrat koji sadrži ispunjeni kvadrat
▤	kvadrat s vodoravnom ispunom	kvadrat s vodoravnom ispunom
▥	kvadrat s okomitom ispunom	kvadrat s okomitom ispunom
▦	kvadrat s ortogonalno iscrtanom ispunom	kvadrat s ortogonalno iscrtanom ispunom
▧	kvadrat s ispunom od gore lijevo prema dolje desno	kvadrat s ispunom od gore lijevo prema dolje desno
▨	kvadrat s ispunom od gore desno prema dolje lijevo	kvadrat s ispunom od gore desno prema dolje lijevo
▩	kvadrat s dijagonalno iscrtanom ispunom	kvadrat s dijagonalno iscrtanom ispunom
▪	mali crni kvadrat	geometrija | kvadrat | mali crni kvadrat
▫	mali bijeli kvadrat	geometrija | kvadrat | mali bijeli kvadrat
▬	ispunjeni pravokutnik	ispunjeni pravokutnik
▭	neispunjeni pravokutnik	neispunjeni pravokutnik
▮	ispunjeni okomiti pravokutnik	ispunjeni okomiti pravokutnik
▰	ispunjeni paralelogram	ispunjeni paralelogram
▲	ispunjen trokut usmjeren prema gore	gore | ispunjen trokut usmjeren prema gore | ispunjeno | strelica | trokut
△	neispunjeni trokut okrenut prema gore	neispunjeni trokut okrenut prema gore
▴	mali ispunjeni trokut okrenut prema gore	mali ispunjeni trokut okrenut prema gore
▵	mali neispunjeni trokut okrenut prema gore	mali neispunjeni trokut okrenut prema gore
▶	tipka za reprodukciju	desno | reprodukcija | strelica | tipka za reprodukciju | trokut
▷	neispunjeni trokut okrenut udesno	neispunjeni trokut okrenut udesno
▸	mali ispunjeni trokut okrenut udesno	mali ispunjeni trokut okrenut udesno
▹	mali neispunjeni trokut okrenut udesno	mali neispunjeni trokut okrenut udesno
►	ispunjeni pokazivač udesno	ispunjeni pokazivač udesno
▻	neispunjeni pokazivač udesno	neispunjeni pokazivač udesno
▼	ispunjen trokut usmjeren prema dolje	dolje | ispunjen trokut usmjeren prema dolje | ispunjeno | strelica | trokut
▽	neispunjeni pokazivač prema dolje	neispunjeni pokazivač prema dolje
▾	mali ispunjeni trokut okrenut prema dolje	mali ispunjeni trokut okrenut prema dolje
▿	mali neispunjeni trokut okrenut prema dolje	mali neispunjeni trokut okrenut prema dolje
◀	tipka za pretraživanje unatrag	lijevo | strelica | tipka za pretraživanje unatrag | trokut | vraćanje
◁	neispunjeni trokut okrenut ulijevo	neispunjeni trokut okrenut ulijevo
◂	mali ispunjeni trokut okrenut ulijevo	mali ispunjeni trokut okrenut ulijevo
◃	mali neispunjeni trokut okrenut ulijevo	mali neispunjeni trokut okrenut ulijevo
◄	ispunjeni pokazivač ulijevo	ispunjeni pokazivač ulijevo
◅	neispunjeni pokazivač ulijevo	neispunjeni pokazivač ulijevo
◆	ispunjeni romb	ispunjeni romb
◇	neispunjeni romb	neispunjeni romb
◈	ispunjeni romb unutar neispunjenog romba	ispunjeni romb unutar neispunjenog romba
◉	ispunjeni krug unutar neispunjenog kruga	ispunjeni krug unutar neispunjenog kruga
◊	znak romba	dijamant | romb | znak romba
○	prazan krug	krug | prazan krug | prsten
◌	točkasti krug	točkasti krug
◍	krug s okomitom ispunom	krug s okomitom ispunom
◎	koncentrični krugovi	koncentrični krugovi
●	ispunjen krug	ispunjen krug | krug
◐	krug s ispunjenom lijevom polovicom	krug s ispunjenom lijevom polovicom
◑	krug s ispunjenom desnom polovicom	krug s ispunjenom desnom polovicom
◒	krug s ispunjenom donjom polovicom	krug s ispunjenom donjom polovicom
◓	krug s ispunjenom gornjom polovicom	krug s ispunjenom gornjom polovicom
◔	krug s ispunjenom gornjom desnom četvrtinom	krug s ispunjenom gornjom desnom četvrtinom
◕	krug s neispunjenom gornjom lijevom četvrtinom	krug s neispunjenom gornjom lijevom četvrtinom
◖	lijeva ispunjena polovica kruga	lijeva ispunjena polovica kruga
◗	desna ispunjena polovica kruga	desna ispunjena polovica kruga
◘	obrnuta grafička oznaka	obrnuta grafička oznaka
◙	neispunjeni krug u ispunjenom kvadratu	neispunjeni krug u ispunjenom kvadratu
◜	kružni luk gornje lijeve četvrtine	kružni luk gornje lijeve četvrtine
◝	kružni luk gornje desne četvrtine	kružni luk gornje desne četvrtine
◞	kružni luk donje desne četvrtine	kružni luk donje desne četvrtine
◟	kružni luk donje lijeve četvrtine	kružni luk donje lijeve četvrtine
◠	gornji polukrug	gornji polukrug
◡	donji polukrug	donji polukrug
◢	ispunjeni trokut okrenut dolje desno	ispunjeni trokut okrenut dolje desno
◣	ispunjeni trokut okrenut dolje lijevo	ispunjeni trokut okrenut dolje lijevo
◤	ispunjeni trokut okrenut gore lijevo	ispunjeni trokut okrenut gore lijevo
◥	ispunjeni trokut okrenut gore desno	ispunjeni trokut okrenut gore desno
◦	neispunjena grafička oznaka	neispunjena grafička oznaka
◯	velik prazni krug	krug | prsten | velik prazni krug
◳	neispunjeni kvadrat s gornjom desnom četvrtinom	neispunjeni kvadrat s gornjom desnom četvrtinom
◷	neispunjeni krug s gornjom desnom četvrtinom	neispunjeni krug s gornjom desnom četvrtinom
◻	srednji bijeli kvadrat	geometrija | kvadrat | srednji bijeli kvadrat
◼	srednji crni kvadrat	geometrija | geometrijski lik | kvadrat | srednji crni kvadrat
◿	trokut okrenut dolje desno	trokut okrenut dolje desno
☀	sunce	sunčano | sunce | svemir | vedro | vrijeme | zrake
☁	oblak	oblak | vrijeme
☂	kišobran	kiša | kišobran | odjeća | vrijeme
☃	snjegović	hladno | snijeg | snjegović | vrijeme
☄	komet	komet | svemir
☎	telefon	telefon
☑	potvrdni okvir s kvačicom	✓ | okvir | potvrda | potvrdni okvir s kvačicom
☘	djetelina	biljka | djetelina
☝	kažiprst pokazuje gore	gore | kažiprst | kažiprst pokazuje gore | pokazivanje | prst | šaka
☠	lubanja i prekrižene kosti	čudovište | kosti | lice | lubanja | lubanja i prekrižene kosti | smrt
☢	radioaktivnost	radioaktivno | radioaktivnost
☣	biološka opasnost	biološka opasnost | biološki opasno | znak
☦	pravoslavni križ	križ | kršćanstvo | pravoslavni križ | religija
☪	zvijezda i polumjesec	islam | religija | zvijezda i polumjesec
☮	simbol mira	mir | simbol mira
☯	jin i jang	jang | jin | jin i jang | religija | taoizam
☸	kotač dharme	budizam | dharma | kotač | kotač dharme | religija
☹	namrgođeno lice	lice | mrgođenje | namrgođeno lice | tužno
☺	nasmiješeno lice	istaknuto | lice | nasmiješeno lice | opušteno | smajlić | smiješak
♀	ženski simbol	ženski simbol
♂	muški simbol	muški simbol
♟	šahovski pješak	pijun | potrošno | šah | šahovski pješak
♠	pik	igra | karta | pik
♣	tref	igra | karta | tref
♥	herc	herc | igra | karta | srce
♦	karo	igra | karo | karta
♨	termalni izvori	izvor | para | termalni izvori | vruće
♪	osminka	glazba | nota | osminka
♭	snizilica	glazba | nota | snizilica
♯	povisilica	glazba | nota | povisilica
♻	simbol recikliranja	recikliranje | simbol recikliranja
♾	beskonačnost	beskonačnost | beskrajno | univerzalno | zauvijek
⚒	čekić i pijuk	alat | čekić | čekić i pijuk | pijuk
⚔	prekriženi mačevi	mačevi | oružje | prekriženi mačevi | prekriženo
⚕	simbol medicine	Asklepijev štap | medicina | simbol medicine
⚖	vaga	alat | horoskop | pravda | uteg | vaga | zodijak
⚗	retorta	alat | kemija | retorta
⚙	zupčanik	alat | zupčanik
⚛	simbol atoma	ateizam | atom | simbol atoma
⚜	heraldički ljiljan	fleur-de-lis | heraldički ljiljan
⚠	upozorenje	oprez | upozorenje
⚧	simbol transrodnosti	simbol transrodnosti | transrodnost
⚰	lijes	lijes | smrt | vampir
⚱	urna	pepeo | pogreb | smrt | urna
⛈	oblak s grmljavinom i kišom	grmljavina | grom | kiša | munja | oblak | oblak s grmljavinom i kišom | vrijeme
⛏	pijuk	alat | čekić | pijuk | rudarstvo
⛑	šljem s bijelim križem	kaciga | kaciga s bijelim križem | križ | lice | pomoć | prva pomoć | šljem | šljem s bijelim križem
⛓	lanci	lanac | lanci
⛩	šintoistički hram	hram | religija | šintoistički hram | šintoizam | svetište
⛰	planina	planina
⛱	suncobran	sunce | suncobran | vrijeme
⛴	trajekt	brod | putnici | trajekt
⛷	skijaš	skijanje | skijaš | snijeg
⛸	klizaljka	klizaljka | klizanje | led | sport
⛹	osoba vodi loptu	driblanje | košarka | lopta | osoba | osoba vodi loptu | prvenstvo | slobodno bacanje | sport | sportaš
✂	škare	alat | izrezivanje | škare
✈	zrakoplov	avion | let | letjeti | prijevoz | putovanje | vozilo | zrakoplov
✉	omotnica	e-pošta | omotnica | pismo
✌	ruka sa znakom pobjede	mir | pobjeda | šaka | v
✍	ruka koja piše	pisanje | ruka | ruka koja piše | tijelo
✏	olovka	olovka
✒	crno pero	crno pero | pero | pisanje | tinta
✔	kvačica	✓ | kvačica | oznaka
✖	množenje	× | množenje | operator | otkaži | pomnoži | x | znak množenja
✝	latinski križ	križ | kršćanstvo | latinski križ | religija
✡	davidova zvijezda	David | davidova zvijezda | religija | židovstvo | zvijezda
✳	osmerokraka zvjezdica	osmerokraka zvjezdica | zvjezdica
✴	osmerokraka zvijezda	osmerokraka zvijezda | zvijezda
❄	snježna pahulja	hladno | pahuljica | snijeg | snježna pahulja | vrijeme
❇	iskra	iskra | zvjezdica
❣	uskličnik u obliku srca	interpunkcija | srce | uskličnik | uskličnik u obliku srca
❤	crveno srce	crveno srce | ljubav | osjećaji | srce
➡	strelica prema desno	istok | smjer | strelica | strelica prema desno
⤴	desna strelica koja se zakrivljuje prema gore	desna strelica koja se zakrivljuje prema gore | strelica
⤵	desna strelica koja se zakrivljuje prema dolje	desna strelica koja se zakrivljuje prema dolje | dolje | strelica
⨧	plus i broj 2 u indeksu	plus i broj 2 u indeksu
⨯	vektorski proizvod	vektorski proizvod
⨼	interni proizvod	interni proizvod
⩣	logičko „ili” s dvostrukom podcrtom	logičko „ili” s dvostrukom podcrtom
⩽	ukošeno manje od jednako	ukošeno manje od jednako
⪍	manje od iznad slično jednakom	manje od iznad slično jednakom
⪚	dvostruka linija jednaka veće od	dvostruka linija jednaka veće od
⪺	slijedi iznad nije približno jednako	slijedi iznad nije približno jednako
⬅	strelica prema lijevo	smjer | strelica | strelica prema lijevo | zapad
⬆	strelica prema gore	sjever | smjer | strelica | strelica prema gore
⬇	strelica prema dolje	jug | smjer | strelica | strelica prema dolje
、	zarez u ideografskom pismu	ideografsko pismo | zarez
。	točka u ideografskom pismu	ideografsko pismo | točka | točka u ideografskom pismu
〈	lijeva izlomljena zagrada	dijamantne zagrade | izlomljena zagrada | lijeva izlomljena zagrada | šiljasta zagrada | zagrada
〉	desna izlomljena zagrada	desna izlomljena zagrada | dijamantne zagrade | izlomljena zagrada | šiljasta zagrada | zagrada
《	lijeva dvostruka izlomljena zagrada	dvostruka izlomljena zagrada | lijeva dvostruka izlomljena zagrada | zagrada
》	desna dvostruka izlomljena zagrada	desna dvostruka izlomljena zagrada | dvostruka izlomljena zagrada | zagrada
「	lijeva jednouglata zagrada	jednouglata zagrada | lijeva jednouglata zagrada | zagrada
」	desna jednouglata zagrada	desna jednouglata zagrada | jednouglata zagrada | zagrada
『	lijeva jednouglata zagrada bez ispune	jednouglata zagrada bez ispune | lijeva jednouglata zagrada bez ispune | zagrada
』	desna jednouglata zagrada bez ispune	desna jednouglata zagrada bez ispune | jednouglata zagrada bez ispune | zagrada
【	crna lijeva konkavna zagrada	crna lijeva konkavna zagrada | lećasta zagrada | lentikularna zagrada | zagrada
】	crna desna konkavna zagrada	crna desna konkavna zagrada | lećasta zagrada | lentikularna zagrada | zagrada
〔	lijeva saćasta zagrada	lijeva saćasta zagrada | saćasta zagrada | zagrada
〕	desna saćasta zagrada	desna saćasta zagrada | saćasta zagrada | zagrada
〖	lijeva konkavna zagrada bez ispune	konkavna zagrada bez ispune | lećasta zagrada bez ispune | lijeva konkavna zagrada bez ispune | zagrada
〗	desna konkavna zagrada bez ispune	desna konkavna zagrada bez ispune | konkavna zagrada bez ispune | lećasta zagrada bez ispune | zagrada
〰	valovita crta	crta | interpunkcija | valovita crta | valovito
〽	oznaka djelomične alternacije	djelomično | oznaka djelomične alternacije | znak
・	srednja točka u katakana pismu	katakana | srednja točka | srednja točka u katakana pismu | točke
㊗	tipka s ideogramom "čestitke"	čestitanje | čestitke | ideogram | japanski | tipka s ideogramom "čestitke"
㊙	tipka s ideogramom "tajna"	ideogram | japanski | tajna | tipka s ideogramom "tajna"
﷼	rijal	rijal | valuta
🅰	tipka krvne grupe A	a | krv | tipka krvne grupe A
🅱	tipka krvne grupe B	b | krv | tipka krvne grupe B
🅾	tipka krvne grupe 0	0 | krv | krvna grupa 0 | tipka krvne grupe 0
🅿	tipka P	parking | parkiranje | tipka P | znak za parkiranje
🈂	tipka s ideogramom "naplata usluge"	gumb | japanski | tipka s ideogramom "naplata usluge"
🈷	tipka s ideogramom "mjesečni iznos"	japanski | mjesečni iznos | tipka s ideogramom "mjesečni iznos"
🌡	termometar	termometar | vrijeme
🌤	sunce iza malog oblaka	oblak | sunce | sunce iza malog oblaka | vrijeme
🌥	sunce iza velikog oblaka	oblak | sunce | sunce iza velikog oblaka | vrijeme
🌦	sunce iza kišnog oblaka	kiša | oblak | sunce | sunce iza kišnog oblaka | sunce iza oblaka s kišom | vrijeme
🌧	oblak s kišom	kiša | oblak | oblak s kišom | vrijeme
🌨	oblak sa snijegom	hladno | kiša | oblak | oblak sa snijegom | pljusak | snijeg | vrijeme
🌩	oblak s grmljavinom	grmljavina | munja | oblak | oblak s grmljavinom | vrijeme
🌪	tornado	oblak | pijavica | tornado | vihor | vrijeme
🌫	magla	magla | oblak | vrijeme
🌬	lice vjetra	lice | lice vjetra | oblak | puhanje | vjetar | vrijeme
🌶	ljuta papričica	biljka | hrana | ljuta papričica | ljuto | papričica | paprika
🍽	vilica i nož s tanjurom	kuhanje | nož | tanjur | vilica | vilica i nož s tanjurom
🎖	vojno odličje	medalja | slavlje | vojna medalja | vojno odličje | vojska
🎗	spomen-traka	podsjetnik | slavlje | spomen | spomen-traka | traka
🎙	studijski mikrofon	glazba | mikrofon | studijski mikrofon | studio
🎚	kliznik za podešavanje	glazba | klizač | kliznik za podešavanje | razina
🎛	kontrolni gumbi	glazba | gumbi | kontrola | kontrolni gumbi
🎞	filmska vrpca	film | filmska traka | filmska vrpca | kadrovi | kino
🎟	ulaznice	ulaz | ulaznica | ulaznice
🏋	osoba diže utege	dizač | dizač utega | osoba | osoba diže utege | sport | trening | utezi
🏌	osoba igra golf	golf | loptica | osoba | osoba igra golf | sport
🏍	motocikl	motocikl | motor | prijevoz | utrka | vozilo
🏎	trkaći automobil	automobil | prijevoz | trkaći automobil | utrka | vozilo
🏔	planina sa snježnim vrhovima	hladno | planina | planina sa snježnim vrhovima | snijeg
🏕	kampiranje	kampiranje
🏖	plaža sa suncobranom	plaža | plaža sa suncobranom | suncobran
🏗	gradilište	dizalica | gradilište | gradnja | kran | zgrada
🏘	kuće	kuća | kuće | zgrada
🏙	panorama grada	grad | panorama grada | zgrada
🏚	zapuštena kuća	kuća | zapuštena kuća | zapušteno | zgrada
🏛	antička građevina	antička građevina | antika | građevina | zgrada
🏜	pustinja	pustinja
🏝	pusti otok	otok | otok s palmom | pusti otok | pusto
🏞	nacionalni park	nacionalni park | park
🏟	stadion	stadion
🏳	bijela zastava	bijela zastava | vijorenje
🏵	rozeta	biljka | rozeta
🏷	oznaka	oznaka
🐿	vjeverica	vjeverica | životinja
👁	oko	jedno oko | oko | tijelo
📽	filmski projektor	film | filmski projektor | kino | projektor | video | videozapis
🕉	om	hinduizam | om | religija
🕊	golubica	golubica | letenje | mir | ptica | životinja
🕯	svijeća	svijeća | svjetlo
🕰	stolni sat	sat | stolni sat | vrijeme
🕳	rupa	rupa
🕴	muškarac u poslovnom odijelu koji levitira	odijelo | osoba | osoba u poslovnom odijelu koja levitira | posao
🕵	detektiv	detektiv | špijun
🕶	sunčane naočale	naočale | oko | sunčane naočale | tamno
🕷	pauk	insekt | pauk
🕸	paukova mreža	mreža | pauk | paukova mreža
🕹	igraća palica	igra | igraća palica | videoigra
🖇	spojene spajalice	spajalica | spojene spajalice | veza
🖊	penkala	kemijska olovka | penkala
🖋	nalivpero	nalivpero | olovka | pero
🖌	kist	kist | slikanje
🖍	bojica	bojica
🖐	podignuta ruka s raširenim prstima	podignuta ruka s raširenim prstima | prst | rašireno | šaka | stop
🖥	stolno računalo	ekran | računalo | stolno računalo
🖨	pisač	pisač | računalo
🖱	računalni miš	miš | računalni miš | računalo
🖲	upravljačka kuglica	računalo | upravljačka kuglica
🖼	uokvirena slika	muzej | okvir | slika | slikarstvo | umjetnost | uokvirena slika
🗂	razdjelnici	indeks | kartice | pregradni karton | razdjelnici | razdjelnici kartica | razdjelnik
🗃	kartotečna kutija	datoteka | kartica | kartotečna kutija | kutija | kutija za kartice
🗄	kartotečni ladičar	datoteka | kartotečni ladičar | ladičar | ormarić
🗑	koš za smeće	koš za smeće
🗒	spiralni notes	bilješka | blok | spirala | spiralni notes
🗓	spiralni kalendar	blok | kalendar | spirala | spiralni kalendar
🗜	škrip	alat | škrip | stezač
🗝	starinski ključ	brava | ključ | starina | starinski ključ | trag | znak
🗞	zarolane novine	novine | papir | presavinuto | vijesti | zarolane novine
🗡	bodež	bodež | nož | oružje
🗣	glava koja govori	glava | glava koja govori | govor | lice | silueta
🗨	lijevi govorni oblačić	dijalog | govor | lijevi govorni oblačić
🗯	desni ljuti govorni oblačić	bijes | desni ljuti govorni oblačić | ljutnja | oblačić
🗳	glasačka kutija s glasačkim listićem	glasačka kutija s glasačkim listićem | glasanje | glasovanje | kutija
🗺	karta svijeta	karta | karta svijeta | svijet
🛋	kauč i svjetiljka	hotel | kauč | kauč i svjetiljka | svjetiljka
🛍	vrećice za kupovinu	kupnja | kupovanje | shopping | vrećica | vrećice za kupovinu
🛎	zvono za recepciju	hotel | recepcija | zvono | zvono za recepciju
🛏	krevet	hotel | krevet | spavanje
🛠	čekić i francuski ključ	alat | čekić | čekić i francuski ključ | francuski ključ
🛡	štit	oružje | štit
🛢	bačva za naftu	bačva | bačva za naftu | nafta
🛣	autocesta	autocesta | autoput | cesta
🛤	željeznička pruga	prijevoz | putovanje | tračnice | vlak | vozilo | željeznica | željeznička pruga
🛥	motorni čamac	čamac | motor | motorni čamac | plovilo | prijevoz | vozilo
🛩	mali zrakoplov	mali zrakoplov | vozilo | zrakoplov
🛰	satelit	orbita | satelit | svemir
🛳	putnički brod	brod | putnički brod | putnik | vozilo
