# CLDR symbol names for it: symbol, tts name, keywords
# cldr-version	48
# source	https://unicode.org/Public/cldr/48/cldr-common-48.zip
# sha256	06c7c698d6fd8d67cefac15a0206b0109b00e0ef1636f86f84449fa959561f74
# Generated by tools/cldr_symbol_names.py; do not edit.
!	punto esclamativo	esclamazione | punto di esclamazione | punto esclamativo
#	segno del cancelletto	cancelletto | hashtag | libbra | numero | segno del cancelletto
$	simbolo del dollaro	denaro | dollaro | peso | simbolo del dollaro | USD
%	simbolo di percentuale	% | percento | percentuale | simbolo di percentuale
&	e commerciale	e | e commerciale
'	virgoletta dritta	singola | virgoletta | virgoletta dritta
)	parentesi di chiusura	parentesi | parentesi di chiusura | tonda
*	simbolo dell’asterisco	asterisco | carattere jolly | simbolo dell’asterisco | stella
+	segno più	addizionare | addizione | aggiungere | più | segno più | somma | sommare
,	virgola	virgola
-	trattino-segno meno	lineetta | meno | trattino | trattino-segno meno
.	punto	punto
/	barra obliqua	barra | obliqua | solidus
:	due punti	due punti
;	punto e virgola	punto | punto e virgola | virgola
<	minore	apertura tag | minore | minore di | tag
=	uguale	uguale | uguale a
>	maggiore	chiusura tag | maggiore | maggiore di | tag
?	punto interrogativo	domanda | punto interrogativo
@	simbolo della chiocciola	a commerciale | chiocciola | chiocciolina | simbolo della chiocciola | strudel
[	parentesi quadra aperta	parentesi | parentesi quadra aperta | quadra
\	barra rovesciata	barra rovesciata | solidus inversa
]	parentesi quadra chiusa	parentesi | parentesi quadra chiusa | quadra
^	accento circonflesso	accento | caret | chevron | circonflesso | potenza | puntatore | segno xor
_	trattino basso	lineetta | sottolineatura | trattino | trattino basso
`	accento grave	accento | grave | tono
{	parentesi graffa aperta	aperta | parentesi graffa | parentesi graffa aperta
|	linea verticale	barra | barra verticale | linea | linea verticale | trattino | trattino verticale
}	parentesi graffa chiusa	chiusa | parentesi graffa | parentesi graffa chiusa
~	tilde	tilde
¡	punto esclamativo al contrario	al contrario | capovolto | esclamazione | punto di esclamazione | punto esclamativo | punto esclamativo al contrario
¢	centesimo	centesimo
£	simbolo della sterlina	EGP | GBP | simbolo della sterlina | sterlina | valuta
¤	valuta sconosciuta	
¥	simbolo dello yen	CNY | JPY | simbolo dello yen | valuta | yen | yuan
§	simbolo di sezione	paragrafo | parte | sezione | simbolo di sezione
¨	dieresi	dieresi | simbolo
©	copyright	copyright
«	virgolette basse doppie aperte	apertura | caporali | francesi | parentesi | virgolette | virgolette basse aperte | virgolette basse doppie aperte
¬	negazione	negazione | non
®	marchio registrato	marchio registrato | marchio registrato cerchiato
°	simbolo di grado	grado | ora | proof | simbolo di grado
±	più o meno	più o meno
²	numero due in apice	apice | due | numero due in apice | valore al quadrato
³	numero tre in apice	apice | numero tre in apice | tre | valore al cubo
´	accento acuto	accento | acuto | tono
µ	simbolo del micron	simbolo del micron | unità di misura
¶	simbolo di paragrafo	alinea | paragrafo | piede di mosca | simbolo di paragrafo
·	punto mediano	centrato | mediano | punto | segno di interpunzione
¹	numero uno in apice	apice | numero uno in apice | uno
»	virgolette basse doppie chiuse	caporali | chiusura | francesi | parentesi | virgolette | virgolette basse chiuse | virgolette basse doppie chiuse
¿	punto interrogativo al contrario	al contrario | domanda | punto interrogativo | punto interrogativo al contrario
×	segno di moltiplicazione	moltiplicare | moltiplicazione | per | segno della moltiplicazione | segno di moltiplicazione
÷	segno di divisione	dividere | divisione | obelo | segno della divisione | segno di divisione
֏	dram armeno	
؋	afghani	
،	virgola araba	araba | virgola
؛	punto e virgola arabo	arabo | punto | punto e virgola | punto e virgola arabo | virgola
؟	punto interrogativo arabo	arabo | domanda | punto interrogativo | punto interrogativo arabo
৳	taka bangladese	
฿	baht thailandese	
៛	riel cambogiano	
‐	trattino	lineetta | trattino
–	trattino corto	corto | trattino
—	trattino lungo	lungo | trattino
―	barra orizzontale	barra | barra orizzontale | linea | lineetta
‘	virgoletta a sinistra	apostrofo | virgoletta a sinistra | virgolette | virgolette inglesi | virgolette singole
’	virgoletta a destra	apostrofo | virgoletta a destra | virgolette | virgolette inglesi | virgolette singole
‚	virgoletta bassa a destra	bassa | virgoletta | virgoletta bassa a destra
“	virgolette a sinistra	doppie | virgolette | virgolette a sinistra | virgolette inglesi
”	virgolette a destra	doppie | virgolette | virgolette a destra | virgolette inglesi
„	virgolette basse a destra	basse | doppie | virgolette | virgolette basse a destra | virgolette inglesi
†	simbolo dell’obelisco	obelisco | òbelo | simbolo dell’obelisco
‡	simbolo del doppio obelisco	doppio | obelisco | òbelo | simbolo del doppio obelisco
•	punto elenco	elenco | punto
…	puntini di sospensione	omissione | puntini | puntini di sospensione
‧	punto di sillabazione	punto | punto di sillabazione | sillabazione
‰	per mille	‰ | per mille | simbolo
′	virgoletta singola	singola | virgoletta
″	virgoletta doppia	doppia | virgoletta
‴	virgoletta tripla	tripla | virgoletta
‸	cursore	cursore
※	segno di riferimento	segno di riferimento
‼	doppio punto esclamativo	doppio punto esclamativo | esclamazione | punteggiatura | punti esclamativi | punto esclamativo
‽	punto esclarrogativo	punto esclarrogativo
‾	linea in alto	linea in alto | linea sopra | sopralineatura
⁂	asterismo	asterismo | triangolo di asterischi
⁄	barra di frazione	barra di frazione
⁉	punto esclamativo e interrogativo	punteggiatura | punto esclamativo | punto esclamativo e interrogativo | punto interrogativo
⁻	segno meno in apice	apice | meno | segno meno in apice
₡	colón costaricano	
₢	cruzeiro	cruzeiro | valuta
₣	franco francese	franco francese | valuta
₤	lira	lira | valuta
₥	mill	mil | mill
₦	naira nigeriana	
₧	peseta spagnola	
₨	rupia	rupia | valuta
₩	won	KPW | KRW | won
₪	nuovo siclo israeliano	
₫	dong vietnamita	
€	simbolo dell’euro	EUR | euro | simbolo dell’euro | valuta
₭	kip laotiano	
₮	tugrik mongolo	
₰	pfennig tedesco	pfennig tedesco | valuta
₱	peso	peso
₲	guaraní paraguayano	
₳	austral	austral | valuta
₴	grivnia ucraina	
₵	cedi ghanese	
₶	livre tournois	livre tournois | valuta
₷	spesmilo	spesmilo | valuta
₸	tenge kazako	
₹	simbolo della rupia indiana	rupia | rupia indiana | simbolo della rupia indiana | valuta
₺	lira turca	
₼	manat azero	
₽	simbolo del rublo	rublo | simbolo del rublo | valuta
₾	lari georgiano	
₿	bitcoin	bitcoin | BTC
℗	simbolo di copyright della registrazione sonora	copyright | registrazione | simbolo di copyright della registrazione sonora | sonora
™	marchio	marchio | marchio commerciale | marchio di fabbrica | marchio registrato | simbolo | tm | TM | trademark
ℹ	punto informazioni	i | info | informazioni | punto informazioni
←	freccia verso sinistra	freccia | freccia a sinistra | freccia verso sinistra | sinistra
↑	freccia verso l’alto	freccia | freccia in alto | freccia verso l’alto | in alto
→	freccia verso destra	destra | freccia | freccia a destra | freccia verso destra
↓	freccia verso il basso	freccia | freccia in basso | freccia verso il basso | in basso
↔	freccia sinistra-destra	destra | doppia direzione | doppia freccia | freccia | freccia sinistra-destra | larghezza | sinistra | tutte le direzioni
↕	freccia su-giù	altezza | doppia direzione | doppia freccia | freccia | freccia su-giù | giù | su
↖	freccia in alto a sinistra	direzione | freccia | freccia in alto a sinistra | in alto a sinistra | nord-ovest | punto intercardinale
↗	freccia rivolta verso destra che punta in alto	direzione | freccia | freccia in alto a destra | freccia rivolta verso destra che punta in alto | in alto a destra | nord-est | punto intercardinale
↘	freccia in basso a destra	direzione | freccia | freccia in basso a destra | in basso a destra | punto intercardinale | sud-est
↙	freccia in basso a sinistra	direzione | freccia | freccia in basso a sinistra | in basso a sinistra | punto intercardinale | sud-ovest
↚	freccia verso sinistra barrata	freccia verso sinistra barrata
↛	freccia verso destra barrata	freccia verso destra barrata
↜	freccia ondulata verso sinistra	freccia ondulata verso sinistra
↝	freccia ondulata verso destra	freccia ondulata verso destra
↞	freccia a due punte verso sinistra	freccia a due punte verso sinistra
↟	freccia a due punte verso l’alto	freccia a due punte verso l’alto
↠	freccia a due punte verso destra	freccia a due punte verso destra
↡	freccia a due punte verso il basso	freccia a due punte verso il basso
↢	freccia verso sinistra con coda	freccia verso sinistra con coda
↣	freccia verso destra con coda	freccia verso destra con coda
↤	freccia verso sinistra dalla barra	freccia verso sinistra dalla barra
↥	freccia verso l’alto dalla barra	freccia verso l’alto dalla barra
↦	freccia verso destra dalla barra	freccia verso destra dalla barra
↧	freccia verso il basso dalla barra	freccia verso il basso dalla barra
↨	freccia bidirezionale con base	freccia bidirezionale con base
↩	freccia curva a sinistra	curva | freccia | freccia curva a sinistra | indietro | verso sinistra
↪	freccia curva a destra	avanti | curva | freccia | freccia curva a destra | verso destra
↫	freccia verso sinistra con anello	freccia verso sinistra con anello
↬	freccia verso destra con anello	freccia verso destra con anello
↭	freccia sinistra e destra ondulata	freccia sinistra e destra ondulata
↮	freccia sinistra e destra barrata	freccia sinistra e destra barrata
↯	freccia a zigzag verso il basso	freccia a zigzag verso il basso
↰	freccia verso l’alto con punta a sinistra	freccia verso l’alto con punta a sinistra
↱	freccia verso l’alto con punta a destra	freccia verso l’alto con punta a destra
↲	freccia verso il basso con punta a sinistra	freccia verso il basso con punta a sinistra
↳	freccia verso il basso con punta a destra	freccia verso il basso con punta a destra
↴	freccia verso destra con angolo rivolto in basso	freccia verso destra con angolo rivolto in basso
↵	freccia verso il basso con angolo rivolto a sinistra	freccia verso il basso con angolo rivolto a sinistra
↶	freccia semicircolare superiore in senso antiorario	freccia semicircolare superiore in senso antiorario
↷	freccia semicircolare superiore in senso orario	freccia semicircolare superiore in senso orario
↸	freccia nord-ovest verso barra lunga	freccia nord-ovest verso barra lunga
↹	freccia a sinistra verso barra su freccia a destra verso barra	freccia a sinistra verso barra su freccia a destra verso barra
↺	freccia circolare aperta in senso antiorario	freccia circolare aperta in senso antiorario
↻	freccia circolare aperta in senso orario	freccia circolare aperta in senso orario
↼	arpione a sinistra con punta verso l’alto	arpione a sinistra con punta verso l’alto
↽	arpione a sinistra con punta verso il basso	arpione a sinistra con punta verso il basso
↾	arpione in alto con punta verso destra	arpione in alto con punta verso destra
↿	arpione in alto con punta verso sinistra	arpione in alto con punta verso sinistra
⇀	arpione a destra con punta verso l’alto	arpione a destra con punta verso l’alto
⇁	arpione a destra con punta verso il basso	arpione a destra con punta verso il basso
⇂	arpione in basso con punta verso destra	arpione in basso con punta verso destra
⇃	arpione in basso con punta verso sinistra	arpione in basso con punta verso sinistra
⇄	freccia a destra su freccia a sinistra	freccia a destra su freccia a sinistra
⇅	freccia verso l’alto e freccia verso il basso	freccia | freccia in alto e in basso | freccia verso l’alto e freccia verso il basso | in alto | in basso
⇆	freccia verso sinistra su freccia verso destra	destra | freccia | freccia a sinistra su freccia a destra | freccia verso sinistra su freccia verso destra | sinistra
⇇	coppia di frecce rivolte a sinistra	coppia di frecce rivolte a sinistra
⇈	coppia di frecce rivolte verso l’alto	coppia di frecce rivolte verso l’alto
⇉	coppia di frecce rivolte a destra	coppia di frecce rivolte a destra
⇊	coppia di frecce rivolte verso il basso	coppia di frecce rivolte verso il basso
⇋	arpione a sinistra su arpione a destra	arpione a sinistra su arpione a destra
⇌	arpione a destra su arpione a sinistra	arpione a destra su arpione a sinistra
⇍	freccia doppia a sinistra barrata	freccia doppia a sinistra barrata
⇎	freccia doppia sinistra e destra barrata	freccia doppia sinistra e destra barrata
⇏	freccia doppia a destra barrata	freccia doppia a destra barrata
⇐	freccia doppia a sinstra	freccia doppia a sinstra
⇑	freccia doppia verso l’alto	freccia doppia verso l’alto
⇒	freccia doppia a destra	freccia doppia a destra
⇓	freccia doppia verso il basso	freccia doppia verso il basso
⇔	freccia doppia sinistra e destra	freccia doppia sinistra e destra
⇖	freccia doppia nord-ovest	freccia doppia nord-ovest
⇗	freccia doppia nord-est	freccia doppia nord-est
⇘	freccia doppia sud-est	freccia doppia sud-est
⇙	freccia doppia sud-ovest	freccia doppia sud-ovest
⇚	freccia tripla a sinistra	freccia tripla a sinistra
⇛	freccia tripla a destra	freccia tripla a destra
⇜	freccia ondulare a sinistra	freccia ondulare a sinistra
⇝	freccia ondulare a destra	freccia ondulare a destra
⇞	freccia doppia verso l’alto con doppia barra	freccia doppia verso l’alto con doppia barra
⇟	freccia doppia verso il basso con doppia barra	freccia doppia verso il basso con doppia barra
⇠	freccia tratteggiata a sinistra	freccia tratteggiata a sinistra
⇡	freccia tratteggiata verso l’alto	freccia tratteggiata verso l’alto
⇢	freccia tratteggiata a destra	freccia tratteggiata a destra
⇣	freccia tratteggiata verso il basso	freccia tratteggiata verso il basso
⇤	freccia a sinistra verso barra	freccia a sinistra verso barra
⇥	freccia a destra verso barra	freccia a destra verso barra
⇦	freccia vuota a sinistra	freccia vuota a sinistra
⇧	freccia vuota verso l’alto	freccia vuota verso l’alto
⇨	freccia vuota a destra	freccia vuota a destra
⇩	freccia vuota verso il basso	freccia vuota verso il basso
⇪	freccia vuota verso l’alto dalla barra	freccia vuota verso l’alto dalla barra
⇵	freccia verso il basso con freccia verso l’alto a destra	freccia verso il basso con freccia verso l’alto a destra
∀	per ogni	per ogni | quantificatore universale
∂	derivata parziale	derivata parziale
∃	esiste	esiste
∅	insieme vuoto	insieme vuoto | operatore insiemistico
∆	simbolo di incremento	delta | incremento | simbolo di incremento | triangolo
∇	nabla	delta rovesciato | nabla | triangolo rovesciato
∈	simbolo di appartenenza	appartenente a | contiene | elemento | insieme | relazione | simbolo di appartenenza
∉	non appartiene	elemento | non appartiene
∋	contiene	contiene | elemento
∎	end of proof	C.V.D. | come volevasi dimostrare | CVD | end of proof | Q.E.D. | QED | quod erat demonstrandum
∏	prodotto n-ario	prodotto n-ario
∑	sommatoria n-aria	sommatoria n-aria
−	segno meno	meno | segno meno | sottrarre | sottrazione
∓	meno o più	meno o più | più o meno
∕	barra di divisione	barra di divisione
∗	operatore asterisco	operatore asterisco
∘	operatore anello	operatore anello
∙	operatore punto elenco	operatore punto elenco
√	radice quadrata	numero irrazionale | quadrata | radicale | radice
∝	proporzionale	proporzionale | proporzionalità
∞	simbolo di infinito	infinito | simbolo di infinito
∟	angolo retto	angolo retto | matematica
∠	angolo	acuto | angolo
∣	divide	divide | divisore
∥	parallelo	parallelo
∧	and logico	and logico
∩	simbolo di intersezione	insieme | intersezione | simbolo di intersezione
∪	simbolo di unione	insieme | raccolta | simbolo di unione | unione
∫	integrale	calcolo | integrale
∬	integrale doppio	calcolo | integrale doppio
∮	integrale curvilineo	integrale curvilineo
∴	quindi	logica | quindi
∵	perché	logica | perché
∶	rapporto	rapporto
∷	proporzione	proporzionalità | proporzione
∼	operatore tilde	operatore tilde
∽	tilde rovesciata	tilde rovesciata
∾	lazy s invertito	lazy s invertito
≃	asintoticamente uguale	asintoticamente uguale | asintoto | matematica
≅	congruente geometricamente	congruente geometricamente | congruenza | isomorfismo | matematica | uguaglianza
≈	quasi uguale	approssimazione | quasi uguale | quasi uguale a | simile | simile a | similitudine
≌	tutto uguale	matematica | tutto uguale | uguaglianza
≒	approssimativamente uguale all’immagine	approssimativamente uguale all’immagine
≖	anello pari a	anello pari a | matematica | uguaglianza
≠	disuguale	disuguaglianza | disuguale | diversità | diverso | non uguale
≡	simbolo di coincidenza	coincidente | esatto | identico | simbolo di coincidenza | tre lineette
≣	strettamente equivalente	matematica | strettamente equivalente | uguaglianza
≤	minore o uguale	disuguaglianza | minore | minore di | minore o uguale | minore o uguale a | uguale | uguale a
≥	maggiore o uguale	disuguaglianza | maggiore | maggiore di | maggiore o uguale | maggiore o uguale a | uguale | uguale a
≦	minore di su uguale	disuguaglianza | matematica | minore di su uguale
≧	maggiore di su uguale	disuguaglianza | maggiore di su uguale | matematica
≪	molto minore di	disuguaglianza | matematica | molto minore di
≫	molto maggiore di	disuguaglianza | matematica | molto maggiore di
≬	tra	tra
≮	non minore di	disuguaglianza | matematica | non minore di
≯	non maggiore di	disuguaglianza | matematica | non maggiore di
≳	maggiore di o equivalente a	disuguaglianza | maggiore di o equivalente a | matematica
≺	precede	matematica | operatore insiemistico | precede
≻	segue	matematica | operatore insiemistico | segue
⊁	non segue	matematica | non segue | operatore insiemistico
⊂	simbolo di sottoinsieme	insieme | simbolo di sottoinsieme | sottoinsieme | sottoinsieme di
⊃	sovrainsieme	matematica | operatore insiemistico | sovrainsieme
⊆	sottoinsieme uguale a	sottoinsieme uguale a
⊇	sovrainsieme uguale a	matematica | sovrainsieme uguale a | uguaglianza
⊕	segno più in cerchio	segno più in cerchio
⊖	segno meno in cerchio	segno meno in cerchio
⊗	segno di moltiplicazione in cerchio	segno di moltiplicazione in cerchio
⊘	barra di divisione in cerchio	barra di divisione in cerchio
⊙	operatore punto in cerchio	operatore punto in cerchio
⊚	operatore anello in cerchio	operatore anello in cerchio
⊛	operatore asterisco in cerchio	operatore asterisco in cerchio
⊞	segno più in quadrato	segno più in quadrato
⊟	segno meno in quadrato	segno meno in quadrato
⊥	contraddizione	contraddizione
⊮	non forza	non forza
⊰	precede nella relazione	matematica | operatore insiemistico | precede nella relazione
⊱	segue nella relazione	matematica | operatore insiemistico | segue nella relazione
⊶	originale	originale
⊹	matrice hermitiana coniugata	matrice hermitiana coniugata
⊿	triangolo rettangolo	triangolo rettangolo
⋁	or logico n-ario	disgiunzione | logica | or logico | or logico n-ario
⋂	intersezione n-aria	intersezione n-aria | matematica | operatore insiemistico
⋃	unione n-aria	matematica | operatore insiemistico | unione | unione n-aria
⋅	operatore punto	operatore punto
⋆	operatore asterisco (*)	operatore asterisco (*)
⋈	unione naturale	unione naturale
⋒	intersezione doppia	intersezione doppia | matematica | operatore insiemistico
⋘	molto molto minore di	disuguaglianza | matematica | molto molto minore di
⋙	molto molto maggiore di	disuguaglianza | matematica | molto molto maggiore di
⋭	non contiene come sottogruppo normale o uguale	non contiene come sottogruppo normale o uguale
⋮	puntini di sospensione verticali	matematica | puntini di sospensione verticali
⋯	puntini di sospensione centrati	puntini di sospensione centrati
⋰	puntini di sospensione diagonali in alto a destra	matematica | puntini di sospensione diagonali in alto a destra
⋱	puntini di sospensione diagonali in basso a destra	matematica | puntini di sospensione diagonali in basso a destra
⌨	tastiera	computer | tasti | tastiera | tastiera senza fili
⏏	pulsante di espulsione	espulsione | pulsante | pulsante di espulsione
⏭	traccia successiva	freccia | prossima traccia | pulsante | traccia successiva
⏮	pulsante traccia precedente	freccia | precedente | pulsante | pulsante traccia precedente | rewind | torna indietro | traccia precedente | triangolo
⏯	pulsante riproduci/pausa	destra | freccia | play e pausa | play o pausa | pulsante riproduci/pausa | triangolo
⏱	cronometro	cronometrare | cronometro | gara | prendere il tempo
⏲	timer	orologio | timer
⏸	pulsante pausa	in pausa | mettere in pausa | pausa | pulsante
⏹	pulsante stop	pulsante | quadrato | stop
⏺	pulsante di registrazione	cerchio | pulsante | pulsante di registrazione | registrazione
Ⓜ	pulsante M cerchiata	M azzurra | M cerchiata | metro | pulsante M cerchiata | simbolo M
■	quadrato pieno	quadrato pieno
□	quadrato vuoto	quadrato vuoto
▢	quadrato vuoto con angoli arrotondati	quadrato vuoto con angoli arrotondati
▣	quadrato vuoto con quadrato pieno	quadrato vuoto con quadrato pieno
▤	quadrato con riempimento orizzontale	quadrato con riempimento orizzontale
▥	quadrato con riempimento verticale	quadrato con riempimento verticale
▦	quadrato con riempimento tratteggiato ortogonale	quadrato con riempimento tratteggiato ortogonale
▧	quadrato con righe inclinate da sinistra a destra	quadrato con righe inclinate da sinistra a destra
▨	quadrato con righe inclinate da destra a sinistra	quadrato con righe inclinate da destra a sinistra
▩	quadrato con riempimento tratteggiato diagonale	quadrato con riempimento tratteggiato diagonale
▪	quadrato nero piccolo	geometria | quadratino | quadrato | quadrato nero piccolo
▫	quadrato bianco piccolo	geometria | quadratino vuoto | quadrato | quadrato bianco piccolo
▬	rettangolo pieno	rettangolo pieno
▭	rettangolo vuoto	rettangolo vuoto
▮	rettangolo verticale pieno	rettangolo verticale pieno
▰	parallelogramma pieno	parallelogramma pieno
▲	triangolo pieno rivolto verso l’alto	freccia | in alto | pieno | triangolo | triangolo pieno con punta verso l’alto | triangolo pieno rivolto verso l’alto
△	triangolo vuoto rivolto verso l’alto	triangolo vuoto rivolto verso l’alto
▴	triangolo piccolo pieno rivolto verso l’alto	triangolo piccolo pieno rivolto verso l’alto
▵	triangolo piccolo vuoto rivolto verso l’alto	triangolo piccolo vuoto rivolto verso l’alto
▶	pulsante di riproduzione	freccia | play | pulsante di riproduzione | pulsante play | riproduzione | tasto play | triangolo
▷	triangolo vuoto rivolto verso destra	triangolo vuoto rivolto verso destra
▸	triangolo piccolo pieno rivolto verso destra	triangolo piccolo pieno rivolto verso destra
▹	triangolo piccolo vuoto rivolto verso destra	triangolo piccolo vuoto rivolto verso destra
►	puntatore pieno rivolto verso destra	puntatore pieno rivolto verso destra
▻	puntatore vuoto rivolto verso destra	puntatore vuoto rivolto verso destra
▼	triangolo pieno capovolto	freccia | in basso | pieno | triangolo | triangolo pieno capovolto | triangolo pieno con punta verso il basso
▽	triangolo vuoto capovolto	triangolo vuoto capovolto
▾	triangolo piccolo pieno capovolto	triangolo piccolo pieno capovolto
▿	triangolo piccolo vuoto capovolto	triangolo piccolo vuoto capovolto
◀	pulsante di riavvolgimento	pulsante | pulsante di riavvolgimento | pulsante riavvolgimento | rewind | sinistra | tasto riavvolgimento | triangolo
◁	triangolo vuoto rivolto verso sinistra	triangolo vuoto rivolto verso sinistra
◂	triangolo piccolo pieno rivolto verso sinistra	triangolo piccolo pieno rivolto verso sinistra
◃	triangolo piccolo vuoto rivolto verso sinistra	triangolo piccolo vuoto rivolto verso sinistra
◄	puntatore pieno rivolto verso sinistra	puntatore pieno rivolto verso sinistra
◅	puntatore vuoto rivolto verso sinistra	puntatore vuoto rivolto verso sinistra
◆	rombo pieno	rombo pieno
◇	rombo vuoto	rombo vuoto
◈	rombo vuoto con rombo pieno	rombo vuoto con rombo pieno
◉	cerchio vuoto con cerchio pieno	cerchio vuoto con cerchio pieno
◊	losanga	diamante | losanga | rombo
○	cerchio vuoto	anello | cerchio | cerchio vuoto
◌	cerchio tratteggiato	cerchio tratteggiato
◍	cerchio con riempimento verticale	cerchio con riempimento verticale
◎	cerchi concentrici	cerchi concentrici
●	cerchio pieno	cerchio | cerchio pieno
◐	cerchio con metà sinistra piena	cerchio con metà sinistra piena
◑	cerchio con metà destra piena	cerchio con metà destra piena
◒	cerchio con metà inferiore piena	cerchio con metà inferiore piena
◓	cerchio con metà superiore piena	cerchio con metà superiore piena
◔	cerchio con quadrante in alto a destra pieno	cerchio con quadrante in alto a destra pieno
◕	cerchio con quadrante in alto a sinistra vuoto	cerchio con quadrante in alto a sinistra vuoto
◖	semicerchio sinistro pieno	semicerchio sinistro pieno
◗	semicerchio destro pieno	semicerchio destro pieno
◘	punto elenco inverso	punto elenco inverso
◙	quadrato pieno con cerchio vuoto	quadrato pieno con cerchio vuoto
◜	arco circolare del quadrante in alto a sinistra	arco circolare del quadrante in alto a sinistra
◝	arco circolare del quadrante in alto a destra	arco circolare del quadrante in alto a destra
◞	arco circolare del quadrante in basso a destra	arco circolare del quadrante in basso a destra
◟	arco circolare del quadrante in basso a sinistra	arco circolare del quadrante in basso a sinistra
◠	semicerchio superiore	semicerchio superiore
◡	semicerchio inferiore	semicerchio inferiore
◢	triangolo in basso a destra pieno	triangolo in basso a destra pieno
◣	triangolo in basso a sinistra pieno	triangolo in basso a sinistra pieno
◤	triangolo in alto a sinistra pieno	triangolo in alto a sinistra pieno
◥	triangolo in alto a destra pieno	triangolo in alto a destra pieno
◦	punto elenco vuoto	punto elenco vuoto
◯	cerchio vuoto grande	anello | cerchio | cerchio vuoto grande
◳	quadrato vuoto con quadrante in alto a destra	quadrato vuoto con quadrante in alto a destra
◷	cerchio vuoto con quadrante in alto a destra	cerchio vuoto con quadrante in alto a destra
◻	quadrato bianco medio	geometria | quadrato | quadrato bianco medio | quadrato vuoto
◼	quadrato nero medio	geometria | quadrato | quadrato nero medio
◿	triangolo in basso a destra vuoto	triangolo in basso a destra vuoto
☀	sole	calore | luce | meteo | raggi | sole | soleggiato | splendente
☁	nuvola	meteo | natura | nuvola | nuvola nera | nuvoletta
☂	ombrello	meteo | ombrello | pioggia
☃	pupazzo di neve	freddo | inverno | meteo | neve | pupazzo | pupazzo di neve | pupazzo innevato
☄	cometa	cometa | natura | spazio | stella cometa
☎	telefono fisso	fisso | telefono | telefono di casa
☑	riquadro con spunta	fatto | grigio | riquadro | riquadro con spunta | spunta
☘	trifoglio	foglia | Irlanda | natura | trifoglio
☝	indice verso l’alto	dito | dito verso l’alto | in alto | indicare | indice verso l’alto | io | sopra | tu
☠	teschio con ossa incrociate	letale | morte | ossa incrociate | pericolo | pirata | pirati | teschio | teschio con ossa incrociate
☢	simbolo della radioattività	pericolo | radioattività | radioattivo | rifiuti tossici | scorie | simbolo della radioattività
☣	simbolo del rischio biologico	biorischio | pericolo | rischio biologico | simbolo del rischio biologico | sostanze pericolose
☦	croce ortodossa	Cristianesimo | croce | croce ortodossa | ortodossi | religione
☪	mezzaluna e stella	Islam | Islamismo | mezzaluna | mezzaluna e stella | mezzaluna islamica | musulmano | religione | stella
☮	simbolo della pace	hippy | pace | Pace e amore | pacifico | Peace and Love | simbolo | simbolo della pace
☯	Yin e Yang	Confucianesimo | religione | simbolo | Taoismo | Yin e Yang
☸	ruota del Dharma	Buddhismo | Dharma | Dharmacakra | religione | religione buddhista | ruota a otto raggi | ruota del Dharma
☹	faccina imbronciata	corrucciato | faccina | faccina imbronciata | imbronciato | mettere il muso | molto imbronciato | triste
☺	faccina sorridente	contorno faccina sorridente | delineata | emozionarsi | faccina | felice | rilassata | sorridente
♀	simbolo genere femminile	donna | femmina | simbolo di femmina | simbolo genere femminile
♂	simbolo genere maschile	maschio | simbolo di maschio | simbolo genere maschile | uomo
♟	pedina degli scacchi	pedina | pedina degli scacchi | sacrificabile | scacchi | scacco matto
♠	picche	carte | picche | seme
♣	fiori	carte | fiori | seme
♥	cuori	carte | cuore | cuori | seme
♦	quadri	carte | quadri | rombo | seme
♨	sorgenti termali	acqua sorgente | acqua termale | sorgenti termali | terme
♪	croma	croma | musica | ottavo
♭	bemolle	bemolle | musica | nota
♯	diesis	diesis | musica | nota
♻	simbolo del riciclaggio	raccolta differenziata | riciclaggio | riciclare | riciclo | simbolo | simbolo del riciclaggio
♾	simbolo dell’infinito	eternità | illimitato | per sempre | simbolo dell’infinito | universale
⚒	piccone e martello	attrezzi | lavori manuali | manodopera | martello | operaio | piccone e martello | utensili
⚔	spade incrociate	armi | combattimento | duello | sfida | spada | spade | spade incrociate
⚕	simbolo della medicina	bastone di esculapio | medicina | medico | simbolo della medicina
⚖	bilancia a doppio piatto	bilancia | bilancia a doppio piatto | chili | giustizia | grammi | pesare | piatti della bilancia | segno zodiacale | utensile
⚗	alambicco	alambicco | chimica | esperimento | strumento
⚙	ingranaggio	componente | ingranaggio | meccanismo | ruota dentata
⚛	simbolo dell’atomo	ateismo | atomo | fisica | simbolo dell’atomo
⚜	giglio araldico	araldica | fiore | giglio | giglio araldico | simbolo | stemma
⚠	simbolo di avviso	attenzione | pericolo | punto esclamativo | simbolo | simbolo di avviso | triangolo
⚧	simbolo transgender	simbolo transgender | transgender
⚰	bara	bara | funerale | morte | sepoltura | vampiro
⚱	urna funeraria	ceneri | funerale | morte | sepoltura | urna | urna cineraria | urna funeraria | vaso
⛈	temporale	diluvio | fulmini | meteo | natura | nuvole | pioggia | temporale
⛏	piccone	attrezzo | miniera | picconare | piccone | scalare | scavare | utensile
⛑	elmetto con croce bianca	bianca | croce | elmetto | elmetto con croce bianca | salvataggio | soccorso
⛓	catene	anelli di una catena | catena | catene | imprigionare | incatenare
⛩	santuario shintoista	Cina | cinese | jinja | Jinja | religione | santuario shintoista
⛰	montagna	arrampicata | cima | montagna | vetta
⛱	ombrellone	estate | mare | meteo | ombrellone | sole | spiaggia | vacanza
⛴	traghetto	barca | crociera | mare | nave | traghetto | traversata
⛷	sciatore	neve | sci | sciare | sciatore | settimana bianca | sport
⛸	pattinaggio su ghiaccio	ghiaccio | pattinaggio artistico | pattinaggio su ghiaccio | pattini | sport
⛹	persona che fa rimbalzare una palla	basket | campo | giocatore | giocatore di basket | palla | pallacanestro | palleggio | persona | persona che fa rimbalzare una palla | persona con la palla | sport
✂	forbici	forbici | strumento | tagliare | taglio
✈	aeroplano	aereo | aeroplano | jet | partenza | velivolo | viaggio
✉	busta	busta | comunicazione | corrispondenza | email | lettera | posta | ricevere posta
✌	vittoria	due | forbice | mano | segno di vittoria | vittoria | yeah
✍	mano che scrive	disegnare | mano che scrive | penna | scrivere | scrivere a mano
✏	matita	disegnare | matita | matita con gomma | scrivere | scrivere a matita
✒	pennino	boccetta d’inchiostro | calamaio | inchiostro | pennino | scrivere a penna
✔	segno di spunta	baffo | fatto | segno di spunta | segno di spunta nero | spunta
✖	moltiplicazione	cancellare | croce | moltiplicazione | segno moltiplicazione | segno per | X
✝	croce latina	cattolicesimo | Cristianesimo | croce | croce latina | religione
✡	stella di David	David | Ebraismo | ebreo | sei punte | simbolo ebraico | stella | stella a sei punte | stella di David
✳	asterisco	* | asterisco | otto punte | stella
✴	stella stilizzata	asterisco | otto punte | stella | stella stilizzata
❄	fiocco di neve	fiocco di neve | freddo | ghiaccio | inverno | meteo | neve
❇	scintilla stilizzata	scintilla | scintilla stilizzata | simbolo
❣	punto esclamativo a cuore	cuore | punteggiatura | punto esclamativo | punto esclamativo a cuore | simbolo
❤	cuore rosso	amore | cuore | cuoricino | emozione | rosso
➡	freccia rivolta verso destra	avanti | destra | direzione | est | freccia | freccia a destra | freccia rivolta verso destra | punto cardinale
⤴	freccia curva in alto	curva | freccia | freccia curva in alto | in alto | in sù | verso l’alto
⤵	freccia curva in basso	curva | freccia | freccia curva in basso | in basso | in giù | verso il basso
⨧	segno più con pedice due	segno più con pedice due
⨯	prodotto vettoriale	prodotto vettoriale
⨼	prodotto interno	prodotto interno
⩣	operatore logico or con barra inferiore doppia	operatore logico or con barra inferiore doppia
⩽	minore di sopra uguale a obliquo	minore di sopra uguale a obliquo
⪍	minore di sopra circa uguale	minore di sopra circa uguale
⪚	uguale doppio sopra maggiore di	uguale doppio sopra maggiore di
⪺	segue sopra non quasi uguale	segue sopra non quasi uguale
⬅	freccia rivolta a sinistra	direzione | freccia | freccia a sinistra | freccia rivolta a sinistra | ovest | punto cardinale | sinistra
⬆	freccia rivolta verso l’alto	alto | direzione | freccia | freccia in alto | freccia rivolta verso l’alto | nord | punto cardinale
⬇	freccia rivolta verso il basso	basso | direzione | freccia | freccia in basso | freccia rivolta verso il basso | punto cardinale | sud
、	virgola ideografica	ideografica | virgola
。	punto ideografico	ideografico | punto
〈	parentesi angolare aperta	chevron | parentesi a diamante | parentesi a punta | parentesi angolare | parentesi angolare aperta | tupla
〉	parentesi angolare chiusa	chevron | parentesi a diamante | parentesi a punta | parentesi angolare | parentesi angolare chiusa | tupla
《	parentesi angolare doppia aperta	parentesi | parentesi angolare doppia | parentesi angolare doppia aperta
》	parentesi angolare doppia chiusa	parentesi | parentesi angolare doppia | parentesi angolare doppia chiusa
「	mezza parentesi quadra aperta in alto	mezza parentesi | mezza parentesi quadra aperta in alto | parentesi
」	mezza parentesi quadra chiusa in basso	mezza parentesi | mezza parentesi quadra chiusa in basso | parentesi
『	mezza parentesi quadra vuota aperta in alto	mezza parentesi quadra vuota aperta in alto | mezza parentesi vuota | parentesi
』	mezza parentesi quadra vuota chiusa in basso	mezza parentesi quadra vuota chiusa in basso | mezza parentesi vuota | parentesi
【	parentesi lenticolare piena aperta	parentesi | parentesi lenticolare | parentesi lenticolare piena aperta
】	parentesi lenticolare piena chiusa	parentesi | parentesi lenticolare | parentesi lenticolare piena chiusa
〔	parentesi quadra spezzata aperta	parentesi | parentesi quadra spezzata | parentesi quadra spezzata aperta | spezzata
〕	parentesi quadra spezzata chiusa	parentesi | parentesi quadra spezzata | parentesi quadra spezzata chiusa | spezzata
〖	parentesi lenticolare vuota aperta	parentesi lenticolare vuota | parentesi lenticolare vuota aperta | parentsi
〗	parentesi lenticolare vota chiusa	chiusa | parentesi lenticolare vota chiusa | parentesi lenticolare vuota
〰	trattino ondulato	onda | ondulato | trattino
〽	simbolo di alternanza delle parti	canzone | divisione spartito | parti musicali | segno | simbolo di alternanza delle parti | suddivisione parti
・	punto mediano katakana	katakana | punti | punto centrale | punto mediano katakana
㊗	ideogramma giapponese di “Congratulazioni”	cinese | congratulazioni | giapponese | ideogramma | ideogramma giapponese di “Congratulazioni”
㊙	ideogramma giapponese di “Segreto”	cinese | giapponese | ideogramma | ideogramma giapponese di “Segreto” | segreto
﷼	rial	rial | valuta
🅰	gruppo sanguigno A	A | gruppo A | gruppo sanguigno A | lettera A | sangue
🅱	gruppo sanguigno B	B | gruppo B | gruppo sanguigno B
🅾	gruppo sanguigno 0	gruppo 0 | gruppo O | gruppo sanguigno 0 | gruppo sanguigno O | pulsante O | zero
🅿	pulsante P	area di parcheggio | P | parcheggio | pulsante | tasto
🈂	ideogramma giapponese di “Costo del servizio”	ideogramma giapponese di “Costo del servizio” | ideogramma katakana sa | katakana | parola | sa
🈷	ideogramma giapponese di “Importo mensile”	cinese | giapponese | ideogramma | ideogramma giapponese di “Importo mensile” | luna | mese
🌡	termometro	caldo | clima | freddo | meteo | temperatura | termometro
🌤	parzialmente nuvoloso	meteo | natura | nuvola | nuvole | nuvoloso | parzialmente nuvoloso | sole | sole dietro nuvola | variabile
🌥	molto nuvoloso	coperto | maltempo | meteo | molto nuvoloso | natura | nuvole | nuvoloso
🌦	sole coperto e pioggia	coperto | meteo | natura | nuvola | nuvola con sole | pioggia | sole | sole con pioggia | sole coperto e pioggia | sole dietro nuvola | variabile
🌧	pioggia	diluvio | meteo | natura | nuvole | nuvoloso | pioggerella | pioggia | piovere | piovigginare
🌨	neve	brutto tempo | freddo | meteo | natura | neve | nevica | nuovola | nuvole | tempo
🌩	fulmini	fulmine | fulmini | maltempo | meteo | natura | nuvola | nuvole | pioggia | tempo | temporale | temporali
🌪	tornado	meteo | tornado | tromba d’aria | twister | uragano | vento
🌫	nebbia	foschia | meteo | nebbia | nuvole | visibilità ridotta
🌬	vento	aria | Eolo | sbuffo | vento
🌶	peperoncino	cibo | hot | peperoncino | piccante | verdura
🍽	piatto e posate	apparecchiare | cena | coltello | fame | forchetta | mangiare | piatto | piatto e posate | posate | pranzo | tavola
🎖	medaglia militare	medaglia | medaglia al valore | medaglia con stella | militare | onore | onoreficenza | riconoscimento | stella | valore | vittoria
🎗	nastro	festa | festeggiamenti | fiocchetto | fiocco | fiocco giallo | nastro | nastro giallo | nodo
🎙	microfono radiofonico	cantare | microfoni | microfoni da studio | microfono | microfono da studio | microfono radiofonico | radio | registrazione | studio
🎚	cursore del volume	abbassare il volume | alzare il volume | audio | cursore del volume | levetta del volume | musica | regolazione volume | volume
🎛	manopole di controllo	console | dj | manopola | manopole | manopole del volume | manopole di controllo | musica | regolazione volume
🎞	pellicola cinematografica	cinema | cinema paradiso | film | fotogrammi | fotogrammi di film | pellicola | pellicola cinematografica
🎟	biglietto d’ingresso	biglietto | biglietto d’ingresso | cinema | entrata | ingresso | spettacolo | ticket
🏋	persona che solleva pesi	allenamento | bilanciere | bodybuilding | culturista | forza | persona | persona che solleva pesi | pesi | pesi massimi | sforzo | sollevamento pesi | sport
🏌	persona che gioca a golf	buca | giocatore di golf | golf | green | mazza | pallina | persona | persona che gioca a golf | sport | tiro
🏍	motocicletta	avventura | due ruote | mezzo | moto | moto gp | motocicletta | ruote | trasporti | trasporto | veloce
🏎	auto da corsa	auto | auto da corsa | gran premio | sport | velocità
🏔	montagna innevata	cima | ghiacciaio | inverno | montagna | montagna innevata | paesaggio
🏕	campeggio	campeggio | lago | montagna | tenda | vacanza
🏖	spiaggia con ombrellone	estate | mare | ombrellone | ombrellone in spiaggia | spiaggia | spiaggia con ombrellone | vacanze
🏗	edificio in costruzione	cantiere | costruire | edifici | edificio in costruzione | edilizia | gru
🏘	case	casa | case | casetta | casette | cittadina | edifici | quartiere | residenziale | via | vicinato | vicini | vicino
🏙	paesaggio urbano	città | edifici | finistra | grattacieli | metropoli | paesaggio | paesaggio urbano | vista
🏚	casa in rovina	abbandonata | casa in rovina | crepa | crepe | decrepita | disabitata | disabitato | fatiscente | in rovina | rovinato | rudere | terremoto
🏛	edificio classico	antichità | edificio | edificio classico | Grecia | palazzo | Partenone | tempio | tempio greco
🏜	deserto	arido | caldo | canyon | deserto | sole cocente
🏝	isola deserta	isola | isola deserta | mare | naufrago | palma | solitudine | spiaggia | vacanza
🏞	parco nazionale	colline | escursione | natura | paesaggio | parco | parco nazionale
🏟	stadio	calcio | competizione | concerto | derby | domenica | giocare | gioco | partita | quiddich | sfida | sport | stadio
🏳	bandiera bianca	arrendersi | bandiera | bandiera bianca | bandiera che sventola | sos | sventolare bandiera bianca
🏵	rosetta	coccarda | fiore | natura | pianta | rosetta
🏷	etichetta	etichetta | identificativo | prezzo | talloncino
🐿	scoiattolo	animale | animali | bosco | scoiattolo | selvatico
👁	occhio	1 occhio | corpo | faccia | occhio
📽	proiettore cinematografico	cinema | cinepresa | film | filmato | fotocamera | fotografare | macchina fotografica | ricordi | riproduzione | scattare foto | video | videoproiettore
🕉	Om	induismo | Induismo | mantra | Om | religione induista | religone
🕊	colomba	animale | ornitologia | pace | Pasqua | uccellino | uccello | ulivo | volare
🕯	candela	a lume di candela | calore | candela | candela accesa | cera | cero | illuminare | luce
🕰	orologio da mensola	ora | orologio | orologio da mensola | sveglia | tempo
🕳	buco	buco | fumetto | nero | tombino
🕴	uomo con completo che levita	abbigliamento | abito | business man | cravatta | giacca | lavoro | persona | uomo | uomo con completo che levita | uomo elegante che levita | vestito elegante
🕵	detective	detective | investigatore | lavoro | lente | mistero | spia | uomo
🕶	occhiali da sole	abbigliamento | accessori | cool | estate | figo | luce | occhiali | occhiali da sole | occhiali scuri | sole
🕷	ragno	animale | aracnide | disgusto | insetto | ragno | schifo
🕸	ragnatela	ragnatela | ragno | tela
🕹	joystick	giocare | joystick | leva del joystick | video giochi | video gioco | videogame | videogiochi | videogioco
🖇	graffette attaccate	allegare | cancelleria | cartoleria | clip | fermagli | graffette | graffette attaccate | ufficio
🖊	penna a sfera	compiti | disegnare | penna | penna a sfera | scrivere | scrivere a penna | scuola | stilografica | ufficio
🖋	penna stilografica	cartuccia | inchiostro | penna | pennino | scrivere | scuola | stilo | stilografica | ufficio
🖌	pennello	arte | artista | colorare | dipingere | pennellare | pennello | pittore | pittrice
🖍	pastello a cera	colorare | colorare con pastelli | colori | disegnare | pastello | pastello a cera | scrivere | scuola
🖐	mano aperta	batti il cinque | cinque | dita | fermo | gesto | high five | mano alzata | mano aperta | palmo della mano | stop | un attimo
🖥	computer fisso	computer | computer fisso | desktop | desktop PC | monitor | PC tutto in uno
🖨	stampante	computer | fotocopie | periferica | periferiche | stampante | stampare | stampe | ufficio
🖱	mouse	computer | cursore | mouse | mouse senza fili | periferica | periferiche | ufficio
🖲	trackball	computer | mouse a sfera | mouse con trackball | puntamento | sfera | trackball
🖼	quadro incorniciato	arte | cornice | dipinto | disegno | galleria | museo | opera d’arte | paesaggio | quadretto | quadro | quadro incorniciato
🗂	divisori per schedario	archiviare | archivio | biblioteca | cassetto | divisori | divisori per schedario | documenti | ordinare | schedario | ufficio
🗃	schedario da tavolo	archiviare | archivio | contenitore | documenti | scatola | schedario | schedario da tavolo | ufficio
🗄	schedario da ufficio	archiviare | armadietto schedario | cassetti | documenti | file | ordinare | schedario | schedario da ufficio | ufficio
🗑	cestino	buttare | cartacce | cestino | rifiuti | ufficio
🗒	blocco per appunti con spirale	appuntare | appunti | blocchetto degli appunti | blocco | blocco a spirale | blocco per appunti con spirale | scrivere
🗓	calendario a spirale	calendario | calendario a spirale | giorni | taccuino | tempo
🗜	morsetto	fissare | morsa | morsetto | serrare | stringere | utensile
🗝	chiave antica	chiave | chiave antica | chiudere a chiave | indizio | segreto | serratura
🗞	quotidiano arrotolato	arrotolato | consegna a domicilio | giornale | giornali | giornali arrotolati | notizie | quotidiani | quotidiano
🗡	pugnale	affilato | arma | armi | combattere | pugnalare | pugnale | spada
🗣	persona che parla	parlare | persona | persona che parla | profilo | urlare
🗨	fumetto a sinistra	dialogo | fumetto | nuvoletta | parlare | sinistra
🗯	nuvoletta rabbia	arrabbiato | dialogo | fumetto | nuvoletta rabbia | rabbia | urlare
🗳	urna elettorale con scheda	ballottaggio | elezioni | esprimere un voto | scheda elettorale | urna | urna elettorale | urna elettorale con scheda | urne | votare | voto
🗺	mappa mondiale	cartina | mappa | mappa mondiale | mondo | viaggiare
🛋	divano e lampada	casa | divano | divano e lampada | lampada | leggere | mobili | relax | riposare | salotto
🛍	borse della spesa	acquisti | borsa | borse | borse della spesa | sacchetti | sacchetti regalo | shopping | spesa
🛎	campanello da hotel	campanello | campanello d’hotel | campanello da hotel | hotel | reception
🛏	letto	arredamento | dormire | hotel | letto | mobili | relax | sonno | stanchezza
🛠	martello e chiave inglese	aggiustare | attrezzi | chiave inglese | impostazioni | lavorare | lavoro | lavoro manuale | martello | martello e chiave inglese | operaio | simbolo impostazioni | utensili
🛡	scudo	cavaliere | combattimento | duello | medioevo | protezione | scudo | simbolo | torneo
🛢	barile di petrolio	barile | barile di petrolio | bidone | fusto | petrolio
🛣	autostrada	autostrada | guidare | pedaggio | strada | strada veloce | viaggiare
🛤	binari	binari | ferrovia | treno
🛥	barca a motore	barca | barca a motore | barcone | imbarcazione | lusso | motore | motoscafo | yatch
🛩	aereo turistico	aereo | aereo turistico | aeroplano | jet | velivolo | viaggiare | viaggio
🛰	satellite	satellite | spazio
🛳	nave da crociera	barca | crociera | imbarcazione | nave | nave da crociera | traghetto | vacanza
