# CLDR symbol names for ka: symbol, tts name, keywords
# cldr-version	48
# source	https://unicode.org/Public/cldr/48/cldr-common-48.zip
# sha256	06c7c698d6fd8d67cefac15a0206b0109b00e0ef1636f86f84449fa959561f74
# Generated by tools/cldr_symbol_names.py; do not edit.
!	ძახილის ნიშანი	ძახილი | ძახილის ნიშანი | წამოძახილი
#	ოქტოთორპი	დიეზი | ნომერი | ოქტოთორპი | ფუნტი | ჰეში | ჰეშტეგი
$	დოლარი	აშშ დოლარი | დოლარი | ვალუტა | პესო | ფული
%	პროცენტი	ასიდან | მეასედი | პროცენტი | პროცენტის ნიშანი
&	ამპერსანდი	ამპერსანდი | და | ეთი
'	საბეჭდი მანქანის აპოსტროფი	ერთმაგი ბრჭყალი | საბეჭდი მანქანის აპოსტროფი | შეუმოსავი აპოსტროფი
)	ფრჩხილების დახურვა	დახურვა | ფრჩხილები | ფრჩხილების დახურვა | ფრჩხილი
*	ვარსკვლავი	ვარსკვლავი | ჩანაცვლების სიმბოლო
+	პლუსის ნიშანი	მიმატება | პლუსი | პლუსის ნიშანი
,	მძიმე	მძიმე
-	დეფისი-მინუსი	დეფისი | დეფისი-მინუსი | მინუსი | ტირე
.	წერტილი	დასასრული | წერტილი
/	მარჯვნივ დახრილი ხაზი	გამყოფი | დამყოფი | დამყოფი ხაზი | დახრილი ხაზი | ირიბი ხაზი | მარჯვნივ დახრილი ხაზი
:	ორწერტილი	ორწერტილი
;	წერტილმძიმე	წერტილმძიმე
<	ნაკლებობა	თეგის დახურვა | მეტობა | მეტობის ნიშანი | ნაკლებობა
=	ტოლობა	ტოლობა | ტოლობის ნიშანი
>	მეტობა	თეგის გახსნა | მეტობა | მეტობის ნიშანი
?	კითხვის ნიშანი	კითხვა | კითხვის ნიშანი
@	ეთის ნიშანი	ეთის ნიშანი | ელფოსტის ნიშანი | კომერციული ეთი | ძაღლუკა
[	მარცხენა კვადრატული ფრჩხილი	კვადრატურლი | მარცხენა კვადრატული ფრჩხილი | ფრჩხილები
\	უკუწილადი	დამყოფი | მარცხნივ დახრილი ხაზი | უკუწილადი | შებრუნებული დახრილი ხაზი
]	მარჯვენა კვადრატული ფრჩხილი	მარჯვენა კვადრატული ფრჩხილი | ფიგურული ფრჩხილი | ფრჩხილი
^	ცირკუმფლექსი	მახვილი | შევრონი | ცირკუმფლექსი
_	ქვედა ტირე	ქვედა ტირე | ქვედა ხაზი | ხაზგასმა
`	გრავისი	გრავისი | მახვილი | შებრუნებული აკუტი | შტრიხი
{	მარცხენა ფიგურული ფრჩხილი	კვადრატურლი | მარცხენა ფიგურული ფრჩხილი | ფიგურული
|	ვერტიკალური ხაზი	ვერტიკალური ზოლი | ვერტიკალური ხაზი | ხაზი
}	მარჯვენა ფიგურული ფრჩხილი	კვადრატურლი | მარჯვენა ფიგურული ფრჩხილი | ფიგურული
~	ტილდა	კლაკნილი | ტილდა | ქარაგმა
¡	შებრუნებული ძახილის ნიშანი	შებრუნებული | შებრუნებული ძახილის ნიშანი | ძახილი | ძახილის მაჩვენებელი | ძახილის ნიშანი | წამოძახილი
¢	ცენტი	ცენტი
£	ფუნტი	GBP | ვალუტა | სტერლინგი | ფუნტი
¤	უცნობი ვალუტა	
¥	იენი	CNY | JPY | ვალუტა | იენი | იუანი
§	პარაგრაფი	თავი | ნაწილი | პარაგრაფი | სექცია
¨	უმლაუტი	დიერეზისი | ტრემა | უმლაუტი
©	საავტორო უფლება	საავტორო უფლება | საავტორო უფლებები
«	მარცხენა ორმაგი კუთხოვანი ბრჭყალი	ბრჭყალები | კუთხე | კუთხოვანი ბრჭყალები | მარცხენა ბრჭყალი | მარცხენა ორმაგი კუთხოვანი ბრჭყალი | მარჯვნივ | შევრონი | ციტირება
¬	უარყოფა	არა | უარყოფა
®	რეგისტრირებული სასაქონლო ნიშანი	R | რეგისტრირებული სასაქონლო ნიშანი
°	გრადუსი	გრადუსი | დამოწმება | საათი
±	პლუს-მინუსი	მინუსი | პლუს-მინუსი | პლუსი
²	ორიანი ზედა ინდექსში	ზედა ინდექსი | კვადრატული | ორი | ორიანი ზედა ინდექსში
³	სამიანი ზედა ინდექსში	ზედა ინდექსი | კუბი | სამი | სამიანი ზედა ინდექსში
´	აკუტი	აკუტი | მახვილი | შებრუნებული გრავისი | შტრიხი
µ	მიკროს ნიშანი	განზომილება | მიკროს ნიშანი
¶	აბზაცის ნიშანი	აბზაცი | აბზაცის ნიშანი | გამწკრივება | პარაგრაფი | პარაფი
·	შუა წერტილი	შუა | შუა პუნქტი | წერტილი
¹	ერთიანი ზედა ინდექსში	ერთი | ერთიანი ზედა ინდექსში | ზედა ინდექსი
»	მარჯვენა ორმაგი კუთხოვანი ბრჭყალი	ბრჭყალები | კუთხე | კუთხოვანი ბრჭყალები | მარჯვენა ბრჭყალი | მარჯვენა ორმაგი კუთხოვანი ბრჭყალი | მარჯვნივ | შევრონი | ციტირება
¿	შებრუნებული კითხვის ნიშანი	კითხვა | კითხვის ნიშანი | შებრუნებული | შებრუნებული კითხვის ნიშანი
×	გამრავლების ნიშანი	გაამრავლე | გამრავლება | გამრავლების ნიშანი | რამდენჯერ
÷	გაყოფის ნიშანი	გაყავი | გაყოფა | გაყოფის ნიშანი | ობელუსი
֏	სომხური დრამი	
؋	ავღანური ავღანი	
،	არაბული მძიმე	არაბული | მძიმე
؛	არაბული წერტილმძიმე	არაბული | წერტილმძიმე
؟	არაბული კითხვის ნიშანი	არაბული | არაბული კითხვის ნიშანი | კითხვა | კითხვის ნიშანი
৳	ბანგლადეშური ტაკა	
฿	ტაილანდური ბატი	
៛	კამბოჯური რიელი	
‐	დეფისი	დეფისი | მინუსი | ტირე
–	საშუალო ტირე	საშუალო | ტირე
—	გრძელი ტირე	გრძელი | ტირე
―	ჰორიზონტალური ხაზი	ტირე | ხაზი | ჰორიზონტალური ხაზი
‘	მარცხენა აპოსტროფი	აპოსტროფი | ერთმაგი ბრჭყალი | მარცხენა აპოსტროფი | სტრიქონზედა მძიმე
’	მარჯვენა აპოსტროფი	აპოსტროფი | ერთმაგი ბრჭყალი | მარჯვენა აპოსტროფი | სტრიქონზედა მძიმე
‚	მარჯვენა ქვედა აპოსტროფი	აპოსტროფი | ერთმაგი ბრჭყალი | მარჯვენა ქვედა აპოსტროფი | ქვედა ბრჭყალი
“	ზედა ორმაგი დახურვის ბრჭყალი	ბრჭყალი | ზედა | ზედა ორმაგი დახურვის ბრჭყალი | ორმაგი ბრჭყალი
”	ზედა ორმაგი ქვეით მომართული ბრჭყალი	ბრჭყალი | ზედა | ზედა ორმაგი ქვეით მომართული ბრჭყალი | ორმაგი ბრჭყალი
„	ქვედა ორმაგი გამხსნელი ბრჭყალი	ბრჭყალი | ორმაგი ბრჭყალი | ქვედა | ქვედა ორმაგი გამხსნელი ბრჭყალი
†	ხანჯლის ნიშანი	ობელისკი | ხანჯალი | ხანჯლის ნიშანი | ჯვარი
‡	ორმაგი ხანჯლის ნიშანი	ობელისკი | ორმაგი | ორმაგი ხანჯლის ნიშანი | ხანჯალი | ჯვარი
•	ბურთი	ბულეტი | ბურთი | ბურთულა | წერტილი
…	სამწერტილი	მრავალწერტილი | სამი წერტილი | სამწერტილი
‧	გადატანის წერტილი	გადატანა | გადატანის წერტილი | ტირე | წერტილი
‰	პრომილე	მეათასედი | პრომილე | პრომილეს ნიშანი
′	შტრიხი	აპოსტროფი | მახვილი | შტრიხი
″	ორმაგი შტრიხი	ორმაგი შტრიხი | შეუმოსავი ბრჭყალები
‴	სამმაგი შტრიხი	სამმაგი მახვილი | სამმაგი შტრიხი
‸	ჩასმის ნიშანი	ჩასმის ნიშანი
※	ნიშნული	ნიშნული
‼	ორმაგი ძახილის ნიშანი	ნიშანი | ორმაგი ძახილის ნიშანი | პუნქტუაცია | ძახილი
‽	ინტერბანგი	ინტერბანგი | კითხვა-ძახილი
‾	ზედა ტირე	ზედა ტირე | ზედა ხაზი
⁂	სამი ვარსკვლავი	ასტერიზმი | ვარსკვლავები | სამი ვარსკვლავი
⁄	გამყოფი ხაზი	გამყოფი ხაზი | დამყოფი ხაზი | ხაზი
⁉	კითხვა-ძახილის ნიშანი	კითხვა | კითხვა-ძახილი | კითხვა-ძახილის ნიშანი | ნიშანი | პუნქტუაცია | ძახილი
⁻	მინუსი ზედა ინდექსში	ზედა ინდექსი | მინუსი | მინუსი ზედა ინდექსში
₡	კოსტა-რიკული კოლონი	
₢	კრუზეირო	BRB | ბრაზილიური კრუზეირო | ვალუტა | კრუზეირო
₣	ფრანგული ფრანკი	ვალუტა | ფრანგული ფრანკი | ფრანკი
₤	ლირა	ვალუტა | ლირა
₥	მილი	მეათასედი | მილი
₦	ნიგერიული ნაირა	
₧	ესპანური პესეტა	
₨	რუპია	ვალუტა | რუპია
₩	ვონი	ვონი | კორეა | სკვ
₪	ისრაელის ახალი შეკელი	
₫	ვიეტნამური დონგი	
€	ევრო	EUR | ევრო | ვალუტა
₭	ლაოსური კიპი	
₮	მონღოლური ტუგრიკი	
₰	გერმანული პფენინგი	გერმანული პფენინგი | ვალუტა | პფენინგი
₱	პესო	პესო
₲	პარაგვაული გუარანი	
₳	აუსტრალი	ARA | აუსტრალი | ვალუტა
₴	უკრაინული გრივნა	
₵	განური სედი	
₶	ლივრი	ვალუტა | ლივრი
₷	სპესმილო	ვალუტა | სპესმილო
₸	ყაზახური ტენგე	
₹	ინდური რუპია	ვალუტა | ინდური რუპია | რუპია
₺	ახალი თურქული ლირა	
₼	აზერბაიჯანული მანათი	
₽	რუბლი	ვალუტა | რუბლი
₾	ქართული ლარი	
₿	ბიტკოინი	BTC | ბიტკოინი | კრიპტოვალუტა
℗	საავტორო უფლება ხმოვან ჩანაწერზე	საავტორო უფლება | საავტორო უფლება ხმოვან ჩანაწერზე | ჩანაწერი | ხმა
™	სავაჭრო ნიშანი	ნიშანი | სავაჭრო ნიშანი
ℹ	ინფორმაცია	i | ინფორმაცია
←	მარცხნივ მიმართული ისარი	ისარი | მარცხნივ | მარცხნივ მიმართული ისარი
↑	ზემოთ მიმართული ისარი	ზემოთ | ზემოთ მიმართული ისარი | ისარი
→	მარჯვნივ მიმართული ისარი	ისარი | მარჯვნივ | მარჯვნივ მიმართული ისარი
↓	ქვემოთ მიმართული ისარი	ისარი | ქვემოთ | ქვემოთ მიმართული ისარი
↔	ისარი მარცხნივ და მარჯვნივ	ისარი | ისარი მარცხნივ და მარჯვნივ
↕	ისარი ზემოთ და ქვემოთ	ისარი | ისარი ზემოთ და ქვემოთ
↖	ისარი ზემოთ და მარცხნივ	ინტერკარდინალური | ისარი | ისარი ზემოთ და მარცხნივ | კარდინალური | მიმართულება | ჩრდილო-დასავლეთი
↗	ისარი ზემოთ და მარჯვნივ	ინტერკარდინალური | ისარი | ისარი ზემოთ და მარჯვნივ | კარდინალური | მიმართულება | ჩრდილო-აღმოსავლეთი
↘	ისარი ქვემოთ და მარჯვნივ	ინტერკარდინალური | ისარი | ისარი ქვემოთ და მარჯვნივ | კარდინალური | მიმართულება | სამხრეთ-აღმოსავლეთი
↙	ისარი ქვემოთ და მარცხნივ	ინტერკარდინალური | ისარი | ისარი ქვემოთ და მარცხნივ | კარდინალური | მიმართულება | სამხრეთ-დასავლეთი
↚	მარცხნივ მიმართული გადახაზული ისარი	მარცხნივ მიმართული გადახაზული ისარი
↛	მარჯვნივ მიმართული გადახაზული ისარი	მარჯვნივ მიმართული გადახაზული ისარი
↜	მარცხნივ მიმართული დატალღური ისარი	მარცხნივ მიმართული დატალღური ისარი
↝	მარჯვნივ მიმართული დატალღური ისარი	მარჯვნივ მიმართული დატალღური ისარი
↞	მარცხნივ მიმართული ორთავიანი ისარი	მარცხნივ მიმართული ორთავიანი ისარი
↟	ზემოთ მიმართული ორთავიანი ისარი	ზემოთ მიმართული ორთავიანი ისარი
↠	მარჯვნივ მიმართული ორთავიანი ისარი	მარჯვნივ მიმართული ორთავიანი ისარი
↡	ქვემოთ მიმართული ორთავიანი ისარი	ქვემოთ მიმართული ორთავიანი ისარი
↢	მარცხნივ მიმართული ისარი კუდზე ისრით	მარცხნივ მიმართული ისარი კუდზე ისრით
↣	მარჯვნივ მიმართული ისარი კუდზე ისრით	მარჯვნივ მიმართული ისარი კუდზე ისრით
↤	მარცხნივ მიმართული ისარი დასაწყისში ხაზით	მარცხნივ მიმართული ისარი დასაწყისში ხაზით
↥	ზემოთ მიმართული ისარი დასაწყისში ხაზით	ზემოთ მიმართული ისარი დასაწყისში ხაზით
↦	მარჯვნივ მიმართული ისარი დასაწყისში ხაზით	მარჯვნივ მიმართული ისარი დასაწყისში ხაზით
↧	ქვემოთ მიმართული ისარი დასაწყისში ხაზით	ქვემოთ მიმართული ისარი დასაწყისში ხაზით
↨	ზემოთ და ქვემოთ მიმართული ისარი დასაწყისში ხაზით	ზემოთ და ქვემოთ მიმართული ისარი დასაწყისში ხაზით
↩	ისარი, რომელიც იმრუდება მარჯვნიდან მარცხნივ	ისარი | ისარი, რომელიც იმრუდება მარჯვნიდან მარცხნივ | რომელიც იმრუდება მარჯვნიდან მარცხნივ
↪	ისარი, რომელიც იმრუდება მარცნიდან მარჯვნივ	ისარი | ისარი, რომელიც იმრუდება მარცნიდან მარჯვნივ | რომელიც იმრუდება მარცნიდან მარჯვნივ
↫	მარცხნივ მიმართული ისარი მარყუჟით	მარცხნივ მიმართული ისარი მარყუჟით
↬	მარჯვნივ მიმართული ისარი მარყუჟით	მარჯვნივ მიმართული ისარი მარყუჟით
↭	მარცხნივ და მარჯვნივ მიმართული დატალღური ისარი	მარცხნივ და მარჯვნივ მიმართული დატალღური ისარი | მარცხნივ და მარჯვნივ მიმართული დატალღური ისარიმარცხნივ და მარჯვნივ მიმართული დატალღური ისარი
↮	მარცხნივ და მარჯვნივ მიმართული გადახაზული ისარი	მარცხნივ და მარჯვნივ მიმართული გადახაზული ისარი
↯	დაბლა მიმართული ზიგზაგიანი ისარი	დაბლა მიმართული ზიგზაგიანი ისარი | ზიგზაგი
↰	ზემოთ და ბოლოში მარცხნივ მიმართული ისარი	ზემოთ და ბოლოში მარცხნივ მიმართული ისარი
↱	ზემოთ და ბოლოში მარჯვნივ მიმართული ისარი	ზემოთ და ბოლოში მარჯვნივ მიმართული ისარი
↲	ქვემოთ და ბოლოში მარცხნივ მიმართული ისარი	ქვემოთ და ბოლოში მარცხნივ მიმართული ისარი
↳	ქვემოთ და ბოლოში მარჯვნივ მიმართული ისარიქვემოთ და ბოლოში მარჯვნივ მიმართული ისარი	ქვემოთ და ბოლოში მარჯვნივ მიმართული ისარი | ქვემოთ და ბოლოში მარჯვნივ მიმართული ისარიქვემოთ და ბოლოში მარჯვნივ მიმართული ისარი
↴	მარჯვნივ და ქვემოთ მიმართული კუთხიანი ისარი	მარჯვნივ და ქვემოთ მიმართული კუთხიანი ისარი
↵	ქვემოთ და მარცხნივ მიმართული კუთხიანი ისარი	ქვემოთ და მარცხნივ მიმართული კუთხიანი ისარი
↶	საათის ისრის საწინააღმდეგოდ მიმართული ისარი	საათის ისრის საწინააღმდეგოდ მიმართული ისარი
↷	საათის ისრის მიმართულებით მიმართული ისარი	საათის ისრის მიმართულებით მიმართული ისარი
↸	ჩრდილო-დასავლეთით მიმართული ისარი ზემოთ ხაზით	ჩრდილო-დასავლეთით მიმართული ისარი ზემოთ ხაზით
↹	მარცხნივ მიმართული ისარი წვერთან ხაზით და მის ქვემოთ მარჯვნივ მიმართული ისარი წვერთან ხაზით	მარცხნივ მიმართული ისარი წვერთან ხაზით და მის ქვემოთ მარჯვნივ მიმართული ისარი წვერთან ხაზით
↺	საათის ისრის საწინააღმდეგოდ მიმართული წრიული ისარი	საათის ისრის საწინააღმდეგოდ მიმართული წრიული ისარი
↻	საათის ისრის მიმართულებით მიმართული წრიული ისარი	საათის ისრის მიმართულებით მიმართული წრიული ისარი
↼	მარცხნივ მიმართული ჰარპუნი კავით ზემოთ	კავი | მარცხნივ მიმართული ჰარპუნი კავით ზემოთ
↽	მარცხნივ მიმართული ჰარპუნი კავით ქვემოთ	მარცხნივ მიმართული ჰარპუნი კავით ქვემოთ
↾	ზემოთ მიმართული ჰარპუნი კავით მარჯვნივ	ზემოთ მიმართული ჰარპუნი კავით მარჯვნივ | კავი
↿	ზემოთ მიმართული ჰარპუნი კავით მარცხნივ	ზემოთ მიმართული ჰარპუნი კავით მარცხნივ | კავი
⇀	მარჯვნივ მიმართული ჰარპუნი კავით ზემოთ	კავი | მარჯვნივ მიმართული ჰარპუნი კავით ზემოთ
⇁	მარჯვნივ მიმართული ჰარპუნი კავით ქვემოთ	კავი | მარჯვნივ მიმართული ჰარპუნი კავით ქვემოთ
⇂	ქვემოთ მიმართული ჰარპუნი კავით მარჯვნივ	კავი | ქვემოთ მიმართული ჰარპუნი კავით მარჯვნივ
⇃	ქვემოთ მიმართული ჰარპუნი კავით მარცხნივ	კავი | ქვემოთ მიმართული ჰარპუნი კავით მარცხნივ
⇄	მარჯვნივ მიმართული ისარი და მის ქვემოთ მარცხნივ მიმართული ისარი	მარჯვნივ მიმართული ისარი და მის ქვემოთ მარცხნივ მიმართული ისარი
⇅	ზემოთ მიმართული და ქვემოთ მიმართული ისრები	ზემოთ | ზემოთ მიმართული და ქვემოთ მიმართული ისრები | ისარი | ქვემოთ
⇆	მარცხნივ მიმართული და მის ქვემოთ მარჯვნივ მიმართული ისრები	ისარი | მარცხნივ | მარცხნივ მიმართული და მის ქვემოთ მარჯვნივ მიმართული ისრები | მარჯვნივ
⇇	მარცხნივ მიმართული ისრების წყვილი	მარცხნივ მიმართული ისრების წყვილი
⇈	ზემოთ მიმართული ისრების წყვილი	ზემოთ მიმართული ისრების წყვილი
⇉	მარჯვნივ მიმართული ისრების წყვილი	მარჯვნივ მიმართული ისრების წყვილი
⇊	ქვემოთ მიმართული ისრების წყვილი	ქვემოთ მიმართული ისრების წყვილი
⇋	მარცხნივ მიმართული ჰარპუნი და მის ქვეშ მარჯვნივ მიმართული ჰარპუნი	მარცხნივ მიმართული ჰარპუნი და მის ქვეშ მარჯვნივ მიმართული ჰარპუნი
⇌	მარჯვნივ მიმართული ჰარპუნი და მის ქვეშ მარცხნივ მიმართული ჰარპუნი	მარჯვნივ მიმართული ჰარპუნი და მის ქვეშ მარცხნივ მიმართული ჰარპუნი
⇍	მარცხნივ მიმართული გადახაზული ორმაგი ისარი	მარცხნივ მიმართული გადახაზული ორმაგი ისარი
⇎	მარცხნივ და მარჯვნივ მიმართული გადახაზული ორმაგი ისარი	მარცხნივ და მარჯვნივ მიმართული გადახაზული ორმაგი ისარი
⇏	მარჯვნივ მიმართული გადახაზული ორმაგი ისარი	მარჯვნივ მიმართული გადახაზული ორმაგი ისარი
⇐	მარცხნივ მიმართული ორმაგი ისარი	მარცხნივ მიმართული ორმაგი ისარი
⇑	ზემოთ მიმართული ორმაგი ისარი	ზემოთ მიმართული ორმაგი ისარი
⇒	მარჯვნივ მიმართული ორმაგი ისარი	მარჯვნივ მიმართული ორმაგი ისარი
⇓	ქვემოთ მიმართული ორმაგი ისარი	ქვემოთ მიმართული ორმაგი ისარი
⇔	მარცხნივ და მარჯვნივ მიმართული ორმაგი ისარი	მარცხნივ და მარჯვნივ მიმართული ორმაგი ისარი
⇖	ჩრდილო-დასავლეთით მიმართული ორმაგი ისარი	ჩრდილო-დასავლეთით მიმართული ორმაგი ისარი
⇗	ჩრდილო-აღმოსავლეთით მიმართული ორმაგი ისარი	ჩრდილო-აღმოსავლეთით მიმართული ორმაგი ისარი
⇘	სამხრეთ-აღმოსავლეთით მიმართული ორმაგი ისარი	სამხრეთ-აღმოსავლეთით მიმართული ორმაგი ისარი
⇙	სამხრეთ-დასავლეთით მიმართული ორმაგი ისარი	სამხრეთ-დასავლეთით მიმართული ორმაგი ისარი
⇚	მარცხნივ მიმართული სამმაგი ისარი	მარცხნივ მიმართული სამმაგი ისარი
⇛	მარჯვნივ მიმართული სამმაგი ისარი	მარჯვნივ მიმართული სამმაგი ისარი
⇜	მარცხნივ მიმართული დაკლაკნილი ისარი	მარცხნივ მიმართული დაკლაკნილი ისარი
⇝	მარჯვნივ მიმართული დაკლაკნილი ისარი	მარჯვნივ მიმართული დაკლაკნილი ისარი
⇞	ორჯერ გადახაზული ზემოთ მიმართული ისარი	ორჯერ გადახაზული ზემოთ მიმართული ისარი
⇟	ორჯერ გადახაზული ქვემოთ მიმართული ისარი	ორჯერ გადახაზული ქვემოთ მიმართული ისარი
⇠	მარცხნივ მიმართული პუნქტირიანი ისარი	მარცხნივ მიმართული პუნქტირიანი ისარი
⇡	ზემოთ მიმართული პუნქტირიანი ისარი	ზემოთ მიმართული პუნქტირიანი ისარი
⇢	მარჯვნივ მიმართული პუნქტირიანი ისარი	მარჯვნივ მიმართული პუნქტირიანი ისარი
⇣	ქვემოთ მიმართული პუნქტირიანი ისარი	ქვემოთ მიმართული პუნქტირიანი ისარი
⇤	მარცხნივ მიმართული ისარი წვერთან ხაზით	მარცხნივ მიმართული ისარი წვერთან ხაზით
⇥	მარჯვნივ მიმართული ისარი წვერთან ხაზით	მარჯვნივ მიმართული ისარი წვერთან ხაზით
⇦	მარცხნივ მიმართული ისრის ცარიელი კონტური	მარცხნივ მიმართული ისრის ცარიელი კონტური
⇧	ზემო ღრუ ისარი	ზემო ღრუ ისარი | ზემოთ მიმართული ისრის ცარიელი კონტური
⇨	მარჯვნივ მიმართული ისრის ცარიელი კონტური	მარჯვნივ მიმართული ისრის ცარიელი კონტური
⇩	ქვემოთ მიმართული ისრის ცარიელი კონტური	ქვემოთ მიმართული ისრის ცარიელი კონტური
⇪	ზემოდან ღრუ ისარი ბარიდან	ზემოდან ღრუ ისარი ბარიდან | ზემოთ მიმართული ისრის ცარიელი კონტური
⇵	ქვემოთ მიმართული ისარი და მის მარჯვნივ ზემოთ მიმართული ისარი	ქვემოთ მიმართული ისარი და მის მარჯვნივ ზემოთ მიმართული ისარი
∀	ყველასთვის	მოცემული | ნებისმიერი | უნივერსალური | ყველა | ყველასთვის
∂	ნაწილობრივი დიფერენციალი	დიფერენციალი | ნაწილობრივი დიფერენციალი
∃	აქ არსებობს	აქ არსებობს
∅	ცარიელი სიმრავლე	მათემატიკა | სიმრავლის ოპერატორი | ცარიელი სიმრავლე
∆	ნაზრდი	ნაზრდი | სამკუთხედი
∇	ნაბლა	ნაბლა | სამკუთხედი
∈	ელემენტი	ელემენტი | სიმრავლე | შეიცავს | შემცველი ელემენტი | წევრობა
∉	არ შეიცავს	არ შეიცავს | ელემენტი
∋	შეიცავს წევრს	ელემენტიელემენტი | შეიცავს წევრს
∎	დასტური	დასტური | კ.ე.დ. | კვანტური ელექტროდინამიკა | ოთხკუთხა წერტილი | შავი კვადრატი
∏	ნამრავლის ნიშანი	ლოგიკური | ნამრავლი | ნამრავლის ნიშანი
∑	ჯამის ნიშანი	მათემატიკა | ჯამი | ჯამის ნიშანი
−	მინუსის ნიშანი	გამოკლება | მინუსი | მინუსის ნიშანი
∓	მინუსი ან პლუსი	მინუსი ან პლუსი | პლიუს-მინუსი
∕	განყოფილების ნიშანი	განყოფილების ნიშანი | დამყოფი ხაზი | ირიბი ხაზი | ხაზი
∗	ვარსკვლავი ოპერატორი	ვარსკვლავი | ვარსკვლავი ოპერატორი
∘	წრე ოპერატორი	კომპოზიცია | ოპერატორი | წრე ოპერატორი
∙	წერტილი ოპერატორი	ოპერატორი | წერტილი ოპერატორი
√	კვადრატული ფესვი	კვადრატული | რადიკალი | ფესვი | ფესვის ამოღება
∝	პროპორციული	პროპორციულად | პროპორციული
∞	უსასრულობის ნიშანი	უსასრულობა | უსასრულობის ნიშანი
∟	მარჯვენა კუთხე	მათემატიკა | მარჯვენა კუთხე
∠	კუთხე	კუთხე | მახვილი
∣	გამყოფი ხაზებიგამყოფი ხაზები	გამყოფი | გამყოფი ხაზებიგამყოფი ხაზები
∥	პარალელური	პარალელური
∧	ლოგიკური „და“	ac | ასევე | ლოგიკური „და“ | სოლი
∩	თანაკვეთა	თანაკვეთა | სიმრავლე
∪	გაერთიანება	გაერთიანება | ნაკრები | სიმრავლე
∫	ინტეგრალი	გამოთვლა | ინტეგრალი
∬	ორმაგი ინტეგრალი	გამოთვლა | ორმაგი ინტეგრალი
∮	კონტურული ინტეგრალი	კონტურული ინტეგრალი
∴	აქედან გამომდინარეობს	აქედან გამომდინარეობს | ლოგიკური | შედეგი
∵	ვინაიდან	ვინაიდან | ლოგიკა
∶	ფარდობა	ფარდობა
∷	პროპორცია	პროპორცია | პროპორციულობა
∼	ტილდის ოპერატორი	ოპერატორი | ტილდის ოპერატორი
∽	შებრუნებული ტილდი	ტილდი | შებრუნებული ტილდი
∾	შებრუნებული ზარმაცი s	შებრუნებული ზარმაცი s
≃	ასიმპტომურად თანაბარი	ასიმპტომურად თანაბარი | ასიმპტოტი | მათემატიკა
≅	დაახლოებით თანაბარი	დაახლოებით თანაბარი | თანასწორობა | თანხვედრა | იზომორფიზმი | მათემატიკა
≈	მიახლოებითი ტოლობა	დაახლოებით | მიახლოებითი ტოლობა
≌	ყველა თანაბარი	თანასწორობა | მათემატიკა | ყველა თანაბარი
≒	დაახლოებით სურათის ტოლი	დაახლოებით სურათის ტოლი
≖	წრე ტოლობაზე	მათემატიკა | ტოლობა | წრე ტოლობაზე
≠	უტოლობა	გადახაზული ტოლობა | უტოლობა
≡	იდენტური	ზუსტი | იდენტობის ნიშანი | იდენტური | სამმაგი
≣	ზუსტი ეკვივალენტი	ზუსტი ეკვივალენტი | მათემატიკა | ტოლობა
≤	ნაკლებია ან ტოლი	ნაკლები | ნაკლებია ან ტოლი | ტოლი | უტოლობა
≥	მეტია ან ტოლი	მეტი | მეტია ან ტოლი | ტოლი | უტოლობა
≦	ნაკლებია ან ტოლია	მათემატიკა | ნაკლებია ან ტოლია | უტოლობა
≧	მეტია ან ტოლია	მათემატიკა | მეტია ან ტოლია | უტოლობა
≪	გაცილებით ნაკლები	გაცილებით ნაკლები | მათემატიკა | უტოლობა
≫	გაცილებით მეტი	გაცილებით მეტი | მათემატიკა | უტოლობა
≬	შუალედი	შუალედი
≮	არანაკლებ ვიდრე	არანაკლებ ვიდრე | მათემატიკა | უტოლობა
≯	არაუმეტეს ვიდრე	არაუმეტეს ვიდრე | მათემატიკა | უტოლობა
≳	მეტი ვიდრე	მათემატიკა | მეტი ვიდრე | უტოლობა
≺	ნაკლები	მათემატიკა | ნაკლები | სიმრავლის ოპერატორი
≻	მეტი	დსიმრავლის ოპერატორი | მათემატიკა | მეტი
⊁	არ არის მეტი	არ არის მეტი | მათემატიკა | სიმრავლის ოპერატორი
⊂	ქვესიმრავლე	სიმრავლე | ქვესიმრავლე | შემცველი ქვესიმრავლე
⊃	ზესიმრავლე	ზესიმრავლე | მათემატიკა | სიმრავლეთა ოპერატორი
⊆	ქვესიმრავლე უდრის	ქვესიმრავლე უდრის
⊇	ზესიმრავლე უდრის	ზესიმრავლე უდრის | მათემატიკა | ტოლობა
⊕	პლუსი წრეში	პლუსი | პლუსი წრეში
⊖	მინუსი წრეში	ეროზია | მინუსი წრეში | სიმეტრიული სხვაობა
⊗	გამრავლების ნიშანი წრეში	გამრავლების ნიშანი წრეში | ტენსორი
⊘	გაყოფის ირიბი წრეში	გაყოფა / მათემატიკა | გაყოფის ირიბი წრეში
⊙	წერტილოვანი ოპერატორი წრეში	ოპერატორი | წერტილოვანი ოპერატორი წრეში
⊚	რგოლი ოპერატორი წრეში	რგოლი ოპერატორი წრეში
⊛	ვარსკვლავი ოპერატორი წრეში	ვარსკვლავი | ვარსკვლავი ოპერატორი წრეში | ოპერატორი
⊞	პლუსი კვადრატში	მათემატიკა | მიმატება | პლუსი კვადრატში
⊟	მინუსი კვადრატში	გამოკლება | მათემატიკა | მინუსი კვადრატში
⊥	პერპენდიკულარულობის ნიშანი	პერპენდიკულარული | პერპენდიკულარულობის ნიშანი | ფალსუმი
⊮	არ აიძულებს	არ აიძულებს
⊰	წინამორბედი მიმართებაში	მათემატიკა | ოპერატორი | წინამორბედი მიმართებაში
⊱	მიმართებაში მომდევნო	მათემატიკა | მიმართებაში მომდევნო | ოპერატორი
⊶	ორიგინალი	თავდაპირველი | ორიგინალი | პროტოტიპი
⊹	ჰერმიტული კონიუგირებული მატრიცა	თვითმიმართული მატრიცა | კვადრატული მატრიცა | მათემატიკა | ჰერმიტიული კონიუგირებული მატრიცა | ჰერმიტული კონიუგირებული მატრიცა
⊿	მარჯვნივ მიმართული სამკუთხედი	მათემატიკა | მარჯვენა სამკუთხედი | მარჯვნივ მიმართული სამკუთხედი
⋁	n-არული ლოგიკური ან	n-არული ლოგიკური ან | განცალკევება | დიზიუნქცია | ლოგიკა
⋂	n-არული კვეთა	n-არული კვეთა | კვეთა | მათემატიკა | ოპერატორი
⋃	n-არული გაერთიანება	n-არული გაერთიანება | გაერთიანება | მათემატიკა | ოპერატორი
⋅	წერტილოვანი ოპერატორი	ოპერატორი | წერტილი ოპერატორი | წერტილოვანი ოპერატორი
⋆	ვარსკვლავის ოპერატორი	ვარსკვლავის ოპერატორი | ოპერატორი
⋈	ბუნებრივი შეერთება	ბუნებრივი შეერთება | ორობითი ოპერატორი
⋒	ორმაგი კვეთა	კვეთა | მათემატიკა | ოპერატორი | ორმაგი კვეთა
⋘	ბევრად ნაკლები ვიდრე	ბევრად ნაკლები ვიდრე | მათემატიკა | უტოლობა
⋙	ბევრად მეტი ვიდრე	ბევრად მეტი ვიდრე | მათემატიკა | უტოლობა
⋭	არ შეიცავს როგორც ჩვეულებრივ ქვეჯგუფს ან თანაბარია	არ შეიცავს როგორც ჩვეულებრივ ქვეჯგუფს ან თანაბარია | მათემატიკა | ჯგუფთა თეორია
⋮	ვერტიკალური მრვალწერტილი	ელიფსისი | ვერტიკალური ელიფსისი | ვერტიკალური მრავალწერტილი | ვერტიკალური მრვალწერტილი | მათემატიკა
⋯	შუახაზოვანი ჰორიზონტალური მრავალწერტილი	ელიფსისი | შუახაზოვანი ჰორიზონტალური ელიფსისი | შუახაზოვანი ჰორიზონტალური მრავალწერტილი
⋰	მარჯვნივ აღმავალი დიაგონალური მრავალწერტილი	ელიფსისი | მათემატიკა | მარჯვნივ აღმავალი დიაგონალური ელიფსისი | მარჯვნივ აღმავალი დიაგონალური მრავალწერტილი
⋱	მარჯვნივ დაღმავალი დიაგონალური მრავალწერტილი	ელიფსისი | მათემატიკა | მარჯვნივ დაღმავალი დიაგონალური ელიფსისი | მარჯვნივ დაღმავალი დიაგონალური მრავალწერტილი
⌨	კლავიატურა	კლავიატურა | კომპიუტერი
⏏	ამოღების ღილაკი	ამოღება | ამოღების ღილაკი
⏭	შემდეგ ჩანაწერზე გადასვლის ღილაკი	ისარი | სამკუთხედი | შემდეგ ჩანაწერზე გადასვლის ღილაკი | შემდეგი | შემდეგი სცენა | შემდეგი ჩანაწერი
⏮	წინა ჩანაწერზე გადასვლის ღილაკი	ისარი | სამკუთხედი წინა სცენა | წინა | წინა ჩანაწერზე გადასვლის ღილაკი | წინა ჩანაწერი
⏯	დაკვრის ან დაპაუზების ღილაკი	დაკვრა | დაკვრის ან დაპაუზების ღილაკი | ისარი | მარჯვნივ | პაუზა | სამკუთხედი
⏱	წამზომი	საათი | წამზომი
⏲	ტაიმერი	დრო | საათი | ტაიმერი
⏸	პაუზის ღილაკი	ბარი | ვერტიკალური | ორმაგი | პაუზა | პაუზის ღილაკი
⏹	შეჩერების ღილაკი	გაჩერება | კვადრატი | შეჩერების ღილაკი
⏺	ჩაწერის ღილაკი	რგოლი | ჩაწერა | ჩაწერის ღილაკი | წრე
Ⓜ	ასო m წრეში	m | ასო m წრეში | რგოლი | წრე
■	სავსე კვადრატი	სავსე კვადრატი | შავი კვადრატი
□	ცარიელი კვადრატი	თეთრი კვადრატი | ცარიელი კვადრატი
▢	ცარიელი კვადრატი მომრგვალებული კუთხეებით	თეთრი კვადრატი მომრგვალებული კუთხეებით | ცარიელი კვადრატი მომრგვალებული კუთხეებით
▣	ცარიელი კვადრატი პატარა სავსე კვადრატით	ცარიელი კვადრატი პატარა სავსე კვადრატით
▤	კვადრატი ჰორიზონტალური შტრიხებით	კვადრატი ჰორიზონტალური შტრიხებით
▥	კვადრატი ვერტიკალური შტრიხებით	კვადრატი ვერტიკალური შტრიხებით
▦	კვადრატი ორთოგონალური ჯვარედინი შევსებით	კვადრატი ორთოგონალური ჯვარედინი შევსებით
▧	კვადრატი მარჯვენა დაღმავალი შტრიხებით	კვადრატი მარჯვენა დაღმავალი შტრიხებით
▨	კვადრატი მარცხენა დაღმავალი შტრიხებით	კვადრატი მარცხენა დაღმავალი შტრიხებით
▩	კვადრატი დიაგონალური ჯვარედინი შევსებით	კვადრატი დიაგონალური ჯვარედინი შევსებით
▪	პატარა შავი კვადრატი	გეომეტრია | გეომეტრიული | კვადრატი | პატარა შავი კვადრატი
▫	პატარა თეთრი კვადრატი	გეომეტრია | გეომეტრიული | კვადრატი | პატარა თეთრი კვადრატი
▬	სავსე მართკუთხედი	სავსე მართკუთხედი
▭	ცარიელი მართკუთხედი	ცარიელი მართკუთხედი
▮	სავსე ვერტიკალური მართკუთხედი	სავსე ვერტიკალური მართკუთხედი
▰	სავსე პარალელოგრამი	სავსე პარალელოგრამი
▲	ზემოთ მიმართული შევსებული სამკუთხედი	ზემოთ | ზემოთ მიმართული შევსებული სამკუთხედი | ისარი | შევსებული
△	ცარიელი ზევით მიმართული სამკუთხედი	ცარიელი ზევით მიმართული სამკუთხედი
▴	სავსე ზევით მიმართული პატარა სამკუთხედი	სავსე ზევით მიმართული პატარა სამკუთხედი
▵	ცარიელი ზევით მიმართული პატარა სამკუთხედი	ცარიელი ზევით მიმართული პატარა სამკუთხედი
▶	დაკვრის ღილაკი	დაკვრა | დაკვრის ღილაკი | ისარი | მარჯვნივ | სამკუთხედი
▷	ცარიელი მარჯვნივ მიმართული სამკუთხედი	ცარიელი მარჯვნივ მიმართული სამკუთხედი
▸	სავსე მარჯვნივ მიმართული პატარა სამკუთხედი	სავსე მარჯვნივ მიმართული პატარა სამკუთხედი
▹	ცარიელი მარჯვნივ მიმართული პატარა სამკუთხედი	ცარიელი მარჯვნივ მიმართული პატარა სამკუთხედი
►	სავსე მარჯვნივ მიმართული მაჩვენებელი	სავსე მარჯვნივ მიმართული მაჩვენებელი
▻	ცარიელი მარჯვნივ მიმართული მაჩვენებელი	ცარიელი მარჯვნივ მიმართული მაჩვენებელი
▼	ქვემოთ მიმართული შევსებული სამკუთხედი	ისარი | ქვემოთ | ქვემოთ მიმართული შევსებული სამკუთხედი | შევსებული
▽	ცარიელი ქვევით მიმართული სამკუთხედი	ცარიელი ქვევით მიმართული სამკუთხედი
▾	სავსე ქვევით მიმართული პატარა სამკუთხედი	სავსე ქვევით მიმართული პატარა სამკუთხედი
▿	ცარიელი ქვევით მიმართული პატარა სამკუთხედი	ცარიელი ქვევით მიმართული პატარა სამკუთხედი
◀	გადახვევის ღილაკი	გადახვევის ღილაკი | ისარი | მარცხნივ | სამკუთხედი | შებრუნება
◁	ცარიელი მარცხნივ მიმართული სამკუთხედი	ცარიელი მარცხნივ მიმართული სამკუთხედი
◂	სავსე მარცხნივ მიმართული პატარა სამკუთხედი	სავსე მარცხნივ მიმართული პატარა სამკუთხედი
◃	ცარიელი მარცხნივ მიმართული პატარა სამკუთხედი	ცარიელი მარცხნივ მიმართული პატარა სამკუთხედი
◄	სავსე მარცხნივ მიმართული მაჩვენებელი	სავსე მარცხნივ მიმართული მაჩვენებელი
◅	ცარიელი მარცხნივ მიმართული მაჩვენებელი	ცარიელი მარცხნივ მიმართული მაჩვენებელი
◆	სავსე რომბი	სავსე რომბი
◇	ცარიელი რომბი	ცარიელი რომბი
◈	ცარიელი რომბი პატარა სავსე რომბით	ცარიელი რომბი პატარა სავსე რომბით
◉	ცარიელი წრე პატარა სავსე წრით	ცარიელი წრე პატარა სავსე წრით | წრე წერტილის გარშემო
◊	რომბი	აგური | ოთხკუთხედი | რომბი
○	შეუვსებელი წრე	შეუვსებელი წრე | წრე
◌	წერტილოვანი წრე	წერტილოვანი წრე
◍	წრე ვერტიკალური შტრიხებით	წრე ვერტიკალური შტრიხებით
◎	კონცენტრული წრეები	კონცენტრული წრეები | ორმაგი წრე | სამიზნე
●	შევსებული წრე	შევსებული წრე | წრე
◐	წრე მარცხნივ სავსე ნახევრით	წრე მარცხნივ სავსე ნახევრით
◑	წრე მარჯვნივ სავსე ნახევრით	წრე მარჯვნივ სავსე ნახევრით
◒	წრე ქვევით სავსე ნახევრით	წრე ქვევით სავსე ნახევრით
◓	წრე ზედა სავსე ნახევრით	წრე ზედა სავსე ნახევრით
◔	წრე ზედა მარჯვენა სავსე მეოთხედით	წრე ზედა მარჯვენა სავსე მეოთხედით
◕	სავსე წრე მარცხენა ზედა ცარიელი მეოთხედით	სავსე წრე მარცხენა ზედა ცარიელი მეოთხედით
◖	წრე სავსე მარცხენა ნახევრით	წრე სავსე მარცხენა ნახევრით
◗	წრე სავსე მარჯვენა ნახევრით	წრე სავსე მარჯვენა ნახევრით
◘	ინვერსიული ბურთულა	ინვერსიული ბურთულა
◙	სავსე კვადრატი ცარიელი წრით	ინვერსიული ცარიელი წრე | სავსე კვადრატი ცარიელი წრით
◜	ზედა მარცხენა მეოთხედი წრე	ზედა მარცხენა მეოთხედი წრე
◝	ზედა მარჯვენა მეოთხედი წრე	ზედა მარჯვენა მეოთხედი წრე
◞	ქვედა მარჯვენა მეოთხედი წრე	ქვედა მარჯვენა მეოთხედი წრე
◟	ქვედა მარცხენა მეოთხედი წრე	ქვედა მარცხენა მეოთხედი წრე
◠	ზედა ნახევარწრე	ზედა ნახევარწრე
◡	ქვედა ნახევარწრე	ქვედა ნახევარწრე
◢	სავსე ქვედა მარჯვენა სამკუთხედი	სავსე ქვედა მარჯვენა სამკუთხედი
◣	სავსე ქვედა მარცხენა სამკუთხედი	სავსე ქვედა მარცხენა სამკუთხედი
◤	სავსე ზედა მარცხენა სამკუთხედი	სავსე ზედა მარცხენა სამკუთხედი
◥	სავსე ზედა მარჯვენა სამკუთხედი	სავსე ზედა მარჯვენა სამკუთხედი
◦	ცარიელი ბურთულა	ცარიელი ბურთულა
◯	დიდი შეუვსებელი წრე	დიდი შეუვსებელი წრე | წრე
◳	ცარიელი კვადრატი ზედა მარჯვენა მეოთხედით	ცარიელი კვადრატი ზედა მარჯვენა მეოთხედით
◷	ცარიელი წრე ზედა მარჯვენა მეოთხედით	ცარიელი წრე ზედა მარჯვენა მეოთხედით
◻	საშუალო თეთრი კვადრატი	გეომეტრია | გეომეტრიული | კვადრატი | საშუალო თეთრი კვადრატი
◼	საშუალო შავი კვადრატი	გეომეტრია | გეომეტრიული | კვადრატი | საშუალო შავი კვადრატი
◿	ქვედა მარჯვენა სამკუთხედი	ქვედა მარჯვენა სამკუთხედი
☀	მზე	ამინდი | კაშკაშა | კოსმოსი | მზე | მზიანი | სხივები
☁	ღრუბელი	ამინდი | ღრუბელი
☂	ქოლგა	ამინდი | ტანსაცმელი | ქოლგა | წვიმა
☃	თოვლის კაცი	ამინდი | თოვლი | თოვლის კაცი | ცივი
☄	კომეტა	კომეტა | კოსმოსი
☎	ტელეფონი	ტელეფონი
☑	მონიშნული მოსანიშნი უჯრა	მონიშვნა | მონიშნული მოსანიშნი უჯრა | ყუთი
☘	სამყურა	მცენარე | სამყურა
☝	ზემოთ აშვერილი საჩვენებელი თითი	ზემოთ | ზემოთ აშვერილი საჩვენებელი თითი | თითი | მითითება | საჩვენებელი | სხეული | ტანი | ხელი
☠	თავის ქალა და გადაჯვარედინებული ძვლები	თავის ქალა | თავის ქალა და გადაჯვარედინებული ძვლები | მონსტრი | სახე | სიკვდილი | სხეული | ტანი | ძვალი
☢	რადიოაქტიური	რადიოაქტიური
☣	ბიოლოგიური საფრთხე	ბიოლოგიური საფრთხე
☦	მართმადიდებლური ჯვარი	მართმადიდებლური ჯვარი | რელიგია | ქრისტიანობა | ქრისტიანული | ჯვარი
☪	ვარსკვლავი და ნახევარმთვარე	ვარსკვლავი და ნახევარმთვარე | ისლამი | მუსლიმანური | რელიგია
☮	მშვიდობის სიმბოლო	მშვიდობა | მშვიდობის სიმბოლო
☯	ინი და იანი	იანი | ინი | ინი და იანი | რელიგია | ტაო | ტაოისტური
☸	დჰარმას ბორბალი	ბორბალი | ბუდიზმი | ბუდისტური | დჰარმა | დჰარმას ბორბალი | რელიგია
☹	შეჭმუხნილი სახე	სახე | შეკრული | შეჭმუხნილი
☺	მომღიმარე სახე	კონტურიანი | მომღიმარე სახე | მშვიდი | სახე | ღიმილი
♀	მდედრობითი	მდედრობითი | ქალი
♂	მამრობითი	კაცი | მამრობითი
♟	პაიკი	გაწირვადი | პაიკი | ჭადრაკი
♠	ყვავები	ბანქო | თამაში | კარტი | ფერი | ყვავები | ყვავი
♣	ჯვრები	ბანქო | თამაში | კარტი | ფერი | ჯვარი | ჯვრები
♥	გულები	ბანქო | გულები | გული | თამაში | კარტი | ფერი
♦	აგურები	აგურები | აგური | ბანქო | თამაში | კარტი | ფერი
♨	ცხელი წყაროები	ორთქლი | ცხელი | წყაროები
♪	მერვე ნოტა	მერვე | მუსიკა | ნოტა
♭	ბემოლი	ბემოლი | მუსიკა | ნახევარტონით დაბალი | ნოტა
♯	დიეზი	დიეზი | მუსიკა | ნახევარტონით მაღალი | ნოტა
♻	გადამუშავების სიმბოლო	გადამუშავება | გადამუშავების სიმბოლო
♾	უსასრულობა	სამუდამოდ | უნივერსალური | უსასრულობა
⚒	ჩაქუჩი და წერაქვი	ინსტრუმენტი | ჩაქუჩი | ჩაქუჩი და წერაქვი | წერაქვი | ხელსაწყო
⚔	გადაკვეთილი ხმლები	გადაკვეთილი | იარაღი | ხმალი | ხმლები
⚕	სამედიცინო ნიშანი	პერსონალი | სამედიცინო ნიშანი
⚖	ბერკეტიანი სასწორი	ბერკეტიანი სასწორი | ზოდიაქო | ინსტრუმენტი | სამართლიანობა | სასწორი | წონა | ჰოროსკოპი
⚗	გამოსახდელი აპარატი	გამოსახდელი აპარატი | ინსტრუმენტი | ქიმია | ხელსაწყო
⚙	კბილანა	ინსტრუმენტი | კბილანა | ხელსაწყო
⚛	ატომის სიმბოლო	ათეისტი | ატომი | ატომის სიმბოლო
⚜	ჰერალდიკური შროშანი	შროშანი | ჰერალდიკური
⚠	გაფრთხილება	გაფრთხილება
⚧	ტრანსგენდერი სიმბოლო	ტრანსგენდერი | ტრანსგენდერი სიმბოლო
⚰	კუბო	კუბო | სიკვდილი
⚱	ფერფლის ურნა	დაკრძალვა | პანაშვიდი | სიკვდილი | ურნა | ფერფლის ურნა
⛈	ღრუბელი ელვითა და წვიმით	ამინდი | ქუხილი | ღრუბელი | ღრუბელი ელვითა და წვიმით | წვიმა
⛏	წერაქვი	ინსტრუმენტი | სამთო საქმე | წერაქვი | ხელსაწყო
⛑	ჩაფხუტი თეთრი ჯვრით	დახმარება | სახე | ქუდი | ჩაფხუტი | ჩაფხუტი თეთრი ჯვრით | ჯვარი
⛓	ჯაჭვი	ჯაჭვი
⛩	შინტოს ტაძარი	რელიგია | ტაძარი | შინტო | შინტოს ტაძარი
⛰	მთა	მთა
⛱	ქოლგა მიწაში	ამინდი | მზე | ქოლგა | ქოლგა მიწაში | წვიმა
⛴	ბორანი	ბორანი | გემი | ნავი
⛷	მოთხილამურე	თოვლი | თხილამური | მოთხილამურე
⛸	ციგურებით სრიალი	სრიალი | ყინული | ციგურა | ციგურებით სრიალი
⛹	პიროვნება ბურთით	ბურთი | პიროვნება ბურთით
✂	მაკრატელი	ინსტრუმენტი | მაკრატელი | ხელსაწყო
✈	თვითმფრინავი	თვითმფრინავი | ტრანსპორტი
✉	კონვერტი	ელ. ფოსტა | ელფოსტა | კონვერტი
✌	გამარჯვების გამოხატვა ხელით	v | გამარჯვება | გამარჯვების გამოხატვა ხელით | სხეული | ტანი | ხელი
✍	ხელი, რომელიც წერს	რომელიც წერს | სხეული | ტანი | წერა | ხელი | ხელი, რომელიც წერს
✏	ფანქარი	ფანქარი
✒	შავი კალმის წვერი	კალამი | კალმის წვერი | კალმისტარი | შავი კალმის წვერი
✔	მსხვილი მონიშვნის ნიშანი	მონიშვნა | მსხვილი მონიშვნის ნიშანი | ნიშანი
✖	გამრავლება	× | x | გამრავლება | გაუქმება | მსხვილი გამრავლება
✝	ლათინური ჯვარი	ლათინური ჯვარი | რელიგია | ქრისტიანობა | ქრისტიანული | ჯვარი
✡	დავითის ვარსკვლავი	დავითი | დავითის ვარსკვლავი | ებრაელი | ებრაული | ვარსკვლავი | რელიგია
✳	რვაქიმიანი ასტერისკი	ასტერისკი | რვაქიმიანი ასტერისკი
✴	რვაქიმიანი ვარსკვლავი	ვარსკვლავი | რვაქიმიანი ვარსკვლავი
❄	თოვლის ფანტელი	ამინდი | თოვლი | თოვლის ფანტელი | ცივი
❇	ნაპერწკალი	ნაპერწკალი
❣	გულის ფორმის მსხვილი ძახილის ნიშანი	გული | გულის ფორმის მსხვილი ძახილის ნიშანი | ნიშანი | პუნქტუაცია | ძახილი
❤	წითელი გული	გული | წითელი გული
➡	ისარი მარჯვნივ	აღმოსავლეთი | ისარი | ისარი მარჯვნივ | კარდინალური | მიმართულება
⤴	ისარი, რომელიც იმრუდება მარჯვნიდან ზემოთ	ისარი | ისარი, რომელიც იმრუდება მარჯვნიდან ზემოთ | რომელიც იმრუდება მარჯვნიდან ზემოთ
⤵	ისარი, რომელიც იმრუდება მარჯვნიდან ქვემოთ	ისარი | ისარი, რომელიც იმრუდება მარჯვნიდან ქვემოთ | რომელიც იმრუდება მარჯვნიდან ქვემოთ | ქვემოთ
⨧	პლუსის ნიშანი ქვედა რეესტრის ორიანით	პლუსის ნიშანი ქვედა რეესტრის ორიანით
⨯	ვექტორული ნამრავლი	ვექტორული ნამრავლი
⨼	შიდა წარმოებული	შიდა წარმოებული
⩣	ლოგიკური ან ორმაგი ხაზგასმით	ლოგიკური ან ორმაგი ხაზგასმით
⩽	ნაკლები ან დახრილი ტოლობა	ნაკლები ან დახრილი ტოლობა
⪍	მაგვარზე ნაკლები ან ტოლი	მაგვარზე ნაკლები ან ტოლი
⪚	ხაზიანი ტოლი ან მეტი	მათემატიკა | უტოლობა | ხაზიანი ტოლი ან მეტი
⪺	მოსდევს თითქმის უტოლობას	მოსდევს თითქმის უტოლობას
⬅	ისარი მარცხნივ	დასავლეთი | ისარი | ისარი მარცხნივ | კარდინალური | მიმართულება
⬆	ისარი ზემოთ	ისარი | ისარი ზემოთ | კარდინალური | მიმართულება | ჩრდილოეთი
⬇	ისარი ქვემოთ	ისარი | კარდინალური | მიმართულება | სამხრეთი | ქვემოთ
、	იდეოგრაფიული მძიმე	იდეოგრაფიული | მძიმე
。	იდეოგრაფიული წერტილი	იდეოგრაფიული | წერტილი
〈	მარცხენა კუთხოვანი ფრჩხილი	კუთხოვანი | მარცხენა კუთხოვანი ფრჩხილი | მიმართული | ფრჩხილი
〉	მარჯვენა კუთხოვანი ფრჩხილი	კუთხოვანი | მარჯვენა კუთხოვანი ფრჩხილი | მიმართული | ფრჩხილი
《	მარცხენა ორმაგი კუთხოვანი	კუთხოვანი | მარცხენა ორმაგი კუთხოვანი | ორგმაგი | ფრჩხილი
》	მარჯვენა ორმაგი კუთხოვანი ფრჩხილი	მარცხენა ორმაგი კუთხოვანი | მარჯვენა ორმაგი კუთხოვანი ფრჩხილი | მიმართული
「	გამხსნელი მართკუთხა ფრჩხილი	გამხსნელი მართკუთხა | გამხსნელი მართკუთხა ფრჩხილი | ფრჩხილი
」	დახურვის მართკუთხა ფრჩხილი	დახურვის მართკუთხა | დახურვის მართკუთხა ფრჩხილი | ფრჩხილი
『	გამხსნელი მართკუთხა ცარიელი ფრჩხილი	გამხსნელი მართკუთხა ცარიელი ფრჩხილი | მართკუთხა | ფრჩხილი | ცარიელი
』	დახურვის მართკუთხა ცარიელი ფრჩხილი	დახურვის მართკუთხა ცარიელი ფრჩხილი | მართკუთხა | ფრჩხილი | ცარიელი
【	გამხსნელი ლინზის ფორმის შავი ფრჩხილი	გამხსნელი ლინზის ფორმის შავი ფრჩხილი | ლინზის ფორმის | ფრჩხილი | შავი
】	დახურვის ლინზის ფორმის შავი ფრჩხილი	დახურვის ლინზის ფორმის შავი ფრჩხილი | ლინზის ფორმის | ფრჩხილი | შავი
〔	მარცხენა ფრჩხილი ბაკნის ფორმით	ბაკანი | მარცხენა ფრჩხილი ბაკნის ფორმით | ნიჟარა | ფრჩხილი
〕	მარჯვენა ფრჩხილი ბაკნის ფორმით	ბაკანი | მარჯვენა ფრჩხილი ბაკნის ფორმით | ნიჟარა | ფრჩხილი
〖	გამხსნელი ლინზის ფორმის ცარიელი ფრჩხილი	გამხსნელი ლინზის ფორმის ცარიელი ფრჩხილი | ლინზის ფორმის | ფრჩხილი | ცარიელი
〗	დახურვის ლინზის ფორმის ცარიელი ფრჩხილი	დახურვის ლინზის ფორმის ცარიელი ფრჩხილი | ლინზის ფორმის | ფრჩხილი | ცარიელი
〰	ტალღოვანი ტირე	პუნქტუაცია | ტალღოვანი | ტირე
〽	ჯერის ცვლის ნიშანი	ნიშანი | ჯერი | ჯერის ცვლის ნიშანი
・	კატაკანას შუაწერტილი	ინტერპუნქტი | კატაკანა | კატაკანას შუაწერტილი | შუაწერტილი | წერტილი
㊗	მილოცვის იდეოგრამა წრეში	იდეოგრამა | მილოცვა | მილოცვის იდეოგრამა წრეში | ჩინური
㊙	საიდუმლოს იდეოგრამა წრეში	იდეოგრამა | საიდუმლო | საიდუმლოს იდეოგრამა წრეში | ჩინური
﷼	რიალ	ვალუტა | რიალ | რიალი
🅰	ღილაკი A (სისხლის ტიპი)	a | სისხლი | ღილაკი A (სისხლის ტიპი)
🅱	ღილაკი B (სისხლის ტიპი)	b | სისხლი | ღილაკი B (სისხლის ტიპი)
🅾	ღილაკი O (სისხლის ტიპი)	o | სისხლი | ღილაკი O (სისხლის ტიპი)
🅿	ღილაკი p	ავტოსადგომი | პარკინგი | ღილაკი p
🈂	იაპონური ღილაკი „სერვისის გადასახადი“	იაპონური | იაპონური ღილაკი „სერვისის გადასახადი“
🈷	მთვარის იდეოგრამა კვადრატში	იაპონური | მთვარის იდეოგრამა კვადრატში
🌡	თერმომეტრი	ამინდი | თერმომეტრი
🌤	მზე პატარა ღრუბლის უკან	ამინდი | მზე | მზე პატარა ღრუბლის უკან | ღრუბელი
🌥	მზე დიდი ღრუბლის უკან	ამინდი | მზე | მზე დიდი ღრუბლის უკან | ღრუბელი
🌦	მზე წვიმიანი ღრუბლის უკან	ამინდი | მზე | მზე წვიმიანი ღრუბლის უკან | ღრუბელი | წვიმა
🌧	ღრუბელი წვიმით	ამინდი | ღრუბელი | ღრუბელი წვიმით | წვიმა
🌨	ღრუბელი თოვლით	ამინდი | თოვლი | ღრუბელი | ღრუბელი თოვლით | ცივი
🌩	ღრუბელი ელვით	ამინდი | ელვა | მეხი | ღრუბელი | ღრუბელი ელვით
🌪	ტორნადო	ამინდი | ტორნადო | ქარბორბალა | ღრუბელი
🌫	ნისლი	ამინდი | ნისლი | ღრუბელი
🌬	ქარის სახე	ამინდი | სახე | ქარი | ქარის სახე | ღრუბელი
🌶	ცხარე წიწაკა	მცენარე | ცხარე | წიწაკა
🍽	ჩანგალი და დანა თეფშთან ერთად	დანა | თეფში | საჭმლის მომზადება | ჩანგალი | ჩანგალი და დანა თეფშთან ერთად
🎖	სამხედრო მედალი	აღნიშვნა | ზეიმი | მედალი | სამხედრო
🎗	შემხსენებელი ლენტი	აღნიშვნა | ზეიმი | ლენტი | შემხსენებელი ლენტი | შეხსენება
🎙	სტუდიური მიკროფონი	მიკროფონი | მუსიკა | სტუდია | სტუდიური მიკროფონი
🎚	დონის გადამრთველი	გადამრთველი | დონე | დონის გადამრთველი | მუსიკა
🎛	მართვის ღილაკები	მართვა | მართვის ღილაკები | მუსიკა | ღილაკები
🎞	კადრები	კადრები | კინო | კინოთეატრი | ფილმი
🎟	ბილეთები	ბილეთები | ბილეთი | შესვლა
🏋	ძალოსანი	ძალოსანი | წონა
🏌	გოლფის მოთამაშე	ბურთი | გოლფი | გოლფის მოთამაშე
🏍	მოტოციკლეტი	მოტოციკლეტი | რბოლა
🏎	სარბოლო მანქანა	მანქანა | რბოლა | სარბოლო მანქანა
🏔	თოვლით დაფარული მთა	თოვლი | თოვლით დაფარული მთა | მთა | ცივი
🏕	კემპინგი	კემპინგი
🏖	პლაჟი და ქოლგა	პლაჟი | პლაჟი და ქოლგა | ქოლგა
🏗	შენობის მშენებლობა	მშენებლობა | შენობა | შენობის მშენებლობა
🏘	სახლები	სახლები | სახლი | შენობა
🏙	ქალაქის ხედი	ქალაქი | ქალაქის ხედი | შენობა
🏚	მიტოვებული საცხოვრებელი შენობა	მიტოვებული | მიტოვებული საცხოვრებელი შენობა | სახლი | შენობა
🏛	კლასიკური შენობა	კლასიკური | შენობა
🏜	უდაბნო	უდაბნო
🏝	უკაცრიელი კუნძული	კუნძული | უკაცრიელი
🏞	ეროვნული პარკი	ეროვნული პარკი | პარკი
🏟	სტადიონი	სტადიონი
🏳	გაშლილი თეთრი დროშა	გაშლილი | გაშლილი თეთრი დროშა | თეთრი დროშა
🏵	როზეტი	მცენარე | როზეტი
🏷	იარლიყი	იარლიყი | ლეიბლი
🐿	ციყვი	ციყვი
👁	თვალი	თვალი | სხეული | ტანი
📽	კინოპროექტორი	ვიდეო | კინო | კინოთეატრი | კინოპროექტორი | პროექტორი | ფილმი
🕉	ომი	ინდუიზმი | ომი | რელიგია
🕊	მტრედი	მტრედი | მშვიდობა | ფრენა | ფრინველი | ჩიტი
🕯	სანთელი	სანთელი | სინათლე | შუქი
🕰	ბუხრის საათი	ბუხრის საათი | საათი
🕳	ხვრელი	ხვრელი
🕴	ჰაერში გაჩერებული კაცი ბიზნეს კოსტიუმში	ბიზნესი | კაცი | კოსტიუმი | ჰაერში გაჩერებული კაცი ბიზნეს კოსტიუმში
🕵	დეტექტივი	გამომძიებელი | დეტექტივი | ჯაშუში
🕶	მზის სათვალე	თვალი | მზის სათვალე | მუქი | სათვალე
🕷	ობობა	მწერი | ობობა
🕸	ობობის ქსელი	ობობა | ობობის ქსელი | ქსელი
🕹	ჯოისტიკი	ვიდეო თამაში | თამაში | ჯოისტიკი
🖇	მიბმული ქაღალდის სამაგრები	მიბმული ქაღალდის სამაგრები | მიმაგრება | სამაგრი | ქაღალდი
🖊	კალამი	ავტოკალამი | ბურთულიანი | კალამი | კალმისტარი
🖋	ბუმბულიანი კალამი	ბუმბულიანი | კალამი | კალმისტარი
🖌	სახატავი ფუნჯი	ნახატი | სახატავი ფუნჯი | ხატვა
🖍	ფერადი ფანქარი	ფანქარი | ფერადი
🖐	აწეული ხელი გაშლილი თითებით	აწეული ხელი გაშლილი თითებით | გაშლილი | თითი | სხეული | ტანი | ხელი
🖥	დესკტოპი	დესკტოპი | კომპიუტერი
🖨	პრინტერი	კომპიუტერი | პრინტერი
🖱	მაუსი	3 | თაგვი | კომპიუტერი | მაუსი | სამი | ღილაკი
🖲	ბურთიანი მიმთითებელი	ბურთიანი მიმთითებელი | კომპიუტერი
🖼	ჩარჩო ნახატით	მუზეუმი | ნახატი | სურათი | ჩარჩო | ჩარჩო ნახატით | ხატვა | ხელოვნება
🗂	ბარათებიანი საძიებელი გამყოფებით	ბარათებიანი საძიებელი გამყოფებით | საძიებელი
🗃	ბარათების ყუთი	ბარათები | ბარათების ყუთი | ფაილი | ყუთი
🗄	კარტოთეკა	კარტოთეკა | ფაილი
🗑	სანაგვე ურნა	კალათა | ნაგავი | სანაგვე ურნა
🗒	სპირალიანი ბლოკნოტი	ბლოკნოტი | სპირალიანი ბლოკნოტი | სპირალური
🗓	სპირალიანი კალენდარი	კალენდარი | სპირალიანი კალენდარი | სპირალური
🗜	კომპრესია	ინსტრუმენტი | კომპრესია | ხელსაწყო
🗝	ძველი გასაღები	გასაღები | საკეტი | ძველი
🗞	დახვეული გაზეთი	ახალი ამბები | გაზეთი | დახვეული | ქაღალდი
🗡	ხანჯალი	დანა | იარაღი | ხანჯალი
🗣	მოლაპარაკე თავი	თავი | ლაპარაკი | მოლაპარაკე თავი | სახე | სილუეტი
🗨	საუბრის მარცხენა ბუშტი	დიალოგი | ლაპარაკი | საუბრის მარცხენა ბუშტი
🗯	სიბრაზის მარჯვენა ბუშტი	ბუშტი | გაბრაზებული | სიბრაზის მარჯვენა ბუშტი | შეშლილი
🗳	საარჩევნო ურნა ბიულეტენით	არჩევნები | ბიულეტენი | საარჩევნო ურნა ბიულეტენით | ურნა
🗺	მსოფლიო რუკა	მსოფლიო | რუკა
🛋	დივანი და ლამპა	დივანი | დივანი და ლამპა | ლამპა | სასტუმრო
🛍	საყიდლების პარკები	სასტუმრო | საყიდლები | საყიდლების პარკები | ჩანთა
🛎	სასტუმროს ზარი	ზარი | სასტუმრო | სასტუმროს ზარი
🛏	საწოლი	სასტუმრო | საწოლი | ძილი
🛠	ჩაქუჩი და ქანჩის გასაღები	ინსტრუმენტი | ქანჩის გასაღები | ჩაქუჩი | ჩაქუჩი და ქანჩის გასაღები | ხელსაწყო
🛡	ფარი	იარაღი | ფარი
🛢	ნავთობპროდუქტების კასრი	კასრი | ნავთობი | ნავთობპროდუქტების კასრი
🛣	ავტომაგისტრალი	ავტობანი | ავტომაგისტრალი | გზა
🛤	რკინიგზის ლიანდაგი	მატარებელი | რკინიგზა | რკინიგზის ლიანდაგი
🛥	მოტორიანი გემი	გემი | მოტორიანი გემი | ნავი | ტრანსპორტი
🛩	პატარა თვითმფრინავი	თვითმფრინავი | პატარა თვითმფრინავი | ტრანსპორტი
🛰	თანამგზავრი	თანამგზავრი | კოსმოსი | ტრანსპორტი
🛳	სამგზავრო გემი	გემი | სამგზავრო | ტრანსპორტი
