# CLDR symbol names for ko: symbol, tts name, keywords
# cldr-version	48
# source	https://unicode.org/Public/cldr/48/cldr-common-48.zip
# sha256	06c7c698d6fd8d67cefac15a0206b0109b00e0ef1636f86f84449fa959561f74
# icu-version	78.3
# unicode-version	17.0
# Generated by tools/cldr_symbol_names.py; do not edit.
!	느낌표	감탄 | 감탄 부호 | 느낌표 | 뱅
#	해시 기호	샵 | 우물정자 | 파운드 기호 | 해시 | 해시 기호 | 해시태그
$	달러화	USD | 달러화 | 돈 | 화폐
%	백분율	백분율 | 퍼센트
&	앰퍼샌드	앤드 기호 | 앰퍼샌드
'	타자기 아포스트로피	따옴표 | 아포스트로피 | 작은따옴표 | 타자기 아포스트로피
)	닫는 괄호	괄호 | 닫는 괄호 | 둥근 괄호
*	별표	별표 | 애스터리스크 | 와일드카드
+	더하기 표시	더하기 | 더하기 표시 | 더하다
,	쉼표	쉼표
-	하이픈 마이너스	마이너스 | 하이픈
.	마침표	마침표 | 온점
/	슬래시	빗금 | 사선 | 슬래시
:	콜론	콜론
;	세미콜론	세미콜론
<	미만	미만 | 여는 태그 | 태그
=	같음	같다 | 같음
>	초과	닫는 태그 | 초과 | 태그
?	물음표	물음표 | 질문
@	앳 기호	골뱅이표 | 상업용 앳 | 앳 기호
[	여는 대괄호	괄호 | 대괄호 | 여는 대괄호
\	역슬래시	역빗금 | 역사선 | 역슬래시
]	닫는 대괄호	괄호 | 닫는 대괄호 | 대괄호
^	곡절 부호	곡절 부호 | 서컴플렉스 | 캐럿
_	밑줄	로우라인 | 밑줄 | 언더라인
`	억음 부호	그레이브 액센트 | 악상 그라브 | 억음 부호
{	여는 중괄호	괄호 | 여는 중괄호 | 중괄호
|	수직선	막대 | 바 | 부정논리곱 | 수직선 | 스트로크 | 파이크 | 파이프
}	닫는 중괄호	괄호 | 닫는 중괄호 | 중괄호
~	물결표	물결표
¡	거꾸로 된 느낌표	감탄 | 감탄 부호 | 거꾸로 | 거꾸로 된 느낌표 | 느낌표 | 뱅
¢	센트	센트
£	파운드화	영국 파운드 | 이집트 파운드 | 파운드화
¤	알 수 없는 통화 단위	
¥	엔화	엔 | 엔화 | 위안 | 위안화
§	단락	구분 | 단락 | 부분
¨	분음 부호	분음 부호 | 움라우트 | 트레마
©	저작권	동그라미 C | 씨 | 저작권
«	왼쪽 이중 꺽쇠괄호	괄호 | 왼쪽 | 왼쪽 이중 꺽쇠괄호 | 인용 부호
¬	부정	부정 | 아님
®	등록상표	동그라미 R | 등록상표 | 알
°	도	도 | 도수 | 시
±	플러스마이너스	플러스마이너스
²	제곱	2 | 2승 | 승 | 제곱
³	세제곱	3 | 3승 | 세제곱 | 승
´	양음 부호	악상 테귀 | 양음 부호 | 어큐트 액센트
µ	마이크로	마이크로 | 마이크로 기호 | 측정 단위
¶	단락 기호	단락 | 단락 기호 | 필크로
·	가운뎃점	가운뎃점 | 점 | 중간
¹	1승	1 | 1승 | 승
»	오른쪽 이중 꺽쇠괄호	괄호 | 오른쪽 | 오른쪽 이중 꺽쇠괄호 | 인용 부호
¿	거꾸로 된 물음표	거꾸로 | 거꾸로 된 물음표 | 물음표 | 질문
×	곱셈 기호	곱셈 | 곱셈 기호 | 곱하기 | 엑스
÷	나눗셈 기호	나누기 | 나누기 기호 | 나눗셈 | 나눗셈 기호
֏	아르메니아 드람	
؋	아프가니스탄 아프가니	
،	아랍어 쉼표	쉼표 | 아랍어
؛	아랍어 세미콜론	세미콜론 | 아랍어
؟	아랍어 물음표	물음표 | 아랍어 | 질문
৳	방글라데시 타카	
฿	태국 바트	
៛	캄보디아 리엘	
‐	하이픈	붙임표 | 하이픈
–	붙임표	반각 줄표 | 붙임 | 붙임표
—	긴줄표	긴줄 | 긴줄표 | 전각 줄표
―	수평 막대	수평 막대 | 수평 바
‘	왼쪽 아포스트로피	따옴표 | 스마트 따옴표 | 아포스트로피 | 왼쪽 아포스트로피 | 작은따옴표
’	오른쪽 아포스트로피	따옴표 | 스마트 따옴표 | 아포스트로피 | 오른쪽 아포스트로피 | 작은따옴표
‚	오른쪽 아래 아포스트로피	따옴표 | 아래 따옴표 | 아포스트로피 | 오른쪽 아래 아포스트로피
“	왼쪽 큰따옴표	따옴표 | 스마트 인용 | 왼쪽 큰따옴표 | 인용부호 | 큰따옴표
”	오른쪽 큰따옴표	따옴표 | 스마트 인용 | 오른쪽 큰따옴표 | 인용부호 | 큰따옴표
„	오른쪽 아래 큰따옴표	따옴표 | 스마트 인용 | 아래 인용부호 | 오른쪽 아래 큰따옴표 | 인용부호 | 큰따옴표
†	외칼표	외칼표 | 칼표
‡	쌍칼표	쌍칼표 | 칼표
•	글머리 기호	글머리 기호 | 점
…	말줄임표	말줄임표 | 생략 | 점
‧	하이픈 지점	하이픈 삽입 | 하이픈 지점
‰	천분율	천분율 | 퍼밀
′	프라임	프라임
″	더블 프라임	더블 프라임 | 프라임
‴	트리플 프라임	트리플 프라임 | 프라임
‸	탈자 기호	탈자 기호
※	참고표	참고표
‼	두 개의 느낌표	느낌표 | 두 개의 느낌표 | 문장 부호 | 뱅뱅 | 부호
‽	감탄 의문 부호	감탄 의문 부호
‾	윗줄	윗줄
⁂	세 별표	세 별표
⁄	분수 슬래시	분수 슬래시
⁉	느낌표와 물음표	느낌표 | 느낌표와 물음표 | 문장 부호 | 물음표 | 부호 | 인테러뱅 | 질문
⁻	마이너스 승	마이너스 | 승
₡	코스타리카 콜론	
₢	크루제이루	크루제이루 | 화폐
₣	프랑스 프랑	프랑 | 프랑스 프랑 | 화폐
₤	리라	리라 | 화폐
₥	밀	밀
₦	나이지리아 나이라	
₧	스페인 페세타	
₨	루피	루피 | 화폐
₩	원	KRW | 원 | 한국 원화
₪	이스라엘 신권 세켈	
₫	베트남 동	
€	유로화	유럽 연합 단일 화폐 | 유로 | 유로 화폐 | 유로화
₭	라오스 키프	
₮	몽골 투그릭	
₰	독일 페니	독일 페니 | 페니 | 화폐
₱	페소	페소
₲	파라과이 과라니	
₳	오스트랄	오스트랄 | 화폐
₴	우크라이나 그리브나	
₵	가나 세디	
₶	리브르 투아누아	리브르 투아누아 | 화폐
₷	스페스밀로	스페스밀로 | 화폐
₸	카자흐스탄 텡게	
₹	인도 루피	루피 | 인도 루피 | 화폐
₺	튀르키예 리라	
₼	아제르바이잔 마나트	
₽	러시아 루블	러시아 루블 | 루블 | 화폐
₾	조지아 라리	
₿	비트코인	BTC | 비트코인
℗	음원 복제권	녹음 | 음원 | 음원 복제권 | 저작권
™	상표	TM | 상표 | 트레이드 마크 표시 | 트레이트 마크 | 표시
ℹ	정보 출처	I | 정보 | 정보 출처
←	왼쪽 화살표	왼쪽 | 좌측 | 화살표
↑	위 화살표	위 | 위쪽 | 화살표
→	오른쪽 화살표	오른쪽 | 우측 | 화살표
↓	아래 화살표	아래 | 아래쪽 | 화살표
↔	좌우 방향 화살표	좌우 | 좌우향 화살표 | 화살표
↕	위아래 방향 화살표	상하향 화살표 | 위아래 | 화살표
↖	왼쪽 위 화살표	길찾기 | 북서쪽 | 좌상향 화살표 | 화살표
↗	오른쪽 위 화살표	길찾기 | 북동쪽 | 우상향 화살표 | 화살표
↘	오른쪽 아래 화살표	남동쪽 | 우하향 화살표 | 화살표
↙	왼쪽 아래 화살표	길찾기 | 남서쪽 | 좌하향 화살표 | 화살표
↚	사선이 있는 왼쪽 화살표	사선이 있는 왼쪽 화살표
↛	사선이 있는 오른쪽 화살표	사선이 있는 오른쪽 화살표
↜	물결 모양 왼쪽 화살표	물결 모양 왼쪽 화살표
↝	물결 모양 오른쪽 화살표	물결 모양 오른쪽 화살표
↞	왼쪽 쌍두 화살표	왼쪽 쌍두 화살표
↟	위쪽 쌍두 화살표	위쪽 쌍두 화살표
↠	오른쪽 쌍두 화살표	오른쪽 쌍두 화살표
↡	아래쪽 쌍두 화살표	아래쪽 쌍두 화살표
↢	왼쪽 화살표 꼬리	왼쪽 화살표 꼬리
↣	오른쪽 화살표 꼬리	오른쪽 화살표 꼬리
↤	세로 막대가 있는 왼쪽 화살표	세로 막대가 있는 왼쪽 화살표
↥	가로선이 있는 위쪽 화살표	가로선이 있는 위쪽 화살표
↦	세로 막대가 있는 오른쪽 화살표	세로 막대가 있는 오른쪽 화살표
↧	가로선이 있는 아래쪽 화살표	가로선이 있는 아래쪽 화살표
↨	밑면이 있는 위쪽 아래쪽 화살표	밑면이 있는 위쪽 아래쪽 화살표
↩	오른쪽에서 왼쪽으로 꺾는 화살표	왼쪽으로 곡선으로 꺾어지는 화살표 | 왼쪽으로 꺾어지는 우향 화살표 | 좌회전 | 화살표
↪	왼쪽에서 오른쪽으로 꺾는 화살표	오른쪽으로 곡선으로 꺾어지는 화살표 | 오른쪽으로 꺾어지는 좌향 화살표 | 우회전 | 화살표
↫	왼쪽 화살표 루프	왼쪽 화살표 루프
↬	오른쪽 화살표 루프	오른쪽 화살표 루프
↭	물결 모양 왼쪽 오른쪽 화살표	물결 모양 왼쪽 오른쪽 화살표
↮	사선이 있는 왼쪽 오른쪽 화살표	사선이 있는 왼쪽 오른쪽 화살표
↯	아래쪽 지그재그 화살표	아래쪽 지그재그 화살표
↰	끝이 왼쪽을 향한 위쪽 화살표	끝이 왼쪽을 향한 위쪽 화살표
↱	끝이 오른쪽을 향한 위쪽 화살표	끝이 오른쪽을 향한 위쪽 화살표
↲	끝이 왼쪽을 향한 아래쪽 화살표	끝이 왼쪽을 향한 아래쪽 화살표
↳	끝이 오른쪽을 향한 아래쪽 화살표	끝이 오른쪽을 향한 아래쪽 화살표
↴	모서리가 아래쪽으로 향하는 오른쪽 화살표	모서리가 아래쪽으로 향하는 오른쪽 화살표
↵	모서리가 왼쪽으로 향하는 아래쪽 화살표	모서리가 왼쪽으로 향하는 아래쪽 화살표
↶	위쪽 반원 화살표(반시계방향)	위쪽 반원 화살표(반시계방향)
↷	위쪽 반원 화살표(시계 방향)	위쪽 반원 화살표(시계 방향)
↸	긴 가로선이 있는 북서쪽 화살표	긴 가로선이 있는 북서쪽 화살표
↹	세로 막대가 있는 오른쪽 화살표 위에 세로 막대가 있는 왼쪽 화살표	세로 막대가 있는 오른쪽 화살표 위에 세로 막대가 있는 왼쪽 화살표
↺	열린 원형 화살표(반시계방향)	열린 원형 화살표(반시계방향)
↻	열린 원형 화살표(시계 방향)	열린 원형 화살표(시계 방향)
↼	위쪽에 화살촉이 있는 왼쪽 외날 화살표	위쪽에 화살촉이 있는 왼쪽 외날 화살표
↽	아래쪽에 화살촉이 있는 왼쪽 외날 화살표	아래쪽에 화살촉이 있는 왼쪽 외날 화살표
↾	오른쪽에 화살촉이 있는 위쪽 외날 화살표	오른쪽에 화살촉이 있는 위쪽 외날 화살표
↿	왼쪽에 화살촉이 있는 위쪽 외날 화살표	왼쪽에 화살촉이 있는 위쪽 외날 화살표
⇀	위쪽에 화살촉이 있는 오른쪽 외날 화살표	위쪽에 화살촉이 있는 오른쪽 외날 화살표
⇁	아래쪽에 화살촉이 있는 오른쪽 외날 화살표	아래쪽에 화살촉이 있는 오른쪽 외날 화살표
⇂	오른쪽에 화살촉이 있는 아래쪽 외날 화살표	오른쪽에 화살촉이 있는 아래쪽 외날 화살표
⇃	왼쪽에 화살촉이 있는 아래쪽 외날 화살표	왼쪽에 화살촉이 있는 아래쪽 외날 화살표
⇄	왼쪽 화살표 위에 오른쪽 화살표	왼쪽 화살표 위에 오른쪽 화살표
⇅	위아래 화살표	위아래 | 화살표
⇆	좌우 화살표	좌우 | 좌우측 | 화살표
⇇	왼쪽 화살표 쌍	왼쪽 화살표 쌍
⇈	위쪽 화살표 쌍	위쪽 화살표 쌍
⇉	오른쪽 화살표 쌍	오른쪽 화살표 쌍
⇊	아래쪽 화살표 쌍	아래쪽 화살표 쌍
⇋	오른쪽 외날 화살표 위에 왼쪽 외날 화살표	오른쪽 외날 화살표 위에 왼쪽 외날 화살표
⇌	왼쪽 외날 화살표 위에 오른쪽 외날 화살표	왼쪽 외날 화살표 위에 오른쪽 외날 화살표
⇍	사선이 있는 왼쪽 이중 화살표	사선이 있는 왼쪽 이중 화살표
⇎	사선이 있는 왼쪽/오른쪽 이중 화살표	사선이 있는 왼쪽/오른쪽 이중 화살표
⇏	사선이 있는 오른쪽 이중 화살표	사선이 있는 오른쪽 이중 화살표
⇐	왼쪽 이중 화살표	왼쪽 이중 화살표
⇑	위쪽 이중 화살표	위쪽 이중 화살표
⇒	오른쪽 이중 화살표	오른쪽 이중 화살표
⇓	아래쪽 이중 화살표	아래쪽 이중 화살표
⇔	왼쪽/오른쪽 이중 화살표	왼쪽/오른쪽 이중 화살표
⇖	북서쪽 이중 화살표	북서쪽 이중 화살표
⇗	북동쪽 이중 화살표	북동쪽 이중 화살표
⇘	남동쪽 이중 화살표	남동쪽 이중 화살표
⇙	남서쪽 이중 화살표	남서쪽 이중 화살표
⇚	왼쪽 삼중 화살표	왼쪽 삼중 화살표
⇛	오른쪽 삼중 화살표	오른쪽 삼중 화살표
⇜	구부러진 왼쪽 화살표	구부러진 왼쪽 화살표
⇝	구부러진 오른쪽 화살표	구부러진 오른쪽 화살표
⇞	이중 가로선이 있는 위쪽 화살표	이중 가로선이 있는 위쪽 화살표
⇟	이중 가로선이 있는 아래쪽 화살표	이중 가로선이 있는 아래쪽 화살표
⇠	파선 모양 왼쪽 화살표	파선 모양 왼쪽 화살표
⇡	파선 모양 위쪽 화살표	파선 모양 위쪽 화살표
⇢	파선 모양 오른쪽 화살표	파선 모양 오른쪽 화살표
⇣	파선 모양 아래쪽 화살표	파선 모양 아래쪽 화살표
⇤	세로선이 있는 왼쪽 화살표	세로선이 있는 왼쪽 화살표
⇥	세로선이 있는 오른쪽 화살표	세로선이 있는 오른쪽 화살표
⇦	빈 왼쪽 화살표	빈 왼쪽 화살표
⇧	빈 위쪽 화살표	빈 위쪽 화살표
⇨	빈 오른쪽 화살표	빈 오른쪽 화살표
⇩	빈 아래쪽 화살표	빈 아래쪽 화살표
⇪	가로선이 있는 빈 위쪽 화살표	가로선이 있는 빈 위쪽 화살표
⇵	아래쪽 화살표 오른쪽에 위쪽 화살표	아래쪽 화살표 오른쪽에 위쪽 화살표
∀	모든	모든
∂	편미분	편미분
∃	존재	존재
∅	공집합	공집합
∆	증분	증분 | 증분 기호
∇	나블라	나블라 | 나블라 기호 | 미분연산자
∈	원소 포함	원소 | 원소 포함 기호 | 포함
∉	원소가 아님	원소가 아님
∋	원소로 포함	원소로 포함
∎	증명 끝	증명 끝
∏	N항 곱	N항 곱
∑	N항 총합	N항 총합
−	빼기 표시	빼기 | 빼기 표시 | 빼다
∓	빼기 더하기	빼기 더하기
∕	나누기 슬래시	나누기 슬래시
∗	별표 연산자	별표 연산자
∘	합성 함수	합성 함수
∙	글머리 기호 연산자	글머리 기호 연산자
√	제곱근	거듭 | 거듭제곱근 | 근 | 제곱 | 제곱근
∝	비례함	비례함
∞	무한대 기호	무한대 | 무한대 기호
∟	직각	직각
∠	각	각
∣	나누다	나누다
∥	평행	평행
∧	논리곱	논리곱
∩	교집합	교집합 | 기호
∪	합집합	기호 | 합집합
∫	적분	적분
∬	이중 적분	이중 적분
∮	경로 적분	경로 적분
∴	그러므로 기호	그러므로 기호
∵	왜냐하면 기호	왜냐하면 기호
∶	비율	비율
∷	비례	비례
∼	물결표 연산자	물결표 연산자
∽	역물결표	역물결표
∾	옆으로 누운 역방향 에스	옆으로 누운 역방향 에스
≃	점근적으로 같음	점근적으로 같음
≅	대략 같음	대략 같음
≈	거의 같음	거의 같음 | 근사
≌	모두 같음	모두 같음
≒	근사값	근사값
≖	등호 안의 고리	등호 안의 고리
≠	같지 않음	같지 않음 | 부등
≡	등호	동일 | 등호 | 상등 | 일치
≣	절대적 동치	절대적 동치
≤	이하	같음 | 같지 않음 | 미만 | 부등 | 이하
≥	이상	같음 | 같지 않음 | 부등 | 이상 | 초과
≦	작거나 같음	작거나 같음
≧	크거나 같음	크거나 같음
≪	훨씬 작음	훨씬 작음
≫	훨씬 큼	훨씬 큼
≬	사이	사이
≮	작지 않음	작지 않음
≯	크지 않음	크지 않음
≳	많거나 같음	많거나 같음
≺	앞에 옴	앞에 옴
≻	뒤에 옴	뒤에 옴
⊁	뒤에 오지 않음	뒤에 오지 않음
⊂	부분 집합	부분 | 부분 집합 | 부분 집합 기호
⊃	상위 집합	상위 집합
⊆	부분 집합이거나 같음	부분 집합이거나 같음
⊇	상위 집합이거나 같음	상위 집합이거나 같음
⊕	원 안의 더하기	원 안의 더하기
⊖	원 안의 빼기	원 안의 빼기
⊗	원 안의 곱하기	원 안의 곱하기
⊘	원 안의 나누기 슬래시	원 안의 나누기 슬래시
⊙	원 안의 점 연산자	원 안의 점 연산자
⊚	원 안의 환 연산자	원 안의 환 연산자
⊛	원 안의 별표 연산자	원 안의 별표 연산자
⊞	사각형 안의 더하기	사각형 안의 더하기
⊟	사각형 안의 빼기	사각형 안의 빼기
⊥	위쪽 압정 표시	위쪽 압정 표시
⊮	적용 안 함	적용 안 함
⊰	관계에 따라 앞에 옴	관계에 따라 앞에 옴
⊱	관계에 따라 뒤에 옴	관계에 따라 뒤에 옴
⊶	원본	원본
⊹	에르미트 켤레 행렬	에르미트 켤레 행렬
⊿	직각 삼각형	직각 삼각형
⋁	N항 논리합	N항 논리합
⋂	N항 교집합	N항 교집합
⋃	N항 합집합	N항 합집합
⋅	점 연산자	점 연산자
⋆	별 연산자	별 연산자
⋈	자연 조인	자연 조인
⋒	이중 교집합	이중 교집합
⋘	훨씬 더 작음	훨씬 더 작음
⋙	훨씬 더 큼	훨씬 더 큼
⋭	정규 부분군이거나 같음으로 포함하지 않음	정규 부분군이거나 같음으로 포함하지 않음
⋮	세로 줄임표	세로 줄임표
⋯	중간 가로 줄임표	중간 가로 줄임표
⋰	오른쪽 위 사선 줄임표	오른쪽 위 사선 줄임표
⋱	오른쪽 아래 사선 줄임표	오른쪽 아래 사선 줄임표
⌨	키보드	컴퓨터 | 키보드
⏏	꺼냄 버튼	꺼내기 | 꺼냄 | 꺼냄 버튼 | 추출
⏭	다음 트랙 버튼	다음 장면 | 다음 트랙 | 다음 트랙 버튼 | 삼각형 | 화살표
⏮	이전 트랙 버튼	바로 전 트랙 | 삼각형 | 이전 노래 | 이전 장면 | 이전 트랙 | 이전 트랙 버튼 | 직전 트랙 | 화살표
⏯	재생 또는 일시 정지 버튼	삼각형 | 오른쪽 | 일시 정지 | 재생 | 재생 또는 일시 정지 버튼 | 화살표
⏱	스톱워치	스톱워치 | 시간 | 시계
⏲	타이머 시계	시계 | 타이머
⏸	일시 정지 버튼	더블 | 일시 정지 | 일시 정지 버튼 | 정지
⏹	정지 버튼	사각형 | 정지 | 정지 버튼 | 중단 | 중지
⏺	녹음/녹화 버튼	기록 | 녹음 | 녹음 버튼 | 녹화 | 녹화 버튼 | 동그라미 | 원
Ⓜ	원글자 엠	M | 동그라미 | 원 | 원글자 엠 | 원에 들어있는 M
■	검은색 정사각형	검은색 정사각형
□	흰색 정사각형	흰색 정사각형
▢	모서리가 둥근 흰색 정사각형	모서리가 둥근 흰색 정사각형
▣	검은색 사각형을 포함하고 있는 흰색 정사각형	검은색 사각형을 포함하고 있는 흰색 정사각형
▤	가로선으로 채워진 정사각형	가로선으로 채워진 정사각형
▥	세로선으로 채워진 정사각형	세로선으로 채워진 정사각형
▦	서로 교차하는 가로선과 세로선으로 채워진 정사각형	서로 교차하는 가로선과 세로선으로 채워진 정사각형
▧	왼쪽 위에서 오른쪽 아래 방향 대각선으로 채워진 정사각형	왼쪽 위에서 오른쪽 아래 방향 대각선으로 채워진 정사각형
▨	오른쪽 위에서 왼쪽 아래 방향 대각선으로 채워진 정사각형	오른쪽 위에서 왼쪽 아래 방향 대각선으로 채워진 정사각형
▩	서로 교차하는 대각선으로 채워진 정사각형	서로 교차하는 대각선으로 채워진 정사각형
▪	작은 검은색 사각형	검은색 작은 사각형 | 기하학 무늬 | 무늬 | 블랙 스몰 사각형 | 사각형 | 작은 검은색 사각형
▫	작은 흰색 사각형	기하학 무늬 | 무늬 | 사각형 | 작은 흰색 사각형 | 화이트 스몰 사각형
▬	검은색 직사각형	검은색 직사각형
▭	흰색 직사각형	흰색 직사각형
▮	검은색 세로 직사각형	검은색 세로 직사각형
▰	검은색 평행 사변형	검은색 평행 사변형
▲	검은색 위쪽 삼각형	검은색 삼각형 | 검은색 위쪽 삼각형 | 삼각형 | 위쪽
△	위쪽 방향 흰색 삼각형	위쪽 방향 흰색 삼각형
▴	위쪽 방향 검은색 삼각형	위쪽 방향 검은색 삼각형
▵	위쪽 방향 흰색 작은 삼각형	위쪽 방향 흰색 작은 삼각형
▶	재생 버튼	삼각형 | 오른쪽 | 재생 | 재생 버튼 | 플레이 | 화살표
▷	오른쪽 방향 흰색 삼각형	오른쪽 방향 흰색 삼각형
▸	오른쪽 방향 검은색 작은 삼각형	오른쪽 방향 검은색 작은 삼각형
▹	오른쪽 방향 흰색 작은 삼각형	오른쪽 방향 흰색 작은 삼각형
►	오른쪽 방향 검은색 포인터	오른쪽 방향 검은색 포인터
▻	오른쪽 방향 흰색 포인터	오른쪽 방향 흰색 포인터
▼	검은색 아래쪽 삼각형	검은색 삼각형 | 검은색 아래쪽 삼각형 | 삼각형 | 아래쪽
▽	아래쪽 방향 흰색 삼각형	아래쪽 방향 흰색 삼각형
▾	아래쪽 방향 검은색 작은 삼각형	아래쪽 방향 검은색 작은 삼각형
▿	아래쪽 방향 흰색 작은 삼각형	아래쪽 방향 흰색 작은 삼각형
◀	반대로 버튼	되돌리기 버튼 | 반대 | 반대로 버튼 | 복귀 | 삼각형 | 화살표
◁	왼쪽 방향 흰색 삼각형	왼쪽 방향 흰색 삼각형
◂	왼쪽 방향 검은색 작은 삼각형	왼쪽 방향 검은색 작은 삼각형
◃	왼쪽 방향 흰색 작은 삼각형	왼쪽 방향 흰색 작은 삼각형
◄	왼쪽 방향 검은색 포인터	왼쪽 방향 검은색 포인터
◅	왼쪽 방향 흰색 포인터	왼쪽 방향 흰색 포인터
◆	검은색 다이아몬드	검은색 다이아몬드
◇	흰색 다이아몬드	흰색 다이아몬드
◈	검은색 다이아몬드를 포함하고 있는 흰색 다이아몬드	검은색 다이아몬드를 포함하고 있는 흰색 다이아몬드
◉	검은색 원을 포함하고 있는 흰색 원	검은색 원을 포함하고 있는 흰색 원
◊	마름모	다이아몬드 모양 | 마름모 | 마름모꼴
○	빈 원	빈 원 | 원
◌	점선 테두리 원	점선 테두리 원
◍	세로선으로 채워진 원	세로선으로 채워진 원
◎	동심원	동심원
●	채워진 원	원 | 채워진 원
◐	왼쪽 절반이 채워진 원	왼쪽 절반이 채워진 원
◑	오른쪽 절반이 채워진 원	오른쪽 절반이 채워진 원
◒	아래쪽 절반이 채워진 원	아래쪽 절반이 채워진 원
◓	위쪽 절반이 채워진 원	위쪽 절반이 채워진 원
◔	오른쪽 위 사분면이 채워진 원	오른쪽 위 사분면이 채워진 원
◕	왼쪽 위 사분면을 제외한 모든 면이 채워진 원	왼쪽 위 사분면을 제외한 모든 면이 채워진 원
◖	왼쪽 절반이 채워진 반원	왼쪽 절반이 채워진 반원
◗	오른쪽 절반이 채워진 반원	오른쪽 절반이 채워진 반원
◘	반전 글머리 기호	반전 글머리 기호
◙	흰색 원을 포함하고 있는 검은색 정사각형	흰색 원을 포함하고 있는 검은색 정사각형
◜	왼쪽 위 사분면 원호	왼쪽 위 사분면 원호
◝	오른쪽 위 사분면 원호	오른쪽 위 사분면 원호
◞	오른쪽 아래 사분면 원호	오른쪽 아래 사분면 원호
◟	왼쪽 아래 사분면 원호	왼쪽 아래 사분면 원호
◠	위쪽 반원	위쪽 반원
◡	아래쪽 반원	아래쪽 반원
◢	오른쪽 아래 검은색 직각삼각형	오른쪽 아래 검은색 직각삼각형
◣	왼쪽 아래 검은색 직각삼각형	왼쪽 아래 검은색 직각삼각형
◤	왼쪽 위 검은색 직각삼각형	왼쪽 위 검은색 직각삼각형
◥	오른쪽 위 검은색 직각삼각형	오른쪽 위 검은색 직각삼각형
◦	빈 글머리 기호	빈 글머리 기호
◯	큰 빈 원	빈 원 | 원 | 큰 빈 원
◳	오른쪽 위 사분면이 있는 빈 정사각형	오른쪽 위 사분면이 있는 빈 정사각형
◷	오른쪽 위 사분면이 있는 빈 원	오른쪽 위 사분면이 있는 빈 원
◻	중간 흰색 사각형	기하학 무늬 | 무늬 | 사각형 | 중간 흰색 사각형 | 화이트 미디엄 사각형 | 흰색 중간 사각형
◼	중간 검은색 사각형	검정색 중간 사각형 | 기하학 무늬 | 무늬 | 블랙 미디엄 사각형 | 사각형 | 중간 검은색 사각형 | 중간크기 검은색 사각형
◿	오른쪽 아래 직각삼각형	오른쪽 아래 직각삼각형
☀	태양	날씨 | 더움 | 맑음 | 태양 | 해 | 화창한
☁	구름	구름 | 날씨 | 흐림
☂	우산	비 | 우산
☃	눈사람	겨울 | 눈 | 눈사람 | 추위
☄	혜성	우주 | 혜성
☎	전화기	유선전화 | 전화 | 전화기
☑	체크박스	완료 | 체크 | 체크박스 | 체크상자 | 체크완료 | 체크표시된 투표란 | 투표 | 투표용지 | 틱
☘	토끼풀	샤머록 | 세잎 | 세잎클로버 | 식물 | 아이리쉬 | 토끼풀 | 풀
☝	위쪽을 가리키는 손	가리키기 | 검지 | 색인 | 손 | 손가락 | 위쪽을 가리키는 손 | 이거 | 인덱스
☠	해골과 뼈다귀	몬스터 | 뼈 | 뼈다귀 | 죽은 | 죽음 | 해골 | 해골과 뼈다귀
☢	방사능	방사능 | 방사선 | 위험 | 주의 | 표시
☣	생물학적 위험	바이오하자드 | 바이오해저드 | 생물학적 위험 | 표시
☦	전통적인 십자가	기독교 | 십자가 | 전통적인 십자가 | 정교회 십자가 | 종교 | 크리스천
☪	초승달과 별	라마단 | 무슬림 | 별 | 이슬람 | 종교 | 초승달 | 초승달과 별
☮	평화 기호	평화 | 평화 기호 | 평화 상징 | 평화로운 | 힐링
☯	음양	도교 | 둘다 | 모두 아닌 | 삶 | 양 | 어려운 | 음 | 음양 | 종교
☸	진리의 수레바퀴	다르마 | 바퀴 | 불교 | 불교신자 | 수레바퀴 | 종교 | 진리 | 진리의 수레바퀴
☹	찡그린 얼굴	슬픔 | 얼굴 | 찡그린 얼굴 | 찡그림
☺	웃는 얼굴	미소 | 스마일 | 얼굴 | 웃는 얼굴 | 웃음 | 웃음 짓는 얼굴 | 편안한 | 행복
♀	여성 기호	기호 | 여성
♂	남성 기호	기호 | 남성
♟	체스 폰	소모품 | 체스 말 | 체스 폰 | 폰
♠	스페이드	게임 | 스페이드 | 스페이드 모양 | 카드
♣	클럽	게임 | 카드 게임 | 클럽 | 클로바 무늬
♥	하트	감정 | 게임 | 카드 게임 | 하트 | 하트 모양
♦	다이아몬드	게임 | 다이아몬드 | 다이아몬드 무늬 | 카드
♨	온천	뜨거움 | 목욕탕 | 사우나 | 온천
♪	팔분음표	음악 | 음표 | 팔분음표
♭	내림표	내림표 | 플랫
♯	올림표	샵 | 올림표
♻	재활용 표시	재활용 | 재활용 표시
♾	무한	뫼비우스 | 무한 | 영원
⚒	망치와 곡괭이	곡괭이 | 망치 | 망치와 곡괭이 | 장비
⚔	쌍검	검 | 교차된 검 두개 | 무기 | 쌍검
⚕	의학 기호	아이스쿨라피우스 | 의술의 신 | 의학 | 의학 기호 | 직원
⚖	접시저울	공평한 | 균형 | 별자리 | 저울 | 접시저울 | 정의 | 천칭자리
⚗	증류기	도구 | 정류 | 정화 | 증류 | 증류기 | 화학
⚙	톱니바퀴	기어 | 도구 | 톱니바퀴
⚛	원자 기호	무신론자 | 원자 | 원자 기호
⚜	백합 문장	기사 | 문장 | 백합
⚠	주의	경고 | 주의
⚧	트랜스젠더 기호	트랜스젠더 | 트랜스젠더 기호
⚰	관	관 | 뱀파이어 | 장례식 | 죽은 | 죽음 | 흡혈귀
⚱	납골 단지	납골 단지 | 단지 | 유골함 | 장례식 | 재 | 죽음
⛈	번개가 치는 비구름	구름 | 뇌우 | 번개 | 번개가 치는 비구름 | 비
⛏	곡괭이	곡괭이 | 광산 | 망치 | 장비
⛑	흰 십자가가 있는 헬멧	구급 | 구조대원 헬멧 | 도움 | 모자 | 십자가 | 안전요원 | 얼굴 | 헬멧 | 흰 십자가가 있는 헬멧
⛓	쇠사슬	사슬 | 쇠사슬 | 체인
⛩	신토 신사	신사 | 신토 | 일본 신사 | 종교
⛰	산	산 | 산 정상
⛱	땅에 꽂힌 파라솔	땅에 꽂힌 파라솔 | 비 | 우산 | 파라솔 | 해 | 해변가
⛴	페리	보트 | 승객 | 연락선 | 페리
⛷	스키 타는 사람	눈 | 스키 | 스키 타는 사람 | 스키타는 사람
⛸	아이스 스케이트	스케이트 | 아이스
⛹	공을 갖고 있는 사람	공 | 공 튀기는 사람 | 공을 갖고 있는 사람 | 농구 | 농구공 | 농구선수 | 드리블 | 운동 선수 | 자유투 | 챔피언십
✂	가위	가위 | 기구 | 도구 | 자르기 | 종이
✈	비행기	비행 | 비행기 | 여행 | 제트 | 항공
✉	봉투	봉투 | 이메일 | 편지
✌	브이 표시	가위 | 브이 표시 | 브이하는 손 | 빅토리 | 손 | 승리 | 찌 | 평화
✍	글을 쓰고 있는 손	글쓰기 | 글을 쓰고 있는 손 | 손 | 연필 쥔 손
✏	연필	연필 | 필기도구
✒	검은색 펜촉	검은색 펜촉 | 펜 | 펜촉
✔	체크 표시	진한 체크 표시 | 진한 체크표시 | 체크 | 체크표시 | 했음 | 확인함
✖	곱하기	x | 곱셈 | 곱셈기호 | 곱하기 | 엑스 | 취소
✝	라틴 십자가	기독교 | 라틴 십자가 | 십자가 | 종교 | 크리스찬
✡	다윗의 별	다비드 | 다비드별 | 다윗 | 다윗의 별 | 별 | 유대교 | 유대인 | 종교
✳	여덟 갈래 별표	별표 | 여덟 갈래 별표
✴	팔각 별	별 | 팔각 별
❄	눈송이	날씨 | 눈 | 눈송이 | 추위
❇	반짝임	반짝 | 반짝임
❣	하트 모양 느낌표	느낌표 | 문장 부호 | 표시 | 하트 | 하트 모양 느낌표
❤	빨간색 하트	감정 | 마음 | 빨간색 하트 | 사랑 | 하트
➡	우향 화살표	길찾기 | 동쪽 | 오른쪽 화살표 | 우향 화살표 | 화살표
⤴	오른쪽에서 위로 꺾는 화살표	위쪽으로 꺾어지는 우향 화살표 | 좌회전 | 화살표
⤵	아래쪽으로 꺾어지는 우향 화살표	아래 | 아래쪽으로 꺾어지는 우향 화살표 | 우회전 | 화살표
⨧	아래 첨자 2가 있는 더하기 기호	아래 첨자 2가 있는 더하기 기호
⨯	벡터의 외적	벡터의 외적
⨼	내부곱	내부곱
⩣	이중 밑줄이 있는 논리합	이중 밑줄이 있는 논리합
⩽	기울어진 등호이거나 보다 작음	기울어진 등호이거나 보다 작음
⪍	유사하거나 같음 위에 보다 작음	유사하거나 같음 위에 보다 작음
⪚	두 줄 등호이거나 보다 큼	두 줄 등호이거나 보다 큼
⪺	거의 같지 않음 위의 후속	거의 같지 않음 위의 후속
⬅	좌향 화살표	길찾기 | 서쪽 | 왼쪽 화살표 | 좌향 화살표 | 화살표
⬆	위쪽 화살표	길찾기 | 북쪽 | 상향 화살표 | 위쪽 | 화살표
⬇	아래쪽 화살표	길찾기 | 남쪽 | 하향 화살표 | 화살표
、	모점	모점 | 쉼표
。	고리점	고리점 | 마침표
〈	여는 소괄호	꺽쇠괄호 | 소괄호 | 여는 소괄호
〉	닫는 소괄호	꺽쇠괄호 | 닫는 소괄호 | 소괄호
《	여는 이중 소괄호	괄호 | 여는 이중 소괄호 | 이중 소괄호
》	닫는 이중 소괄호	괄호 | 닫는 이중 소괄호 | 이중 소괄호
「	여는 낫표	낫표 | 여는 낫표 | 홑낫표
」	닫는 낫표	낫표 | 닫는 낫표 | 홑낫표
『	여는 겹낫표	겹낫표 | 낫표 | 여는 겹낫표
』	닫는 겹낫표	겹낫표 | 낫표 | 닫는 겹낫표
【	여는 검은색 렌즈 괄호	검은색 렌즈 괄호 | 괄호 | 여는 검은색 렌즈 괄호
】	닫는 검은색 렌즈 괄호	검은색 렌즈 괄호 | 괄호 | 닫는 검은색 렌즈 괄호
〔	여는 거북등괄호	거북등괄호 | 괄호 | 여는 거북등괄호
〕	닫는 거북등괄호	거북등괄호 | 괄호 | 닫는 거북등괄호
〖	여는 흰색 렌즈 괄호	괄호 | 여는 흰색 렌즈 괄호 | 흰색 렌즈 괄호
〗	닫는 흰색 렌즈 괄호	괄호 | 닫는 흰색 렌즈 괄호 | 흰색 렌즈 괄호
〰	물결 모양 대시	대시 | 문장 부호 | 물결 | 물결 모양 대시 | 물결모양 | 물결표
〽	부분 교체 기호	기호 | 부분 | 부분 교체 기호
・	일본어 가운뎃점	가운뎃점 | 일본어 | 점
㊗	원 안의 축하 표의문자	"축하" | 빌 축 | 원 안의 축하 표의문자 | 원 표시된 축하 표의문자 | 일본어 | 일본어 "축하" 버튼 | 중국어 | 축하 | 표의문자
㊙	원 표시된 비밀 표의문자	"비밀" | 비밀 | 숨길 비 | 원 표시된 비밀 표의문자 | 일본어 | 일본어 "비밀" 버튼 | 중국어 | 표의문자
﷼	리알	리알 | 화폐
🅰	에이형	A | 버튼 | 에이형 | 혈액형 에이형
🅱	비형	B | B형 | 버튼 | 비형 | 혈액형
🅾	오형	O | O 버튼 | 오형 | 혈액형
🅿	주차 표시	P | 버튼 | 음각 피 | 주차 | 주차 표시 | 주차장 | 파킹
🈂	일본어 "봉사료" 버튼	"봉사료" | sa | 사 | 일본어 | 일본어 "봉사료" 버튼 | 카타카나
🈷	달 월	"월간" | 개월 | 달 | 월 | 일본어 | 일본어 "월간" 버튼 | 표의문자 | 한달
🌡	온도계	날씨 | 온도 | 온도계
🌤	작은 구름 뒤의 태양	구름 | 날씨 | 작은 구름 뒤의 태양 | 해 | 흐림
🌥	큰 구름 뒤의 태양	구름 | 날씨 | 큰 구름 뒤의 태양 | 해 | 흐림
🌦	비구름 뒤의 태양	구름 | 날씨 | 비 | 비구름 뒤의 태양 | 해
🌧	비구름	구름 | 날씨 | 비 | 비구름
🌨	눈구름	구름 | 날씨 | 눈 | 눈구름 | 추움
🌩	번개구름	구름 | 날씨 | 번개 | 번개구름
🌪	토네이도	구름 | 날씨 | 소용돌이 | 태풍 | 토네이도
🌫	안개	구름 | 날씨 | 물결표시 | 안개
🌬	얼굴이 있는 바람	바람 | 바람 부는 | 얼굴 | 얼굴이 있는 바람 | 후 하고 바람 부는 얼굴
🌶	홍고추	고추 | 매운 | 빨간 고추 | 홍고추
🍽	포크와 나이프가 있는 접시	나이프 | 요리 | 저녁식사 | 접시 | 포크 | 포크와 나이프가 있는 접시
🎖	무공 훈장	군대 | 메달 | 무공 훈장 | 상 | 축하 | 훈장
🎗	추모 리본	기념 | 리본 | 추모
🎙	스튜디오 마이크	마이크 | 마이크로폰 | 사회자 마이크 | 스튜디오 | 음악
🎚	레벨 슬라이더	레벨 | 슬라이더 | 음악
🎛	컨트롤 레버	손잡이 | 음악 | 조작 레버 | 컨트롤 | 컨트롤 레버
🎞	영화 프레임	시네마 | 영화 | 프레임 | 필름
🎟	입장 티켓	입장 | 티켓
🏋	역도 선수	데드리프트 | 바벨 | 보디빌더 | 역도 | 역도 선수 | 역도선수 | 역도하는 사람 | 운동 | 웨이트 트레이닝 | 트레이닝 | 파워 리프팅
🏌	골프치는 사람	골퍼 | 골프 | 골프 선수 | 골프 연습장 | 골프치는 사람 | 골프티 | 공 | 그린 | 버디 | 캐디 | 퍼트 | 필드
🏍	오토바이	경주 | 레이싱 | 모터사이클 | 오토바이
🏎	경주용 자동차	경주용 자동차 | 레이싱 | 레이싱카 | 쌩 | 차
🏔	눈 덮인 산	눈 | 눈 덮인 산 | 산 | 설산 | 추위
🏕	캠핑	캠핑 | 텐트
🏖	파라솔이 있는 해변	우산 | 파라솔 | 파라솔이 있는 해변 | 해변
🏗	건물 공사	건물 | 공사 | 크래인
🏘	주택 건물	건물 | 주택 | 집
🏙	도시 전경	건물 | 도시 | 도시 전경
🏚	낡은 주택 건물	건물 | 낡은 주택 건물 | 노후 | 주택 | 주택 수리 | 집
🏛	고전 양식의 건축물	건물 | 고전 | 고전 빌딩 | 고전 양식의 건축물
🏜	사막	사막 | 선인장 | 태양
🏝	사막 섬	사막 | 섬
🏞	국립공원	공원 | 국립 | 국립공원
🏟	경기장	경기장 | 스타디움
🏳	펄럭이는 흰색 깃발	깃발 | 펄럭이는 | 펄럭이는 흰색 깃발 | 플래그 | 항복 | 흰색 깃발
🏵	장미	꽃 | 로제트 | 식물 | 장미 | 장미 모양
🏷	라벨	라벨 | 택
🐿	얼룩다람쥐	다람쥐 | 얼룩다람쥐
👁	눈	눈 | 눈 하나 | 눈 한개 | 몸 | 시력 | 신체 | 얼굴 | 한 눈
📽	영화 프로젝터	무비 | 비디오 | 시네마 | 영사기 | 영화 | 프로젝터
🕉	옴	옴 | 종교 | 힌두교
🕊	비둘기	날다 | 비둘기 | 새 | 조류 | 평화
🕯	양초	빛 | 양초 | 캔들
🕰	벽난로 선반 시계	벽난로 | 벽난로 선반 시계 | 시간 | 시계
🕳	구멍	검은 구멍 | 구멍
🕴	공중에 떠 있는 정장 입은 남자	공중부양 | 공중에 떠 있는 정장 입은 남자 | 남자 | 비즈니스 | 정장
🕵	탐정	스파이 | 탐정 | 형사
🕶	선글라스	눈 | 선글라스 | 안경 | 안경류 | 어두운
🕷	거미	거미 | 곤충 | 벌레 | 스파이더
🕸	거미줄	거미 | 거미줄 | 웹
🕹	조이스틱	게임 | 비디오 게임 | 조이스틱 | 조종대
🖇	이어져 있는 클립	연결된 | 이어져 있는 클립 | 클립 | 페이퍼 클립
🖊	펜	볼펜 | 펜
🖋	만년필	만년필 | 펜 | 펜촉 | 필기도구
🖌	붓	붓 | 페인트 브러쉬 | 페인트붓 | 페인팅
🖍	크레용	크레용 | 크레파스
🖐	쫙 편 손바닥	손 | 손가락 | 손바닥 | 스톱 | 안녕 | 인사 | 정지 | 쫙 편 손바닥
🖥	데스크톱 컴퓨터	데스크톱 | 모니터 | 컴퓨터
🖨	프린터	인쇄기 | 컴퓨터 | 프린터
🖱	컴퓨터 마우스	마우스 | 컴퓨터
🖲	트랙볼	마우스 | 컴퓨터 | 트랙볼
🖼	그림 액자	그림 | 박물관 | 액자 | 액자에 걸린 사진 | 예술 | 작품
🗂	카드 색인 파일	분류 | 색인 | 인덱스 | 카드 | 파일 | 폴더
🗃	카드 파일 상자	상자 | 카드 | 파일
🗄	파일 보관 서랍장	캐비닛 | 파일 | 파일 보관 서랍장 | 파일철
🗑	쓰레기통	쓰레기통 | 휴지통
🗒	스프링 노트	노트 | 수첩 | 스프링 노트 | 패드
🗓	스프링 달력	달력 | 벽걸이 달력 | 스프링 달력 | 캘린더 | 패드
🗜	압축기	바이스 | 압축기 | 연장 | 콤프레셔 | 클램프
🗝	오래된 열쇠	단서 | 보물 열쇠 | 열쇠 | 오래된 열쇠 | 자물쇠
🗞	돌돌 말린 신문	뉴스 | 돌돌 말린 신문 | 말린 | 신문 | 신문 뭉치
🗡	단검	단검 | 단도 | 대거 | 무기 | 칼
🗣	말하고 있는 옆얼굴	말하고 있는 옆얼굴 | 말하는 | 말함 | 머리 | 실루엣 | 얼굴
🗨	왼쪽 말풍선	말 | 말풍선 | 왼쪽 말풍선
🗯	화난 표현의 오른쪽 말풍선	말풍선 | 버블 | 풍선 | 화난 | 화난 표현의 오른쪽 말풍선 | 화남
🗳	투표 용지가 있는 투표 상자	상자 | 투표 | 투표 용지가 있는 투표 상자 | 투표상자
🗺	세계 지도	세계 | 지도
🛋	소파와 전등	램프 | 소파 | 소파와 등 | 소파와 전등 | 전등 | 카우치 | 호텔
🛍	쇼핑백	가방 | 쇼핑 | 쇼핑가방 | 쇼핑백 | 호텔
🛎	호출 벨	데스크벨 | 벨 | 호출 벨 | 호텔
🛏	침대	잠 | 침대 | 호텔
🛠	망치와 렌치	도구 | 렌치 | 망치 | 망치와 렌치 | 스패너 | 장비
🛡	방패	무기 | 방패 | 보호
🛢	기름통	기름 | 기름통 | 드럼
🛣	고속도로	고속도로 | 도로
🛤	철도 선로	선로 | 철도
🛥	모터보트	모터보트 | 보트
🛩	경비행기	경비행기 | 비행기 | 소형비행기 | 항공기
🛰	인공위성	우주 | 인공위성
🛳	여객선	배 | 선박 | 승객 | 여객선
