# CLDR symbol names for lt: symbol, tts name, keywords
# cldr-version	48
# source	https://unicode.org/Public/cldr/48/cldr-common-48.zip
# sha256	06c7c698d6fd8d67cefac15a0206b0109b00e0ef1636f86f84449fa959561f74
# icu-version	78.3
# unicode-version	17.0
# Generated by tools/cldr_symbol_names.py; do not edit.
!	šauktukas	šauktukas | šauktuko ženklas | staiga
#	grotelės	grotelės | grotelių ženklas | maiša | numeris
$	dolerio ženklas	dolerio ženklas | doleris | pinigai | USD
%	procento ženklas	procentas | procento ženklas
&	ampersandas	ampersandas | ir
'	tiesusis apstrofas	apostrofas | kabutė | tiesusis apstrofas | vienguba kabutė
)	uždaromasis skliaustas	skliaustas | skliaustelis | skliausti | uždaromasis
*	žvaigždutė	asteriskas | pakaitos simbolis | žvaigždutė
+	pliuso ženklas	pliusas | pliuso ženklas | pridėti
,	kablelis	kablelis | skyryba
-	minuso brūkšnelis	brūkšnelis | brūkšnys | minusas | minuso brūkšnelis
.	taškas	sakino pabaigos ženklas | taškas | taškelis
/	pasvirasis brūkšnys	įžambinis | įžambus brūkšnys | pasvirasis brūkšnys
:	dvitaškis	dvitaškis
;	kabliataškis	kabliataškis | skyryba
<	mažiau už	atidaromoji žyma | mažiau už
=	lygu	lygu | lygus
>	daugiau už	daugiau už | uždaromoji žyma
?	klaustukas	klausimas | klaustukas
@	eta	eta | eta simbolis | eta ženklas | kilpelė | komercinė eta
[	atidaromasis laužtinis skliaustas	atidaromasis laužtinis skliaustas | laužtinis skliaustas
\	įžambus kairinis brūkšnys	atvirkščias įžambus brūkšnys | įžambus kairinis brūkšnys
]	uždaromasis laužtinis skliaustas	laužtinis skliaustas | uždaromasis laužtinis skliaustas
^	stogelis	cirkumfleksas | kirtis | stogelis | tvirtagalė
_	apatinė linija	apatinė linija | apatinis brūkšnys | brūkšnys | linija | pabraukti
`	kairinis kirtis	kairinis | kirtis | trumpasis
{	atidaromasis riestinis skliaustas	atidaromasis riestinis skliaustas | riestinis skliaustas
|	vertikali linija	linija | vertikali linija
}	uždaromasis riestinis skliaustas	riestinis skliaustas | uždaromasis riestinis skliaustas
~	riestinis ženklas	riestinis ženklas | tildė
¡	apverstas šauktukas	apverstas | šauktukas | šauktuko taškas | šauktuko ženklas | staiga
¢	cento ženklas	centas | cento ženklas
£	svaras	EGP | GBP | svaras | valiuta
¤	nežinoma valiuta	
¥	jena	CNY | jena | JPY | juanis | valiuta
§	pastraipos simbolis	paragrafas | pastraipa | pastraipos simbolis | skirsnis
¨	diarė	diarė | trema | umlautas
©	autorių teisės	autorių teisės
«	atidaromosios laužtinės kabutės	atidaromosios laužtinės kabutės | kabutės | kairiosios | laužtinės | uždaromosios
¬	nesutikimas	ne | nesutikimas
®	užregistruota	užregistruota
°	laipsnis	laipsnis | valanda
±	pliusas ir minusas	pliusas ir minusas | pliuso ir minuso ženklas
²	dvejetas viršutiniame indekse	du | dvejetas | dvejetas viršutiniame indekse | kvadratu | viršutinis indeksas
³	trejetas viršutiniame indekse	kubu | trejetas | trejetas viršutiniame indekse | trys | viršutinis indeksas
´	dešininis kirtis	dešininis | kirtis | priegaidė
µ	„mikro-“ simbolis	„mikro-“ simbolis | matavimo vienetai | mikro simbolis
¶	paragrafo simbolis	lygiavimas | paragrafas | paragrafo simbolis | pastraipos pabaigos ženklas
·	interpunktas	interpunktas | taškas | vidurinysis
¹	vienetas viršutiniame indekse	vienetas | vienetas viršutiniame indekse | viršutinis indeksas
»	uždaromosios laužtinės kabutės	dešiniosios | kabutės | laužtinės | uždaromosios
¿	apverstas klaustukas	apverstas | klausimas | klaustukas
×	daugybos simbolis	daugyba | daugybos simbolis | sandauga
÷	dalybos simbolis	dalyba | dalybos simbolis | dalyti
֏	Armėnijos dramas	
؋	Afganistano afganis	
،	arabų k. kablelis	arabų k. | arabų k. kablelis | kablelis
؛	arabų k. kabliataškis	arabų k. | arabų k. kabliataškis | kabliataškis
؟	arabų k. klaustukas	arabų k. | arabų k. klaustukas | klausimas | klaustuko ženklas
৳	Bangladešo taka	
฿	Tailando batas	
៛	Kambodžos rielis	
‐	brūkšnelis	brūkšnelis | brūkšnys
–	brūkšnys	brūkšnys
—	ilgasis brūkšnys	brūkšnys | ilgasis
―	horizontalus brūkšnys	brūkšnys | horizontalus brūkšnys | linija
‘	kairysis apostrofas	apostrofas | išmani kabutė | kabutė | kairysis apostrofas | vienguba kabutė
’	dešinysis apostrofas	apostrofas | dešinysis apostrofas | išmani kabutė | kabutė | vienguba kabutė
‚	apatinis dešinysis apostrofas	apatinė kabutė | apatinis apostrofas | apatinis dešinysis apostrofas | kabutė
“	kairiosios kabutės	dvigubos kabutės | išmani kabutė | kabutė | kabutės | kairiosios kabutės
”	dešiniųjų kabučių ženklas	dešiniųjų kabučių ženklas | dvigubos kabutės | išmaniosios kabutės | kabučių ženklas | kabutės
„	apatinės dešiniosios kabutės	apatinės dešiniosios kabutės | dvigubos kabutės | išmaniosios kabutėstion | kabučių ženklas | kabutės | low quotation
†	kryžiaus ženklas	kryžiaus ženklas | kryžius
‡	dvigubas kryžiaus ženklas	dvigubas | dvigubas kryžiaus ženklas | kryžius
•	ženklelis	taškas | ženklelis
…	daugtaškis	daugtaškis | praleidimo simbolis
‧	kėlimo brūkšnelis	brūkšnelis | kėlimo brūkšnelis | skyryba | žodžių kėlimas
‰	promilės ženklas	promilė | promilės ženklas
′	pagrindinis simbolis	pagrindinis | pagrindinis simbolis
″	dvigubas pagrindinis simbolis	dvigubas pagrindinis simbolis | pagrindinis skyriklis
‴	trigubas pagrindinis simbolis	trigubas pagrindinis simbolis | trigubas skyriklis
‸	stogelio ženklas	stogelio ženklas
※	atskaitos žyma	atskaitos simbolis | atskaitos žyma
‼	du šauktukai	du šauktukai | šauktukas | skyryba | žymė
‽	klaustukas ir šauktukas	klaustukas ir šauktukas
‾	brūkšnys viršuje	brūkšnys viršuje
⁂	asterizmas	asterizmas
⁄	trupmenos ženklas	trupmenos ženklas
⁉	šauktukas ir klaustukas	klausimas | šauktukas | šauktukas ir klaustukas | skyryba | žymė
⁻	minusas viršutiniame indekse	minusas | minusas viršutiniame indekse | viršutinis indeksas
₡	Kosta Rikos kolonas	
₢	kruzeiras	kruzeiras
₣	Prancūzijos frankas	Prancūzijos frankas
₤	lita	lita
₥	milio ženklas	mil ženklas | milio ženklas
₦	Nigerijos naira	
₧	Ispanijos peseta	
₨	rupija	rupija
₩	vono ženklas	KPW | KRW | vono ženklas
₪	Izraelio naujasis šekelis	
₫	Vietnamo dongas	
€	euras	EUR | euras | valiuta
₭	Laoso kipas	
₮	Mongolijos tugrikas	
₰	pfenigas	pfenigas
₱	peso ženklas	pesas | peso ženklas
₲	Paragvajaus guaranis	
₳	australis	australis
₴	Ukrainos grivina	
₵	Ganos sedis	
₶	Tūro livras	Tūro livras
₷	spesmilo	spesmilo
₸	Kazachstano tengė	
₹	Indijos rupija	Indijos rupija | rupija | valiuta
₺	Turkijos lira	
₼	Azerbaidžano manatas	
₽	rublis	rublis | valiuta
₾	Gruzijos laris	
₿	bitkoino ženklas	bitkoino ženklas | BTC
℗	garso įrašo autorių teisių simbolis	autorių teisės | autorių teisių simbolis | garsas | garso įrašo autorių teisių simbolis | įrašas
™	prekės ženklas	prekės ženklas | tm | žymė
ℹ	informacija	i | informacija
←	į kairę nukreipta rodyklė	į kairę nukreipta rodyklė | kairė | rodyklė
↑	į viršų nukreipta rodyklė	į viršų nukreipta rodyklė | rodyklė | viršus
→	į dešinę nukreipta rodyklė	dešinė | į dešinę nukreipta rodyklė | rodyklė
↓	į apačią nukreipta rodyklė	apačia | į apačią nukreipta rodyklė | rodyklė
↔	rodyklė į kairę ir į dešinę	rodyklė | rodyklė į kairę ir į dešinę
↕	rodyklė į viršų ir į apačią	rodyklė | rodyklė į viršų ir į apačią
↖	rodyklė į viršų ir į kairę	kryptis | rodyklė | rodyklė į viršų ir į kairę | šiaurės vakarai
↗	rodyklė į viršų ir į dešinę	kryptis | rodyklė | rodyklė į viršų ir į dešinę | šiaurės rytai
↘	rodyklė į apačią ir į dešinę	kryptis | pietryčiai | rodyklė | rodyklė į apačią ir į dešinę
↙	rodyklė į apačią ir į kairę	kryptis | pietvakariai | rodyklė | rodyklė į apačią ir į kairę
↚	perbraukta rodyklė kairėn	perbraukta rodyklė kairėn
↛	perbraukta rodyklė dešinėn	perbraukta rodyklė dešinėn
↜	vingiuota rodyklė kairėn	vingiuota rodyklė kairėn
↝	vingiuota rodyklė dešinėn	vingiuota rodyklė dešinėn
↞	rodyklė kairėn su dvigubu smaigaliu	rodyklė kairėn su dvigubu smaigaliu
↟	rodyklė aukštyn su dvigubu smaigaliu	rodyklė aukštyn su dvigubu smaigaliu
↠	rodyklė dešinėn su dvigubu smaigaliu	rodyklė dešinėn su dvigubu smaigaliu
↡	rodyklė žemyn su dvigubu smaigaliu	rodyklė žemyn su dvigubu smaigaliu
↢	rodyklė kairėn su uodega	rodyklė kairėn su uodega
↣	rodyklė dešinėn su uodega	rodyklė dešinėn su uodega
↤	rodyklė kairėn nuo brūkšnio	rodyklė kairėn nuo brūkšnio
↥	rodyklė aukštyn nuo brūkšnio	rodyklė aukštyn nuo brūkšnio
↦	rodyklė dešinėn nuo brūkšnio	rodyklė dešinėn nuo brūkšnio
↧	rodyklė žemyn nuo brūkšnio	rodyklė žemyn nuo brūkšnio
↨	rodyklė aukštyn ir žemyn su pagrindu	rodyklė aukštyn ir žemyn su pagrindu
↩	rodyklė į dešinę, užlenkta į kairę	lenkta rodyklė | rodyklė | rodyklė į dešinę | rodyklė į dešinę, užlenkta į kairę | užlenkta į kairę
↪	rodyklė į kairę, užlenkta į dešinę	lenkta rodyklė | rodyklė | rodyklė į kairę | rodyklė į kairę, užlenkta į dešinę | užlenkta į dešinę
↫	rodyklė kairėn su kilpa	rodyklė kairėn su kilpa
↬	rodyklė dešinėn su kilpa	rodyklė dešinėn su kilpa
↭	vingiuota rodyklė kairėn ir dešinėn	vingiuota rodyklė kairėn ir dešinėn
↮	perbraukta rodyklė kairėn ir dešinėn	perbraukta rodyklė kairėn ir dešinėn
↯	laužyta rodyklė žemyn	laužyta rodyklė žemyn
↰	rodyklė aukštyn, pasukta į kairę	pasukta į kairę | rodyklė aukštyn | rodyklė aukštyn, pasukta į kairę
↱	rodyklė aukštyn, pasukta į dešinę	pasukta į dešinę | rodyklė aukštyn | rodyklė aukštyn, pasukta į dešinę
↲	rodyklė žemyn, pasukta į kairę	pasukta į kairę | rodyklė žemyn | rodyklė žemyn, pasukta į kairę
↳	rodyklė žemyn, pasukta į dešinę	pasukta į dešinę | rodyklė žemyn | rodyklė žemyn, pasukta į dešinę
↴	kampinė rodyklė dešinėn ir žemyn	kampinė rodyklė dešinėn ir žemyn
↵	kampinė rodyklė žemyn ir kairėn	kampinė rodyklė žemyn ir kairėn
↶	pusapskritimė rodyklė su prieš laikrodžio rodyklę nukreiptu smaigaliu	pusapskritimė rodyklė su prieš laikrodžio rodyklę nukreiptu smaigaliu
↷	pusapskritimė rodyklė su laikrodžio rodyklės kryptimi nukreiptu smaigaliu	pusapskritimė rodyklė su laikrodžio rodyklės kryptimi nukreiptu smaigaliu
↸	rodyklė į šiaurės vakarus su ilgu brūkšniu	rodyklė į šiaurės vakarus su ilgu brūkšniu
↹	rodyklė kairėn su brūkšneliu virš rodyklės dešinėn su brūkšneliu	rodyklė kairėn su brūkšneliu virš rodyklės dešinėn su brūkšneliu
↺	atvira apskrita rodyklė su prieš laikrodžio rodyklę nukreiptu smaigaliu	atvira apskrita rodyklė su prieš laikrodžio rodyklę nukreiptu smaigaliu
↻	atvira apskrita rodyklė su laikrodžio rodyklės kryptimi nukreiptu smaigaliu	atvira apskrita rodyklė su laikrodžio rodyklės kryptimi nukreiptu smaigaliu
↼	kabliukinė rodyklė kairėn su užkarpa aukštyn	kabliukinė rodyklė kairėn su užkarpa aukštyn
↽	kabliukinė rodyklė kairėn su užkarpa žemyn	kabliukinė rodyklė kairėn su užkarpa žemyn
↾	kabliukinė rodyklė aukštyn su užkarpa dešinėn	kabliukinė rodyklė aukštyn su užkarpa dešinėn
↿	kabliukinė rodyklė aukštyn su užkarpa kairėn	kabliukinė rodyklė aukštyn su užkarpa kairėn
⇀	kabliukinė rodyklė dešinėn su užkarpa aukštyn	kabliukinė rodyklė dešinėn su užkarpa aukštyn
⇁	kabliukinė rodyklė dešinėn su užkarpa žemyn	kabliukinė rodyklė dešinėn su užkarpa žemyn
⇂	kabliukinė rodyklė žemyn su užkarpa dešinėn	kabliukinė rodyklė žemyn su užkarpa dešinėn
⇃	kabliukinė rodyklė žemyn su užkarpa kairėn	kabliukinė rodyklė žemyn su užkarpa kairėn
⇄	rodyklė dešinėn virš rodyklės kairėn	rodyklė dešinėn virš rodyklės kairėn
⇅	į viršų ir į apačią nukreiptos rodyklės	apačia | į viršų ir į apačią nukreiptos rodyklės | rodyklė | viršus
⇆	į kairę nukreipta rodyklė virš į dešinę nukreiptos rodyklės	dešinė | į kairę nukreipta rodyklė virš į dešinę nukreiptos rodyklės | kairė | rodyklė
⇇	suporuotos rodyklės kairėn	suporuotos rodyklės kairėn
⇈	suporuotos rodyklės aukštyn	suporuotos rodyklės aukštyn
⇉	suporuotos rodyklės dešinėn	suporuotos rodyklės dešinėn
⇊	suporuotos rodyklės žemyn	suporuotos rodyklės žemyn
⇋	kabliukinė rodyklė kairėn virš kabliukinės rodyklės dešinėn	kabliukinė rodyklė kairėn virš kabliukinės rodyklės dešinėn
⇌	kabliukinė rodyklė dešinėn virš kabliukinės rodyklės kairėn	kabliukinė rodyklė dešinėn virš kabliukinės rodyklės kairėn
⇍	dviguba perbraukta rodyklė kairėn	dviguba perbraukta rodyklė kairėn
⇎	dviguba perbraukta rodyklė kairėn ir dešinėn	dviguba perbraukta rodyklė kairėn ir dešinėn
⇏	dviguba perbraukta rodyklė dešinėn	dviguba perbraukta rodyklė dešinėn
⇐	dviguba rodyklė kairėn	dviguba rodyklė kairėn
⇑	dviguba rodyklė aukštyn	dviguba rodyklė aukštyn
⇒	dviguba rodyklė dešinėn	dviguba rodyklė dešinėn
⇓	dviguba rodyklė žemyn	dviguba rodyklė žemyn
⇔	dviguba rodyklė kairėn ir dešinėn	dviguba rodyklė kairėn ir dešinėn
⇖	dviguba rodyklė į šiaurės vakarus	dviguba rodyklė į šiaurės vakarus
⇗	dviguba rodyklė į šiaurės rytus	dviguba rodyklė į šiaurės rytus
⇘	dviguba rodyklė į pietryčius	dviguba rodyklė į pietryčius
⇙	dviguba rodyklė į pietvakarius	dviguba rodyklė į pietvakarius
⇚	triguba rodyklė kairėn	triguba rodyklė kairėn
⇛	triguba rodyklė dešinėn	triguba rodyklė dešinėn
⇜	raityta rodyklė kairėn	raityta rodyklė kairėn
⇝	raityta rodyklė dešinėn	raityta rodyklė dešinėn
⇞	dukart perbraukta rodyklė aukštyn	dukart perbraukta rodyklė aukštyn
⇟	dukart perbraukta rodyklė žemyn	dukart perbraukta rodyklė žemyn
⇠	brūkšninė rodyklė kairėn	brūkšninė rodyklė kairėn
⇡	brūkšninė rodyklė aukštyn	brūkšninė rodyklė aukštyn
⇢	brūkšninė rodyklė dešinėn	brūkšninė rodyklė dešinėn
⇣	brūkšninė rodyklė žemyn	brūkšninė rodyklė žemyn
⇤	rodyklė kairėn su brūkšneliu	rodyklė kairėn su brūkšneliu
⇥	rodyklė dešinėn su brūkšneliu	rodyklė dešinėn su brūkšneliu
⇦	tuščiavidurė rodyklė kairėn	tuščiavidurė rodyklė kairėn
⇧	tuščiavidurė rodyklė aukštyn	tuščiavidurė rodyklė aukštyn
⇨	tuščiavidurė rodyklė dešinėn	tuščiavidurė rodyklė dešinėn
⇩	tuščiavidurė rodyklė žemyn	tuščiavidurė rodyklė žemyn
⇪	tuščiavidurė rodyklė aukštyn nuo brūkšnio	tuščiavidurė rodyklė aukštyn nuo brūkšnio
⇵	rodyklė žemyn į kairę nuo rodyklės aukštyn	rodyklė žemyn į kairę nuo rodyklės aukštyn
∀	visiems	visiems
∂	dalinis diferencialas	dalinis | diferencialas
∃	egzistuoja	egzistuoja
∅	tuščia aibė	aibė | matematika | tuščia
∆	didinti	didinti | trikampis
∇	nabla	nabla | trikampis
∈	priklauso	aibė | elementas | narys | patenka į | priklauso | yra elementas
∉	ne elementas	elementas | ne elementas
∋	įeina kaip narys	įeina kaip narys
∎	galutinis įrodymas	galutinis | įrodymas
∏	n-arė sandauga	logika | n-arė | sandauga
∑	n-aris sumavimas	matematika | n-aris | sumavimas
−	minuso ženklas	atimti | minusas | minuso ženklas
∓	minusas arba pliusas	minusas | minusas arba pliusas | pliusas
∕	dalybos ženklas	dalyba | dalyti | pasvirasis brūkšnys
∗	žvaigždutės operatorius	operatorius | žvaigždutė
∘	žiedo operatorius	operatorius | sudėtis | žiedas
∙	ženklelio operatorius	operatorius | ženklelis
√	kvadratinė šaknis	kvadratinė šaknis | šaknis
∝	proporcingas	proporcingas
∞	begalybės simbolis	begalybė | begalybės simbolis
∟	statusis kampas	statusis kampas
∠	kampas	kampas
∣	dalija	dalija
∥	lygiagretus	lygiagretus
∧	loginis ir	loginis ir
∩	sankirta	aibė | sankirta
∪	sąjunga	aibė | sąjunga
∫	integralas	integralas
∬	dvigubas integralas	dvigubas integralas
∮	kontūrinis integralas	kontūrinis integralas
∴	iš to išplaukia	iš to išplaukia
∵	todėl, kad	kad | todėl | todėl, kad
∶	santykis	santykis
∷	proporcija	proporcija
∼	tildės operatorius	tildės operatorius
∽	atvirkščia tildė	atvirkščia | tildė
∾	apversta horizontali s	apversta horizontali s
≃	asimptotiškai lygu	asimptomas | asimptotiškai | lygu | matematika
≅	apytiksliai lygu	apytiksliai lygu
≈	apytiksliai	apytiksliai | panašiai
≌	lygybė	lygus | lygybė | matematika | visi
≒	apytiksliai lygu arba atvaizdas	apytiksliai lygu arba atvaizdas
≖	lygybė su žiedu	lygus | lygybė | matematika | žiedas
≠	nelygu	nelygu | skirtinga
≡	tapatu	identiška | lygu | tapatu
≣	griežtai ekvivalentu	griežtai ekvivalentu
≤	mažiau arba lygu	lygu | mažiau arba lygu | nelygu | yra lygu
≥	daugiau arba lygu	daugiau arba lygu | lygu | nelygu | yra lygu
≦	mažiau nei per lygus	mažiau nei per lygus
≧	daugiau nei per lygu	daugiau nei per lygu
≪	daug mažiau nei	daug mažiau nei
≫	daug daugiau nei	daug daugiau nei
≬	tarp	tarp
≮	ne mažiau nei	ne mažiau nei
≯	ne daugiau nei	matematika | ne daugiau nei | nelygybė
≳	daugiau nei arba ekvivalentu	daugiau nei arba ekvivalentu
≺	yra prieš	yra prieš
≻	yra po	matematika | operatorius | rinkinys | yra po
⊁	nėra po	matematika | nėra po | operatorius | rinkinys
⊂	poaibis	aibė | poaibis
⊃	superaibė	matematika | operatorius | rinkinys | superrinkinys
⊆	poaibis lygus	poaibis lygus
⊇	superaibė lygi	superaibė lygi
⊕	pliuso ženklas apskritime	pliuso ženklas apskritime
⊖	minuso ženklas apskritime	minuso ženklas apskritime
⊗	daugybos ženklas apskritime	daugybos ženklas apskritime
⊘	dalybos ženklas apskritime	apibrauktas | dalyba panašus | matematika | pasvirasis brūkšnys | skyrius
⊙	taško operatorius apskritime	taško operatorius apskritime
⊚	žiedo operatorius apskritime	žiedo operatorius apskritime
⊛	žvaigždutės operatorius apskritime	žvaigždutės operatorius apskritime
⊞	pliuso ženklas kvadrate	pliuso ženklas kvadrate
⊟	minuso ženklas kvadrate	minuso ženklas kvadrate
⊥	aukštyn	aukštyn
⊮	neverčia	neverčia
⊰	yra prieš pagal sąryšį	yra prieš pagal sąryšį
⊱	yra po pagal sąryšį	yra po pagal sąryšį
⊶	originalas	originalas
⊹	Hermito konjugacijos matrica	Hermito konjugacijos matrica
⊿	statusis trikampis	matematika | statusis trikampis | trikampis
⋁	n-aris loginis arba	n-aris loginis arba
⋂	n-arė sankirta	n-arė sankirta
⋃	n-arė sąjunga	n-arė sąjunga
⋅	taško operatorius	operatorius | taško operatorius
⋆	žvaigždės operatorius	operatorius | žvaigždės operatorius
⋈	natūralioji sąjunga	dvejetainis | natūralioji | operatorius | prisijungti | sąjunga
⋒	dviguba sankirta	dviguba sankirta
⋘	labai daug mažiau nei	labai daug mažiau nei
⋙	labai daug daugiau nei	daug | didesnis nei | labai | matematika | nelygybė
⋭	neįeina kaip normali pogrupio lygybė	grupė | kaip | lygybė | matematika | ne | normalus | pogrupis | teorija
⋮	vertikalioji elipsė	elipsė | matematika | vertikaliai
⋯	horizontalioji elipsė eilutės viduryje	elipsė | horizontalioji elipsė eilutės viduryje
⋰	įstriža elipsė aukštyn ir dešinėn	elipsė | įstriža elipsė aukštyn ir dešinėn | matematika
⋱	įstriža elipsė žemyn ir dešinėn	elipsė | įstriža elipsė žemyn ir dešinėn | matematika
⌨	klaviatūra	klaviatūra | kompiuteris | prietaisas
⏏	išmetimo mygtukas	išmesti | išmetimo mygtukas
⏭	kitas takelis	kitas takelis | kitas vaizdas | mygtukas | rodyklė | trikampis
⏮	paskutinis takelis	ankstesnis takelis | ankstesnis vaizdas | mygtukas | paskutinis takelis | rodyklė | trikampis
⏯	paleisti arba pristabdyti	dešinė | mygtukas | paleisti | paleisti arba pristabdyti | pristabdyti | rodyklė | trikampis
⏱	chronometras	chronometras | laikas | laikmatis | laikrodis
⏲	laikmatis	laikas | laikmatis | laikrodis
⏸	pristabdyti	dviguba | juosta | mygtukas | pauzė | pristabdyti | vertikali
⏹	sustabdymo mygtukas	kvadratas | mygtukas | stabdyti | sustabdymo mygtukas
⏺	įrašymo mygtukas	apskritimas | įrašas | įrašymo mygtukas | mygtukas | ratas
Ⓜ	raidė „M“	apskritimas | m | raidė „M“ | raidė „M“ apskritime
■	užpildytas kvadratas	užpildytas kvadratas
□	tuščiaviduris kvadratas	tuščiaviduris kvadratas
▢	tuščiaviduris kvadratas suapvalintais kampais	tuščiaviduris kvadratas suapvalintais kampais
▣	tuščiaviduris kvadratas su užpildytu kvadratu viduje	tuščiaviduris kvadratas su užpildytu kvadratu viduje
▤	horizontaliai užštrichuotas kvadratas	horizontaliai užštrichuotas kvadratas
▥	vertikaliai užštrichuotas kvadratas	vertikaliai užštrichuotas kvadratas
▦	statmenai kryžmai užštrichuotas kvadratas	statmenai kryžmai užštrichuotas kvadratas
▧	iš kairiojo viršutinio į apatinį dešinįjį kampą užštrichuotas kvadratas	iš kairiojo viršutinio į apatinį dešinįjį kampą užštrichuotas kvadratas
▨	iš dešiniojo viršutinio į apatinį kairįjį kampą užštrichuotas kvadratas	iš dešiniojo viršutinio į apatinį kairįjį kampą užštrichuotas kvadratas
▩	įstrižai kryžmai užštrichuotas kvadratas	įstrižai kryžmai užštrichuotas kvadratas
▪	juodas mažas kvadratas	geometrija | juodas mažas kvadratas | kvadratas
▫	baltas mažas kvadratas	baltas mažas kvadratas | geometrija | kvadratas
▬	užpildytas stačiakampis	užpildytas stačiakampis
▭	tuščiaviduris stačiakampis	tuščiaviduris stačiakampis
▮	užpildytas vertikalus stačiakampis	užpildytas vertikalus stačiakampis
▰	užpildytas gretasienis	užpildytas gretasienis
▲	pilnaviduris į viršų nukreiptas trikampis	į viršų | pilnaviduris | pilnaviduris į viršų nukreiptas trikampis | rodyklė | trikampis
△	tuščiaviduris trikampis kampu į viršų	tuščiaviduris trikampis kampu į viršų
▴	mažas užpildytas trikampis kampu į viršų	mažas užpildytas trikampis kampu į viršų
▵	mažas tuščiaviduris trikampis kampu į viršų	mažas tuščiaviduris trikampis kampu į viršų
▶	paleisti	dešinė | mygtukas | paleisti | rodyklė | trikampis
▷	tuščiaviduris trikampis kampu į dešinę	tuščiaviduris trikampis kampu į dešinę
▸	mažas užpildytas trikampis kampu į dešinę	mažas užpildytas trikampis kampu į dešinę
▹	mažas tuščiaviduris trikampis kampu į dešinę	mažas tuščiaviduris trikampis kampu į dešinę
►	užpildyta rodyklė į dešinę	užpildyta rodyklė į dešinę
▻	tuščiavidurė rodyklė į dešinę	tuščiavidurė rodyklė į dešinę
▼	pilnaviduris į apačią nukreiptas trikampis	į apačią | pilnaviduris | pilnaviduris į apačią nukreiptas trikampis | rodyklė | trikampis
▽	tuščiaviduris trikampis kampu į apačią	tuščiaviduris trikampis kampu į apačią
▾	mažas užpildytas trikampis kampu į apačią	mažas užpildytas trikampis kampu į apačią
▿	mažas tuščiaviduris trikampis kampu į apačią	mažas tuščiaviduris trikampis kampu į apačią
◀	atvirkštinė tvarka	atvirkštinė | atvirkštinė tvarka | kairė | mygtukas | rodyklė | trikampis
◁	tuščiaviduris trikampis kampu į kairę	tuščiaviduris trikampis kampu į kairę
◂	mažas užpildytas trikampis kampu į kairę	mažas užpildytas trikampis kampu į kairę
◃	mažas tuščiaviduris trikampis kampu į kairę	mažas tuščiaviduris trikampis kampu į kairę
◄	užpildyta rodyklė į kairę	užpildyta rodyklė į kairę
◅	tuščiavidurė rodyklė į kairę	tuščiavidurė rodyklė į kairę
◆	užpildytas rombas	užpildytas rombas
◇	tuščiaviduris rombas	tuščiaviduris rombas
◈	tuščiaviduris rombas su užpildytu rombu viduje	tuščiaviduris rombas su užpildytu rombu viduje
◉	tuščiaviduris apskritimas su užpildytu apskritimu viduje	tuščiaviduris apskritimas su užpildytu apskritimu viduje
◊	rombas	rombas
○	apskritimas	apskritimas | tuščiaviduris apskritimas | žiedas
◌	punktyrinis apskritimas	punktyrinis apskritimas
◍	vertikaliai užštrichuotas apskritimas	vertikaliai užštrichuotas apskritimas
◎	koncentriniai apskritimai	koncentriniai apskritimai
●	skritulys	pilnaviduris apskritimas | skritulys
◐	apskritimas užpildyta kairiąja puse	apskritimas užpildyta kairiąja puse
◑	apskritimas užpildyta dešiniąja puse	apskritimas užpildyta dešiniąja puse
◒	apskritimas užpildyta apatine puse	apskritimas užpildyta apatine puse
◓	apskritimas užpildyta viršutine puse	apskritimas užpildyta viršutine puse
◔	apskritimas užpildytu viršutiniu dešiniuoju ketvirčiu	apskritimas užpildytu viršutiniu dešiniuoju ketvirčiu
◕	apskritimas neužpildytu viršutiniu kairiuoju ketvirčiu	apskritimas neužpildytu viršutiniu kairiuoju ketvirčiu
◖	kairioji užpildyto apskritimo pusė	kairioji užpildyto apskritimo pusė
◗	dešinioji užpildyto apskritimo pusė	dešinioji užpildyto apskritimo pusė
◘	atvirkštinis ženklelis	atvirkštinis ženklelis
◙	užpildytas kvadratas su tuščiaviduriu apskritimu	užpildytas kvadratas su tuščiaviduriu apskritimu
◜	apskritimo viršutinio kairiojo kvadranto lankas	apskritimo viršutinio kairiojo kvadranto lankas
◝	apskritimo viršutinio dešiniojo kvadranto lankas	apskritimo viršutinio dešiniojo kvadranto lankas
◞	apskritimo apatinio dešiniojo kvadranto lankas	apskritimo apatinio dešiniojo kvadranto lankas
◟	apskritimo apatinio kairiojo kvadranto lankas	apskritimo apatinio kairiojo kvadranto lankas
◠	viršutinis puslankis	viršutinis puslankis
◡	apatinis puslankis	apatinis puslankis
◢	užpildytas trikampis apačioje dešinėje	užpildytas trikampis apačioje dešinėje
◣	užpildytas trikampis apačioje kairėje	užpildytas trikampis apačioje kairėje
◤	užpildytas trikampis viršuje kairėje	užpildytas trikampis viršuje kairėje
◥	užpildytas trikampis viršuje dešinėje	užpildytas trikampis viršuje dešinėje
◦	tuščiaviduris ženklelis	tuščiaviduris ženklelis
◯	didelis apskritimas	apskritimas | didelis apskritimas | didelis tuščiaviduris apskritimas | žiedas
◳	tuščiavidurio kvadrato viršutinis dešinysis kvadrantas	tuščiavidurio kvadrato viršutinis dešinysis kvadrantas
◷	tuščiaviduris apskritimas su viršutiniu dešiniuoju kvadrantu	tuščiaviduris apskritimas su viršutiniu dešiniuoju kvadrantu
◻	baltas vidutinis kvadratas	baltas vidutinis kvadratas | geometrija | kvadratas
◼	juodas vidutinis kvadratas	geometrija | juodas vidutinis kvadratas | kvadratas
◿	apskritimas apačioje dešinėje	apskritimas apačioje dešinėje
☀	saulė	kosmosas | oras | saulė | saulėta | spinduliai | šviesu
☁	debesis	debesis | oras
☂	skėtis	drabužiai | lietus | skėtis
☃	sniego senis	šaltis | sniegas | sniego senis
☄	kometa	kometa | kosmosas
☎	telefonas	telefonas
☑	balsavimo laukelis su varnele	balsavimas | balsavimo laukelis su varnele | laukelis | padaryta | pažymėti | varnelė
☘	trilapis dobilas	airių | augalas | dobilas | trilapis dobilas
☝	delnu atsukta aukštyn pirštu rodanti ranka	delnu atsukta aukštyn pirštu rodanti ranka | į viršų | indeksas | pirštas | ranka | rodyti
☠	kaukolė ir sukryžiuoti kaulai	kaukolė | kaukolė ir sukryžiuoti kaulai | mirtis | monstras | sukryžiuoti kaulai | veidas
☢	radioaktyvu	radioaktyvu | ženklas
☣	biorizika	biorizika | ženklas
☦	ortodoksų kryžius	krikščionis | kryžius | ortodoksų kryžius | religija
☪	žvaigždė ir pusmėnulis	islamas | musulmonas | religija | žvaigždė ir pusmėnulis
☮	taikos simbolis	simbolis | taika | taikos simbolis
☯	In ir Jang	in | In ir Jang | jang | religija | sunkumai | tao | taoizmas
☸	Dharmos ratas	budistas | dharma | Dharmos ratas | ratas | religija
☹	paniuręs veidas	liūdnas | paniuręs | veidas
☺	besišypsantis veidas	atsipalaidavęs | besišypsantis veidas | šypsena | šypsenėlės | veidas
♀	moteriškos lyties ženklas	moteris | moteriškos lyties ženklas
♂	vyriškos lyties ženklas	vyras | vyriškos lyties ženklas
♟	šachmatų pėstininkas	naivuolis | paaukotinas | šachmatai | šachmatų pėstininkas
♠	pikai	kortos | pikai | žaidimas
♣	kryžiai	kortos | kryžiai | žaidimas
♥	širdys	kortos | širdys | žaidimas
♦	būgnai	būgnai | būgnas | kortos | žaidimas
♨	karštosios versmės	garai | karšta | karštosios versmės | versmės
♪	aštuntinė nata	aštuntinė | muzika | nata
♭	bemolis	bemolis | muzika | nata
♯	diezas	diezas | muzika | nata
♻	perdirbimo simbolis	perdirbimo simbolis | perdirbti
♾	begalybė	amžinai | begalybė | neribotas | universalus
⚒	plaktuvas ir kirstuvas	įrankis | kirstuvas | plaktukas | plaktukas ir kirstuvas | plaktuvas ir kirstuvas
⚔	sukryžiuoti kardai	ginklai | kardai | sukryžiuoti
⚕	medicinos simbolis	asklepijas | asklepijus | medicina | medicinos simbolis | personalas
⚖	svarstyklės su lėkštėmis	įrankis | pusiausvyra | svarstyklės | svarstyklės su lėkštėmis | svoris | teisingumas | zodiakas
⚗	distiliavimo indas	chemija | distiliavimo indas | įrankis
⚙	krumpliaratis	įrankis | krumpliaratis
⚛	atomo simbolis	ateistas | atomas | atomo simbolis
⚜	lelijos simbolis	lelija | lelijos simbolis | riteriai
⚠	įspėjimas	įspėjimas
⚧	translyčių simbolis	translyčių simbolis | translytis
⚰	karstas	karstas | laidotuvės | mirtis | vampyras
⚱	laidojimo urna	laidojimo urna | laidotuvės | mirtis | urna
⛈	debesis su žaibu ir lietumi	audra | debesis | debesis su žaibu ir lietumi | lietus | oras | žaibas
⛏	kirstuvas	įrankis | kasimas | kirstuvas
⛑	šalmas su baltu kryžiumi	kepurė | kryžius | pagalba | šalmas | šalmas su baltu kryžiumi | veidas
⛓	grandinės	grandinė | grandinės
⛩	Šintoizmo šventykla	religija | šintoizmas | Šintoizmo šventykla | šventykla
⛰	kalnas	kalnas
⛱	skėtis ant žemės	lietus | saulė | skėtis | skėtis ant žemės
⛴	keltas	keleivis | keltas | valtis
⛷	slidininkas	slidės | slidinėti | slidininkas | sniegas
⛸	pačiūžos	čiuožinėti | ledas | pačiūžos
⛹	žmogus su kamuoliu	atletas | baudos metimas | čempionatas | kamuolys | krepšininkas | krepšinis | krepšys | sportas | varytis kamuolį | vyras | žmogus su kamuoliu
✂	žirklės	įrankis | žirklės
✈	lėktuvas	kelionė | lėktuvas | skyrdis
✉	vokas	el. laiškas | el. paštas | laiškas | paštas | vokas
✌	pergalės ženklą rodanti ranka	pergalė | pergalės ženklą rodanti ranka | ranka | v
✍	rašanti ranka	ranka | rašanti ranka | rašyti
✏	pieštukas	pieštukas
✒	juoda plunksna	juoda plunksna | rašiklis | smaigalys
✔	paryškinta varnelė	paryškinta varnelė | varnelė | žymė
✖	paryškintas daugybos ženklas	atšaukti | dauginti | daugyba | paryškintas daugybos ženklas | x
✝	Romos katalikų kryžius	krikščionis | kryžius | religija | Romos katalikų kryžius
✡	Dovydo žvaigždė	Dovydas | Dovydo žvaigždė | religija | žvaigždė | žydas | žydų
✳	aštuoniakampė žvaigždutė	aštuoniakampė žvaigždutė | žvaigždutė
✴	aštuoniakampė žvaigždė	aštuoniakampė žvaigždė | žvaigždė
❄	snaigė	oras | šaltis | snaigė | sniegas
❇	kibirkštėlė	kibirkštėlė | kibirkštis
❣	storas širdelės formos šauktukas	šauktukas | širdelė | širdis | skyryba | storas širdelės formos šauktukas | ženklas
❤	raudona širdelė	raudona | širdelė | širdis
➡	rodyklė į dešinę	koordinatė | kryptis | rodyklė | rodyklė į dešinę | rytai
⤴	rodyklė į dešinę, užlenkta į viršų	į viršų | lenkta rodyklė į viršų | rodyklė | rodyklė į dešinę | rodyklė į dešinę, užlenkta į viršų | užlenkta į viršų
⤵	rodyklė į dešinę, užlenkta į apačią	į apačią | lenkta rodyklė į apačią | rodyklė | rodyklė į dešinę | rodyklė į dešinę, užlenkta į apačią | užlenkta į apačią
⨧	plius apatinio indekso du	plius apatinio indekso du
⨯	vektorinė sandauga	vektorinė sandauga
⨼	vidinė sandauga	vidinė sandauga
⩣	dukart pabrauktas loginis arba	dukart pabrauktas loginis arba
⩽	pasvirasis mažiau arba lygu	pasvirasis mažiau arba lygu
⪍	mažiau nei virš panašiai lygu	mažiau nei virš panašiai lygu
⪚	daugiau su dviguba linija	didesnis nei | dviguba eilutė | lygus | matematika | nelygybė
⪺	eina po virš ne beveik lygu	eina po virš ne beveik lygu
⬅	rodyklė į kairę	koordinatė | kryptis | rodyklė | rodyklė į kairę | vakarai
⬆	rodyklė į viršų	koordinatė | kryptis | rodyklė | rodyklė į viršų | šiaurė
⬇	rodyklė į apačią	į apačią | koordinatė | kryptis | pietūs | rodyklė | rodyklė į apačią
、	ideografinis kablelis	ideografinis | kablelis
。	ideografinis taškas	ideografinis | sakinio pabaigos ženklas | taškas
〈	atidaromasis kampinis skliaustas	atidaromasis | atidaromasis kampinis skliaustas | deimanto formos skliaustas | kampinis skliaustas
〉	uždaromasis kampinis skliaustas	deimanto formos skliaustas | kampinis skliaustas | uždaromasis | uždaromasis kampinis skliaustas
《	atidaromasis dvigubas kampinis skliaustas	atidaromasis dvigubas kampinis skliaustas | dvigubas kampinis skliaustas | skliaustas
》	uždaromasis dvigubas kampinis skliaustas	dvigubas kampinis skliaustas | skliaustas | uždaromasis dvigubas kampinis skliaustas
「	atidaromasis pusinio kampo skliaustas	atidaromasis pusinio kampo skliaustas | skliaustas
」	uždaromasis pusinio kampo skliaustas	skliaustas | uždaromasis pusinio kampo skliaustas
『	atidaromasis tuščiavidurio pusinio kampo skliaustas	atidaromasis tuščiavidurio pusinio kampo skliaustas | skliaustas
』	uždaromasis tuščiavidurio pusinio kampo skliaustas	skliaustas | uždaromasis tuščiavidurio pusinio kampo skliaustas
【	atidaromasis juodo lęšio formos skliaustas	atidaromasis juodo lęšio formos skliaustas | juodo lęšio formos skliaustas | lęšio formos skliaustas | skliaustas
】	uždaromasis juodo lęšio formos skliaustas	juodo lęšio formos skliaustas | lęšio formos skliaustas | skliaustas | uždaromasis juodo lęšio formos skliaustas
〔	atidaromasis vėžlio kiauto formos skliaustas	atidaromasis | atidaromasis vėžlio kiauto formos skliaustas | skliaustas | vėžlio kiauto formos skliaustas
〕	uždaromasis vėžlio kiauto formos skliaustas	skliaustas | uždaromasis | uždaromasis vėžlio kiauto formos skliaustas | vėžlio kiauto formos skliaustas
〖	atidaromasis tuščiaviduris lęšio formos skliaustas	atidaromasis tuščiaviduris lęšio formos skliaustas | skliaustas | tuščiaviduris | tuščiaviduris lęšio formos
〗	uždaromasis tuščiaviduris lęšio formos skliaustas	skliaustas | tuščiaviduris | tuščiaviduris lęšio formos | uždaromasis tuščiaviduris lęšio formos skliaustas
〰	vingiuotas brūkšnys	brūkšnys | skyryba | vingiuotas
〽	dalių apkeitimo ženklas	dalis | dalių apkeitimo ženklas | žymė
・	katakana vidurinis taškas	katakana | katakana vidurinis taškas | taškai | vidurinis | vidurinis taškas
㊗	pasveikinimą reiškiantis hieroglifas	hieroglifas | japonų | pasveikinimą reiškiantis hieroglifas | sveikinimas
㊙	paslaptį reiškiantis hieroglifas	hieroglifas | japonų | paslaptį reiškiantis hieroglifas | paslaptis
﷼	rialas	rialas
🅰	mygtukas „A“ (raudona)	a | kraujo grupė | mygtukas | mygtukas „A“ (raudona) | raudona
🅱	mygtukas „B“ (raudona)	b | kraujo grupė | mygtukas „B“ (raudona) | raudona
🅾	simbolis „O“ (raudona)	mygtukas | mygtukas „O“ (raudona) | o | raudona | simbolis „O“ (raudona)
🅿	simbolis „P“	automobilių stovėjimas | mygtukas | mygtukas „P“ | simbolis „P“
🈂	paslaugos mokestį reiškiantis hieroglifas	hieroglifas | japonų | mygtukas | paslaugos mokestį reiškiantis hieroglifas | paslaugos mokestis
🈷	mėnesio sumą reiškiantis hieroglifas	hieroglifas | japonų | mėnesio suma | mėnesio sumą reiškiantis hieroglifas
🌡	termometras	oras | termometras
🌤	saulė už nedidelio debesies	debesis | oras | saulė | saulė už nedidelio debesies
🌥	saulė už didelio debesies	debesis | oras | saulė | saulė už didelio debesies
🌦	saulė už debesies, iš kurio lyja	debesis | iš kurio lyja | lietus | oras | saulė | saulė už debesies | saulė už debesies, iš kurio lyja
🌧	debesis, iš kurio lyja	debesis | debesis, iš kurio lyja | iš kurio lyja | lietus | oras
🌨	debesis, iš kurio sninga	debesis | debesis, iš kurio sninga | iš kurio sninga | oras | šaltis | sniegas
🌩	debesis su žaibu	debesis | debesis su žaibu | oras | žaibas
🌪	tornadas	debesis | oras | sūkurys | tornadas
🌫	ūkana	debesis | oras | rūkas | ūkana
🌬	vėjo veidas	debesis | pūsti | veidas | vėjas | vėjo veidas
🌶	aštrusis pipiras	aštrus | aštrusis pipiras | maistas | pipiras
🍽	šakutė ir peilis su lėkšte	įrankiai | lėkštė | maisto gaminimas | peilis | šakutė | šakutė ir peilis su lėkšte
🎖	kariuomenės medalis	kariuomenė | kariuomenės medalis | medalis | šventė
🎗	atminimo kaspinas	atminimo kaspinas | kaspinas | priminimas | šventė
🎙	studijos mikrofonas	mikrofonas | muzika | studija | studijos mikrofonas
🎚	lygio slankiklis	lygio slankiklis | lygis | muzika | slankiklis
🎛	valdymo rankenos	muzika | rankenėlės | rankenos | valdymas | valdymo pultas | valdymo rankenos
🎞	filmo kadrai	filmas | filmo kadrai | juosta | kadrai | kinas
🎟	įėjimo bilietai	bilietas | įėjimas | įėjimo bilietai
🏋	svorių kilnotojas	kilnotojas | pakėlimas | sportas | štanga | svoris | svorių kilnotojas | treniruotė
🏌	golfo žaidėjas	golfas | golfo žaidėjas | kamuoliukas | lygiosios | patarnaujantysis | varyti kamuoliuką į duobutę | žaisti golfą | žalia
🏍	motociklas	lenktynės | motociklas
🏎	lenktyninis automobilis	automobilis | lenktynės | lenktyninis automobilis
🏔	kalnas su snieguota viršūne	kalnas | kalnas su snieguota viršūne | šaltis | sniegas
🏕	stovyklavimas	stovyklavimas
🏖	paplūdimys ir skėtis	paplūdimys | paplūdimys ir skėtis | skėtis
🏗	pastato konstrukcija	klasikinis | kranas | pastato konstrukcija | statybos
🏘	namai	namai
🏙	miesto vaizdas	miestas | miesto vaizdas
🏚	apleistas pastatas	apleistas | apleistas pastatas | namai | namas
🏛	klasikinis pastatas	klasikinis | pastatas
🏜	dykuma	dykuma
🏝	atoki sala	atoki sala | dykuma | sala
🏞	nacionalinis parkas	nacionalinis parkas | parkas
🏟	stadionas	stadionas
🏳	balta vėliava	balta vėliava | mojavimas | mojuoti | vėliava
🏵	rozetė	augalas | gėlė | rozetė | žiedas
🏷	etiketė	etiketė
🐿	voverė	burundukas | gyvūnas | voverė
👁	akis	akis | kūnas
📽	filmų projektorius	filmas | filmų projektorius | kinas | projektorius | vaizdo įrašas
🕉	Om	hindu | Om | religija
🕊	balandis	balandis | gyvūnas | paukštis | skristi | taika
🕯	žvakė	šviesa | žvakė
🕰	virš židinio laikomas laikrodis	laikas | laikrodis | virš židinio laikomas laikrodis
🕳	duobė	duobė
🕴	į orą kylantis vyras su kostiumu	į orą kylantis vyras su kostiumu | kostiumas | sklandantis vyras su kostiumu | verslas | vyras
🕵	detektyvas	detektyvas | šnipas | vyras
🕶	akiniai nuo saulės	akiniai | akiniai nuo saulės | akys | drabužiai | tamsūs
🕷	voras	gyvūnas | vabzdys | voras
🕸	voratinklis	tinklas | voras | voratinklis
🕹	valdymo svirtis	vaizdo žaidimas | valdymo svirtis | žaidimas
🖇	sukabintos sąvaržėlės	sąvaržėlė | sujungimas | sukabintos sąvaržėlės
🖊	rašiklis	rašiklis | tušinukas
🖋	automatinis plunksnakotis	automatinis plunksnakotis | plunksnakotis | rašiklis
🖌	teptukas	tapymas | teptukas
🖍	kreidelė	kreidelė
🖐	iškelta ranka su išskėstais pirštais	iškelta ranka su išskėstais pirštais | išskėsta | pirštas | ranka | stop
🖥	stalinis kompiuteris	kompiuteris | stalinis
🖨	spausdintuvas	kompiuteris | spausdintuvas
🖱	kompiuterio pelė	kompiuterio pelė | kompiuteris | pelė | prietaisas
🖲	rutulinis manipuliatorius	kompiuteris | prietaisas | rutulinis manipuliatorius
🖼	rėmas su paveikslu	menas | muziejus | paveikslas | piešinys | rėmas | rėmas su paveikslu
🗂	kortelių laikiklio skirtukai	indeksas | kortelė | kortelių laikiklio skirtukai | skirtukai
🗃	kortelių saugojimo dėžė	dėžė | failas | kortelė | kortelių saugojimo dėžė
🗄	bylų spintelė su stalčiais	bylų spintelė su stalčiais | failas | failų spintelė su stalčiais | spintelė
🗑	šiukšliadėžė	šiukšliadėžė
🗒	užrašinė su spirale	spiralė | užrašas | užrašinė | užrašinė su spirale
🗓	kalendorius su spirale	data | kalendorius | kalendorius su spirale | spiralė | užrašinė
🗜	suspaudimas	įrankis | spaustuvai | suspaudimas
🗝	senas raktas	raktas | sena | senas raktas | spyna
🗞	susuktas laikraštis	laikraštis | naujienos | popierius | susuktas
🗡	durklas	durklas | ginklas | peilis
🗣	kalbanti galva	galva | kalbanti galva | kalbėjimas | kalbėti | siluetas | veidas
🗨	kairysis kalbos debesėlis	dialogas | kairysis kalbos debesėlis | kalba
🗯	dešinysis pykčio debesėlis	balionas | debesėlis | dešinysis pykčio debesėlis | įsiutęs | piktas
🗳	balsavimo dėžutė su balsavimo biuleteniu	balsavimas | balsavimo dėžutė | balsavimo dėžutė su balsavimo biuleteniu | dėžutė
🗺	pasaulio žemėlapis	pasaulio žemėlapis | pasaulis | žemėlapis
🛋	sofa ir lempa	lempa | sofa | sofa ir lempa | viešbutis
🛍	pirkinių krepšeliai	apsipirkimas | krepšys | pirkinių krepšeliai | viešbutis
🛎	skambutis	skambinti | skambutis | viešbutis
🛏	lova	lova | miegoti | viešbutis
🛠	plaktukas ir veržliaraktis	įrankis | plaktukas | plaktukas ir veržliaraktis | veržliaraktis
🛡	skydas	ginklas | skydas
🛢	degalų statinė	degalai | degalų statinė | statinė
🛣	greitkelis	greitkelis | kelias
🛤	geležinkelio bėgiai	geležinkelio bėgiai | geležinkelis | traukinys
🛥	motorinė valtis	motorinė valtis | valtis
🛩	mažas lėktuvas	kelionė | lėktuvas | mažas lėktuvas
🛰	palydovas	kosmosas | palydovas
🛳	keleivinis laivas	keleivinis laivas | keleivis | laivas
