# CLDR symbol names for ps: symbol, tts name, keywords
# cldr-version	48
# source	https://unicode.org/Public/cldr/48/cldr-common-48.zip
# sha256	06c7c698d6fd8d67cefac15a0206b0109b00e0ef1636f86f84449fa959561f74
# icu-version	78.3
# unicode-version	17.0
# Generated by tools/cldr_symbol_names.py; do not edit.
!	ویلو نښه	بنګ | ویاړ | ویاړ ټکی | ویلو نښه
#	هوسۍنښه	پونډ | شمېره | نښه | هېش | هېش ټګ
$	ډالر	USD | پیسو | پیسې | ډالر
%	سلنه	سلنه
&	امپرسنده	امپرسند | امپرسنده | او | نور
'	ټايپ رېټر اسټروپروف	ټايپ رېټر اسټروپروف | حواله | د اسټروپروف | سمارټ حواله | یوه حواله
)	نږدې قوسونه	تړل | قوس | قوسونه | ګرد
*	سټریک	ځنګلي کارت | ستوری | سټریک
+	جمع نښه	جمع | نښه
,	کوما	، | کوما
-	هایفن منفي	ډش | منفي | هایفن
.	موده	بشپړ درول | دوره | ډوټ | موده
/	سلیش	جامد | ريونده | سلیش | وهل | ویرجول
:	کولون	کولون
;	نیمه کولون	نیمه کولون
<	لږ - څخه	ټاګ | خلاص ټاګ | لږ - څخه
=	مساوي	مساوي
>	لوی - څخه	ټاګ | لوی - څخه | نږدې نښه
?	پوښتنې نښه	پوښتنې | پوښتنې نښه
@	په نښه	اروبا | اروبیس | امپرات | په نښه | سټودیل | سوداګري په
[	مربع قوس خلاص	خلاص | قوس | کروټچټ | مربع
\	شالید	پرځای جامع | شالید | وډ
]	مربع قوس بند	کروک | لیندۍ | مربع قوس | مربع قوس بند
^	محور تلفظ	پخه | تلفظتلفظ | خولۍ | ځواک | شیورون | کنټرول | کیټ | محور | محور تلفظ | نښې | نښې نښه
_	ټیټه کرښه	تر خط لاندې | ټیټ پوټکی | ټیټه کرښه | ډش | زیرکی | کرښه
`	جدي تلفظ	تلفظ | جدي | لهجه
{	خلاص تاو قوس	خلاص تاو قوس | قوس | کوږ تړلی وزر | کوږ قوس | کوسه | ګولینګ
|	عمودي ليکه	بار | پایپ | پایک | سټروک | شیفر | عمودی | کرښه | لرګی | وی بار
}	تړل کوږ تړنه	تړل کوږ تړنه | کوږ تړلی کرکیټ | کوسه | ګرګوتي | ګولینګ
~	ټیلډ	ټیلډ
¡	بدل شوی ویلو نښه	بدل شوی | بدل شوی ویلو نښه | بنګ | ویاړ | ویلو ټکی | ویلو نښه
¢	سینټ	سینټ
£	پونډ	اسعار | بریتاني پونډ | پونډ | مصري پونډ
¤	نامعلومه مروجه پېسې	
¥	ین	اسعار | جاپاني ین | چینايی ین | چینایي ین | ین
§	برخه	برخه | پاراګراف | سلکرو
¨	دیارزیس	املت | ترمه | دیارزیس
©	د چاپ حق	د چاپ حق | سي
«	کيڼ وینالېږد نښه	اخيستنښه | زاویه | ښی وینالېږد نښه | قوسونه | کيڼ وینالېږد نښه | کیڼ | کیڼحولی | هشتکونه
¬	نفي	نفي | نه
®	راجستر شوی	آر | راجستر شوی
°	درجه	ثبوت | درجه | ساعت
±	جمع منفي	جمع منفي
²	بالانوشت دوه	بالانوشت | څلوریځ | دوه
³	بالانوشت دری	بالانوشت | دری | درییځ
´	حاد تلفظ	تلفظ | حاد | لهجه
µ	مائیکرو نښه	پیمائش | مائیکرو نښه
¶	پاراګراف نښه	ایلینا | پارا | پاراګراف | پاراګراف نښه | پیلوټ
·	مینځني ټکي	ټکي | درونی | منځوني | مینځني ټکي
¹	یو بالانوشت	بالانوشت | یو
»	ښی وینالېږد نښه	اخيستنښه | زاویه | ښی | ښی وینالېږد نښه | قوسونه | کیڼحولی | هشتکونه
¿	بدل شوی پوښتنې نښه	بدل شوی | بدل شوی پوښتنې نښه | پوښتنې | پوښتنې نښه
×	ضرب نښه	ځله | ضرب | ضرب نښه | ضرب ورکول | ضرف نښه
÷	وېش نښه	ویش نښه | وېش | وېش کول | وېش نښه
֏	ارمينيايي ډرام	
؋	افغانۍ	
،	عربي کوما	عربي | کوما
؛	عربي نیمه کولون	عربي | عربي نیمه کولون | نیم کولون
؟	عربي پوښتنې نښه	پوښتنې | پوښتنې نښه | عربي | عربي پوښتنې نښه
৳	بنګالۍ ټاکه	
฿	تهايي بات	
៛	کمبوډي ريل	
‐	هایفن	ډش | هایفن
–	پای کرښک	پای | کرښک
—	اوږده کرښک	اوږده | کرښک
―	افقي پټه	افقي پټه | بار | ډش | ليکه
‘	چپ اسټروپروف	اسټروپروف | چپ اسټروپروف | حواله | هوښیاري رایی | یوه برخه
’	ښیې ایسستروف	حواله | د اسټروپروف | سمارټ حواله | ښیې ایسستروف | یوه حواله
‚	ټیټ ښی اسټروپروف	اسټروپروف | ټیټ حواله | ټیټ ښی اسټروپروف | حواله
“	چپ وینالېږد نښه	چپ وینالېږد نښه | حواله | دوه حواله | سمارټ وینالېږد | وینالېږد
”	ښیې وینالېږد نښه	حواله | دوه حواله | سمارټ وینالېږد | ښیې وینالېږد نښه | وینالېږد
„	ټیټې ښیې وینالېږد نښه	ټیټه وینالېږد | ټیټې ښیې وینالېږد نښه | حواله | دوه حواله | سمارټ وینالېږد
†	د خنجر نښه	اوبلیسک | اوبلیوس | خنجر | نښه
‡	دوګني ویش نښه	دوګني ویش نښه | ډیګر | ویش نښه
•	ګلوله	ټکي | ګلوله
…	بیضوی	بیضوی | غلا کول | نقطې
‧	لوړ ټکی	ټکی | ډش | لوړ ټکی | هایفن
‰	پرامیل	پر میل | پرامیل | پرمیل
′	لومړی	لومړی
″	دوه ګونی لومړی	دوه ګونی لومړی | لومړی
‴	درې ګونی لومړی	درې ګونی لومړی | لومړی
‸	کیرټ	کیرټ
※	حواله نښه	حواله نښه
‼	غبرګې ندا نښې	! | !! | بينګ بينګ | غبرګ | غبرګې ندا نښې | ندا | نښه | وقفه
‽	سوالګر	پوښتنې نښه | د حیرانتیا نښه او د پوښتنې نښه ترکیب | سوالګر
‾	پرلیکه	پر لیکه | پرلیکه | کرښمن | وینکولم
⁂	ستوریزم	ډینکوس | ستوري | ستوریزم
⁄	د کسر رېوند	د کسر رېوند | ضربه | کامه
⁉	ندا پوښتنښه	! | !? | ? | انټروبينګ | پوښتنه | ندا | ندا پوښتنښه | نښه | وقفه
⁻	بالانوشت منفي	بالانوشت | منفي
₡	کوسټا ريکن کولون	
₢	کرزیرو	اسعار | بي آر بي | کروز
₣	فرانسوي فرانک	اسعار | فرانسوي فرانک | فرانک
₤	لیرا	اسعار | لیرا
₥	ملی	ملی
₦	نايجيري نايرا	
₨	روپۍ	اسعار | روپۍ
₩	وګټله	KPW | KRW | وګټله
₪	اسرايلي نيو شيکل	
₫	ويتنامي ډونګ	
€	یورو	اسعار | یورو
₭	لاشې کپ	
₮	منګوليايي توګريک	
₰	الماني سکه	اسعارو | الماني سکه | پیفیننګ
₱	پیسې	پیسې
₲	پيراګوين ګوراني	
₳	استریل	ARA | استریل | اسعار
₴	اوکرايني هريونيا	
₵	ګانين سيډي	
₶	لیوری ټونوا	اسعار | لیوری ټونوا
₷	سپسمیلو	اسعار | سپسمیلو
₸	قازقستاني ټينج	
₹	هندي روپۍ	اسعار | روپئ | هندي روپئ | هندي روپۍ
₺	ترکي ليرا	
₼	آزربايجاني منت	
₽	روبل	اسعار | روبل
₾	جارجیاېي لارې	
₿	بټ سکه	BTC | بټ سکه
℗	د غږ ثبتولو نسخه حقوق	ثبتول | د غږ ثبتولو نسخه حقوق | د نسخه حق | غږ
™	تجارتي نښان	تجارتي نښان | تجارتي نښه | ټي ايم | نښه
ℹ	معلومات	معلومات
←	کي-- ښکارونکی غشی	غشی | کي- ښکارونکی غشی | کي-- ښکارونکی غشی | کيڼ
↑	غځېدونکې غشی	بره | غځېدونکې غشی | غشی
→	ښي - ښکارونکی غشی	ښي - ښکارونکی غشی | ښۍ | غشی
↓	ښکته-ښکارونکی غشی	ښکته | ښکته-ښکارونکی غشی | غشی
↔	ښۍ چپ غشی	ښۍ چپ غشی | غشی
↕	پورته ښکته غشی	پورته ښکته غشی | غشی
↖	پورته چپ غشی	اړخ | انټر کارډينل | پورته چپ غشی | سويلي ختيځ | غشی
↗	پورته ښي غشی	اړخ | انتر کارډينل | پورته ښي غشی | شمال ختيځ | غشی
↘	ښکته ښي غشی	اړخ | انټر کارډينل | سويلي ختيځ | ښکته ښي غشی | ښۍ ښکته غشی | غشی
↙	ښکته چپ اړخ ته غشی	اړخ | انټر کارډينل | چپ ښکته غشی | سويلي ختيځ | ښکته چپ اړخ ته غشی | غشی
↚	کیڼ اړخ ته د تیر ضربه	کیڼ اړخ ته د تیر ضربه
↛	ښي خوا ته د تیر ضربه	ښي خوا ته د تیر ضربه
↜	کیڼ خوا ته څپې تیر	کیڼ خوا ته څپې تیر
↝	ښي خوا ته د څپې تیر	ښي خوا ته د څپې تیر
↞	کیڼ اړخ ته دوه سرې تیر	کیڼ اړخ ته دوه سرې تیر
↟	پورته خوا دوه سرې تیر	پورته خوا دوه سرې تیر
↠	ښي خوا ته دوه سرې تیر	ښي خوا ته دوه سرې تیر
↡	لاندې خوا ته دوه سرې تیر	لاندې خوا ته دوه سرې تیر
↢	کیڼ خوا ته د تیر لکۍ	کیڼ خوا ته د تیر لکۍ
↣	ښي خوا ته د تیر لکۍ	ښي خوا ته د تیر لکۍ
↤	د بار څخه کیڼ خوا ته تیر	د بار څخه کیڼ خوا ته تیر
↥	د بار څخه پورته خوا ته تیر	د بار څخه پورته خوا ته تیر
↦	د بار څخه ښي خوا ته تیر	د بار څخه ښي خوا ته تیر
↧	د بار څخه ښکته خوا ته تیر	د بار څخه ښکته خوا ته تیر
↨	د اساس سره پورته ښکته تیر	د اساس سره پورته ښکته تیر
↩	ښۍ غشی چپ اړخ ته کوږ	ښۍ غشی چپ اړخ ته کوږ | غشی
↪	چپ غشی ښۍ اړخ ته کوږ	چپ غشی ښۍ اړخ ته کوږ | غشی
↫	کیڼ خوا ته د تیر کړۍ	کیڼ خوا ته د تیر کړۍ
↬	ښي خوا ته د تیر کړۍ	ښي خوا ته د تیر کړۍ
↭	کیڼ ښي څپې تیر	کیڼ ښي څپې تیر
↮	کیڼ ښي تیر ضربه	کیڼ ښي تیر ضربه
↯	ښکته خوا ته کوږ وږ تیر	ښکته خوا ته کوږ وږ تیر
↰	پورته تیر څوکه کیڼ لور ته	پورته تیر څوکه کیڼ لور ته
↱	پورته خوا ته تیر څوکه ښی لور ته	پورته خوا ته تیر څوکه ښی لور ته
↲	ښکته خوا ته د تیر څوکه کیڼ لور ته	ښکته خوا ته د تیر څوکه کیڼ لور ته
↳	ښکته خوا ته د تیر څوکه ښی لور ته	ښکته خوا ته د تیر څوکه ښی لور ته
↴	ښي لور ته د تیر کونج ښکته خوا ته	ښي لور ته د تیر کونج ښکته خوا ته
↵	ښکته خوا ته د تیر کونج کیڼ لور ته	ښکته خوا ته د تیر کونج کیڼ لور ته
↶	د ساعت ضد پورتنۍ نیمی دایرې تیر	د ساعت ضد پورتنۍ نیمی دایرې تیر
↷	د ساعت په لور پورتنۍ نیمی دایرې تیر	د ساعت په لور پورتنۍ نیمی دایرې تیر
↸	شمال لویدیځ تیر اوږد بار	شمال لویدیځ تیر اوږد بار
↹	کیڼ لور ته په ښي لور د تیر بارونو باندې	بار | تیر | ښي لور ته | کیڼ لور ته | کیڼ لور ته په ښي لور د تیر بارونو باندې
↺	د ساعت ضد خلاص دایرې تیر	د ساعت ضد خلاص دایرې تیر
↻	د ساعت په لور خلاص دایرې تیر	د ساعت په لور خلاص دایرې تیر
↼	کیڼ لور ته د ازغنې نیزې خنډ پورته خوا ته	خنډ | کیڼ لور ته د ازغنې نیزې خنډ پورته خوا ته
↽	کیڼ لور ته د ازغنې نیزې خنډ ښکته خوا ته	کیڼ لور ته د ازغنې نیزې خنډ ښکته خوا ته
↾	پورته لور ته د ازغنې نیزې خنډ ښکته خوا ته	پورته خوا ته د ازغنې نیزې خنډ ښي لور ته | پورته لور ته د ازغنې نیزې خنډ ښکته خوا ته | خنډ
↿	پورته خوا ته د ازغنې نیزې خنډ کیڼ لور ته	پورته خوا ته د ازغنې نیزې خنډ کیڼ لور ته | خنډ
⇀	ښي لور ته د ازغنې نیزې خنډ پورته خوا ته	خنډ | ښي لور ته د ازغنې نیزې خنډ پورته خوا ته
⇁	ښي لور ته د ازغنې نیزې خنډ ښکته خوا ته	خنډ | ښي لور ته د ازغنې نیزې خنډ ښکته خوا ته
⇂	ښکته خوا ته د ازغنې نیزې خنډ ښي لور ته	خنډ | ښکته خوا ته د ازغنې نیزې خنډ ښي لور ته
⇃	ښکته خوا ته د ازغنې نیزې خنډ کیڼ لور ته	خنډ | ښکته خوا ته د ازغنې نیزې خنډ کیڼ لور ته
⇄	د کیڼ لور په تیر باندې د ښي لور تیر	د کیڼ لور په تیر باندې د ښي لور تیر
⇅	بره-ښیې او ښکته-ښیې غشی	بره | بره-ښیې او ښکته-ښیې غشی | ښکته | غشی
⇆	کيڼ اشاره باندې ښي اشاره غشي	ښي | غشی | کيڼ | کيڼ اشاره باندې ښي اشاره غشي
⇇	کیڼ لور ته جوړه شوي تیرونه	کیڼ لور ته جوړه شوي تیرونه
⇈	پورته لور ته جوړه شوي تیرونه	پورته لور ته جوړه شوي تیرونه
⇉	ښي لور ته جوړه شوي تیرونه	ښي لور ته جوړه شوي تیرونه
⇊	ښکته لور ته جوړه شوي تیرونه	ښکته لور ته جوړه شوي تیرونه
⇋	د ښي لور ازغنې نیزې باندې د کیڼ لور ازغنه نیزه	د ښي لور ازغنې نیزې باندې د کیڼ لور ازغنه نیزه
⇌	د کیڼ لور ازغنې نیزې باندې د ښي لور ازغنه نیزه	د کیڼ لور ازغنې نیزې باندې د ښي لور ازغنه نیزه
⇍	کیڼ لور ته دوه ګونی تیر ضربه	کیڼ لور ته دوه ګونی تیر ضربه
⇎	کیڼ ښې دوه ګونی تیر ضربه	کیڼ ښې دوه ګونی تیر ضربه
⇏	ښي لور ته دوه ګونی تیر ضربه	ښي لور ته دوه ګونی تیر ضربه
⇐	کیڼ لور ته دوه ګونی تیر	کیڼ لور ته دوه ګونی تیر
⇑	پورته لور ته دوه ګونی تیر	پورته لور ته دوه ګونی تیر
⇒	ښي لور ته دوه ګونی تیر	ښي لور ته دوه ګونی تیر
⇓	ښکته لور ته دوه ګونی تیر	ښکته لور ته دوه ګونی تیر
⇔	کیڼ ښې دوه ګونی تیر	کیڼ ښې دوه ګونی تیر
⇖	شمال لویدیځ دوه ګونی تیر	شمال لویدیځ دوه ګونی تیر
⇗	شمال ختیځ دوه ګونی تیر	شمال ختیځ دوه ګونی تیر
⇘	سویل ختیځ دوه ګونی تیر	سویل ختیځ دوه ګونی تیر
⇙	سویل لویدیځ دوه ګونی تیر	سویل لویدیځ دوه ګونی تیر
⇚	کیڼ لور ته درې ګونی تیر	کیڼ لور ته درې ګونی تیر
⇛	ښي لور ته درې ګونی تیر	ښي لور ته درې ګونی تیر
⇜	کیڼ لور ته څپانده تیر	کیڼ لور ته څپانده تیر
⇝	ښي لور ته څپانده تیر	ښي لور ته څپانده تیر
⇞	پورته لور ته د تیر دوه ګونی ضربه	پورته لور ته د تیر دوه ګونی ضربه
⇟	ښکته لور ته د تیر دوه ګونی ضربه	ښکته لور ته د تیر دوه ګونی ضربه
⇠	کیڼ لور ته کرښک شوی تیر	کیڼ لور ته کرښک شوی تیر
⇡	پورته لور ته کرښک شوی تیر	پورته لور ته کرښک شوی تیر
⇢	ښي لور ته کرښک شوی تیر	ښي لور ته کرښک شوی تیر
⇣	ښکته لور ته کرښک شوی تیر	ښکته لور ته کرښک شوی تیر
⇤	کیڼ لور ته د تیر بار	کیڼ لور ته د تیر بار
⇥	ښي لور ته د تیر بار	ښي لور ته د تیر بار
⇦	کیڼ لور ته ډډ تیر	کیڼ لور ته ډډ تیر
⇧	پورته لور ته ډډ تیر	پورته لور ته ډډ تیر
⇨	ښی لور ته ډډ تیر	ښی لور ته ډډ تیر
⇩	ښکته لور ته ډډ تیر	ښکته لور ته ډډ تیر
⇪	د بار څخه پورته لور ته ډډ تیر	د بار څخه پورته لور ته ډډ تیر
⇵	ښکته لور ته تیر کیڼ لور ته پورته لور ته تیر	ښکته لور ته تیر کیڼ لور ته پورته لور ته تیر
∀	د ټولو لپاره	ټول | د ټولو لپاره | نړیوال | هر | ورکړل شوی
∂	جزوی توپیر	توپیر | جزوی توپیر
∃	شتون لري	شتون لري
∅	خالي سیټ	خالي سیټ | د سیټ چلوونکی
∆	اضافه	اضافه | مثلث
∇	نسکوره دریڅنډي	دریڅنډي | نسکوره دریڅنډي
∈	د عنصر	څخه عنصر | د عنصر | شامل لري | عنصر | غړیتوب | مجموعه
∉	هیڅ یو عنصر نشته	عنصر | هیڅ عنصر نشته | هیڅ یو عنصر نشته
∋	د غړی په توګه لري	د غړی په توګه لري | عنصر
∎	پای ثبوت	q.e.d. | پای ثبوت | حلموس | د قبر ډبره | قید
∏	n-ary محصول	n-ary محصول | محصول | منطق
∑	n-ary مجموعه	n-ary مجموعه | ریاضي | مجموعه
−	منفي نښه	ماتول | منفي | منفي نښه
∓	منفي یا جمع	جمع - منفي | منفي یا جمع
∕	د تقسیم رېوند	تقسیم رېوند | د تقسیم رېوند | رېوند | ضربه | کامه
∗	ستورګى چلونکی	ستورګى چلونکی | ستوری
∘	حلقې چلونکی	ترکیب | چلونکی | حلقې چلونکی
∙	ګولۍ چلونکی	چلونکی | د ګولۍ چلونکی | ګولۍ چلونکی
√	جذر	اصل عدد | افراطي | بنسټ | جذر | غیرناطق | مربع
∝	متناسب	تناسبوالې | متناسب
∞	لامحدود نښهلامحدود نښه	لامحدود | لامحدود نښهلامحدود نښه
∟	قايمه زاويه	ریاضي | قايمه زاويه | قایمه زاویه
∠	زاویه	حاده | زاویه
∣	تقسیموي	تقسیمونکې | تقسیموي
∥	موازي	موازي
∧	منطقي او	ac | atque | پانه | منطقي او
∩	تقاطع	تقاطع | مجموعه
∪	مجموعه	اتحاد | ټولګه | مجموعه
∫	بشپړونکی	بشپړونکی | د حساب يوه څانګه
∬	دوه ګونی بشپړونکی	د حساب یوه څانګه | دوه ګونی بشپړونکی
∮	کنټور بشپړونکی	کنټور بشپړونکی
∴	له همدې امله	له همدې امله | منطق | نو ځکه
∵	ځکه چې	ځکه چې | منطق
∶	نسبت	نسبت
∷	متناسب کول	تناسب | تناسبوالی | متناسب کول
∼	د مد چلونکی	چلونکی | د مد چلونکی
∽	بیرته راګرځیدلې مد	بیرته راګرځیدلې مد | مد
∾	نسکور پرکاله ایس	نسکور پرکاله ایس
≃	په غیر متناسب ډول مساوي	ایسمټوټ | په غیر متناسب ډول مساوي | ریاضي | غیر متناسب مساوي
≅	تقریبا مساوي	اسومورفیزم | تقریبا مساوي | ریاضی | مساوات | موافقت | نږدې مساوي
≈	نږدې مساوي	نږدې | نږدې مساوي
≌	ټول مساوي	ټول مساوي | ریاضي | مساوات
≒	د انځور سره نږدي مساوي	د انځور سره نږدي مساوي
≖	په مساوي توګه حلقه	په مساوي توګه حلقه | ریاضي | مساوات
≠	مساوي نه	مساوي نه | نابرابري
≡	ته یکسان	ته یکسان | دری چنده | ورته | یکسان
≣	په کلکه سره مساوي	په کلکه سره مساوي | ریاضي | مساوات
≤	لږ یا مساوي	څخه لږ | مساوي | نابرابري | یا
≥	لوی یا مساوي	لوی - له مساوي | لوی یا مساوي | مساوي | نابرابري
≦	له مساوي څخه کم	ریاضي | غیر مساوات | له مساوي څخه کم
≧	له مساوي څخه لوی	ریاضي | غیر مساوات | له مساوي څخه لوی
≪	له څخه ډیر کم	ریاضي | غیر مساوات | له څخه ډیر کم
≫	له څخه ډیر لوی	ریاضي | غیر مساوات | له څخه ډیر لوی
≬	ترمنځه	ترمنځه
≮	څخه کم نه	څخه کم نه | ریاضی | نابرابري | نه کم
≯	نه لوی	ریاضی | نابرابري | نه لوی
≳	له معادل څخه لوی	ریاضی | له معادل څخه لوی | نابرابري
≺	مخکې	ریاضي | سیټ چلونکی | مخکې
≻	بریالی کیږي	بریالی کیږي | ریاضي | سیټ چلونکی
⊁	نه بریالی کیږي	ریاضي | سیټ چلونکی | نه بریالی کیږي
⊂	زیر مجموعه څخه	زیر مجموعه | زیر مجموعه څخه | زیر مجموعه له | مجموعه
⊃	سپر سیټ	ریاضی | سپر سیټ | سیټ چلونکی
⊆	فرعي سیټ مساوي	فرعي سیټ مساوي
⊇	سپر سیټ مساوي	ریاضي | سپر سیټ مساوي | مساوات
⊕	ګردي جمع	جمع | ګردي جمع
⊖	ګردي منفي	تخریب | سمیټریک توپیر | ګردي منفي
⊗	ګردي وختونه	ټینسر | ګردي وختونه | محصول
⊘	ګردي تقسیم رېوند	د تقسیم په څېر | ریاضي | ګردي تقسیم رېوند
⊙	ګردي نقطې چلونکی	XNOR | چلونکی | ګردي نقطې چلونکی
⊚	د ګردي حلقې چلونکی	د ګردي حلقې چلونکی
⊛	د ګردي ستورګی چلونکی	چلونکی | د ګردي ستورګی چلونکی | ستورګی | ګردي ستورګی چلونکی
⊞	مربع شوي جمع	د جمعې په څیر | ریاضي | مربع شوي جمع
⊟	مربع شوي منفي	تخفیف په څیر | ریاضي | مربع شوي منفي
⊥	پورته ټیک	eet | پورته ټیک | ټیک | فالسم
⊮	ځواک نه ورکوي	ځواک نه ورکوي
⊰	د اړیکو لاندې مخکې کیږي	د اړیکو لاندې مخکې کیږي | د اړیکې لاندې مخکې کیږي | ریاضي | سیټ چلونکی
⊱	د اړیکو لاندې بریالي کیږي	د اړیکو لاندې بریالي کیږي | ریاضي | سیټ چلونکی
⊶	اصلي	اصلي
⊹	ہرمیټی کنجوګیټ میټرکس	ځان سره تړلی میټرکس | ریاضي | مربع میټرکس | ہرمیټی کنجوګیټ میټرکس
⊿	ښی مثلث	ریاضي | ښي زاویې مثلث | ښي مثلث | ښی مثلث
⋁	n-ary منطقي یا	n-ary منطقي یا | جلا کول | منطق
⋂	n-ary تقاطع	n-ary تقاطع | تقاطع | ریاضي | سیټ چلونکی
⋃	n-ary اتحادیه	n-ary اتحادیه | اتحاد | ریاضي | سیپ چلونکی
⋅	د نقطې چلونکی	چلونکی | د نقطې چلونکی
⋆	د ستوری چلونکی	چلونکی | د ستوری چلونکی
⋈	طبیعي یوځای کیدل	بائنری چلونکی | بوتي | طبیعي یوځای کیدل
⋒	دوه ګونی تقاطع	تقاطع | دوه ګونی تقاطع | ریاضي | سیټ چلونکی
⋘	له څخه ډیر زیات کم	ریاضي | غیر مساوات | له څخه ډیر زیات کم
⋙	له څخه ډیر زیات لوی	ریاضي | غیر مساوات | له څخه ډیر زیات لوی
⋭	د عادي فرعي ګروپ مساوي په توګه نه لري	د عادي فرعي ګروپ مساوي په توګه نه لري | ریاضي | ګروپ تیوري
⋮	عمودی درې ټکي	دری ټکي | ریاضي | عمودی درې ټکي
⋯	منځنۍ کرښې افقی درې ټکي	درې ټکي | منځنۍ کرښې افقی درې ټکي
⋰	پورته ښي خوا ته قطري درې ټکي	پورته ښي خوا ته قطري درې ټکي | درې ټکي | ریاضي
⋱	ښکته ښي خوا ته قطري درې ټکي	درې ټکي | ریاضي | ښکته ښي خوا ته قطري درې ټکي
⌨	کیبورډ	کمپیوټر | کیبورډ
⏏	د ويستلو بټن	د ويستلو بټن | ويستل
⏭	راتلونکي ټريک بټن	درې ګوټی | راتلونکي ټريک بټن | راتلونکی ټريک | راتلونکې منظره | غشی
⏮	وروستی ټريک بټن	درې ګوټی | غشی | لومړی ټريک | لومړۍ منظره | وروستی ټريک بټن
⏯	د غږولو يا وقفې بټن	د غږولو يا وقفې بټن | درې ګوټی | ښۍ | غږول | غشی | وقفه
⏱	سپورټي ګړۍ	ساعت | سپورټي ګړۍ
⏲	ټايمر ساعته	ټايمر | ټايمر ساعته | ساعت
⏸	د وقفې بټن	بار | د وقفې بټن | دوه ګونه | عمودي | وقفه
⏹	د درولو بټن	د درولو بټن | درول | مربع
⏺	د ريکارډ بټن	د ريکارډ بټن | دايره | ريکارډ
Ⓜ	دايره ايم	ايم | دايره
■	ډک شوي مربع	ډک شوي مربع
□	خالی مربع	خالی مربع
▢	د ګردي کونجونو سره خالي مربع	د ګردي کونجونو سره خالي مربع
▣	خالي مربع ډک شوی مربع لري	خالي مربع ډک شوی مربع لري
▤	د افقی ډک سره مربع	د افقی ډک سره مربع
▥	د عمودی ډک سره مربع	د عمودی ډک سره مربع
▦	مربع اورتوګونل کراس هیچ ډکول	مربع اورتوګونل کراس هیچ ډکول
▧	مربع پورتنۍ چپ ښکته ښي ډکول	مربع پورتنۍ چپ ښکته ښي ډکول
▨	مربع پورتنۍ ښیې ښکته کیڼ ډکول	مربع پورتنۍ ښیې ښکته کیڼ ډکول
▩	مربع قطري کراس هیچ ډکول	مربع قطري کراس هیچ ډکول
▪	توره کوچنۍ مربع	توره کوچنۍ مربع | جيوميتريکي | مربع
▫	سپينه کوچنۍ مربع	جيوميتريکي | سپينه کوچنۍ مربع | مربع
▬	ډک شوی مستطیل	ډک شوی مستطیل
▭	خالی مستطیل	خالی مستطیل
▮	ډک شوی عمودی مستطیل	ډک شوی عمودی مستطیل
▰	ډک شوي متوازي الاضلاع	ډک شوي متوازي الاضلاع
▲	ډکونکی - څرګندونې مثلث	پورته | ډک شوی | ډکونکی - څرګندونې مثلث | ډکونکی - ښودونکی مثلث | غشی | مثلث
△	خال پورته اشاره کونکې مثلث	خال پورته اشاره کونکې مثلث
▴	ډک شوی پورته اشاره کونکی کوچنی مثلث	ډک شوی پورته اشاره کونکی کوچنی مثلث
▵	خال پورته اشاره کونکې کوچنې مثلث	خال پورته اشاره کونکې کوچنې مثلث
▶	د غږولو بټن	د غږولو بټن | درې ګوټی | ښۍ | غږول | غشی
▷	خالی ښي خوا ته اشاره کوونکی مثلث	خالی ښي خوا ته اشاره کوونکی مثلث
▸	ډک شوی ښي خوا ته اشاره کوونکی کوچنی مثلث	ډک شوی ښي خوا ته اشاره کوونکی کوچنی مثلث
▹	خالی ښي خوا ته اشاره کوونکی کوچنی مثلث	خالی ښي خوا ته اشاره کوونکی کوچنی مثلث
►	ډک شوی ښي خوا ته اشاره کوونکی نښه کونکی	ډک شوی ښي خوا ته اشاره کوونکی نښه کونکی
▻	خالی ښي خوا ته اشاره کوونکی نښه کونکی	خالی ښي خوا ته اشاره کوونکی نښه کونکی
▼	ډک ښکته-اشاره د مثلث	ډک شوی | ډک شوی - نښې ښودونکی مثلث | ډک ښکته-اشاره د مثلث | ښکته | غشی | مثلث
▽	خالی ښکته اشاره کونکې مثلث	خالی ښکته اشاره کونکې مثلث
▾	ډک شوی ښکته اشاره کونکی کوچنی مثلث	ډک شوی ښکته اشاره کونکی کوچنی مثلث
▿	خال ښکته اشاره کونکې کوچنې مثلث	خال ښکته اشاره کونکې کوچنې مثلث
◀	د بيرته تلو بټن	بيرته | چپ | د بيرته تلو بټن | رې ګوټی | غشی
◁	خالی چپ اشاره کونکې مثلث	خالی چپ اشاره کونکې مثلث
◂	ډک شوی چپ اشاره کونکی کوچنی مثلث	ډک شوی چپ اشاره کونکی کوچنی مثلث
◃	خالی چپ اشاره کونکې کوچنې مثلث	خالی چپ اشاره کونکې کوچنې مثلث
◄	ډک شوی چپ خوا ته اشاره کوونکی نښه کونکی	ډک شوی چپ خوا ته اشاره کوونکی نښه کونکی
◅	خالی چپ خوا ته اشاره کوونکی نښه کونکی	خالی چپ خوا ته اشاره کوونکی نښه کونکی
◆	ډک شوي الماس	ډک شوي الماس
◇	خالی الماس	خالی الماس
◈	خالی الماس چې ډک شوی الماس لري	خالی الماس چې ډک شوی الماس لري
◉	خالي دایره چې ډکه دایره لري	خالي دایره چې ډکه دایره لري | ګردي نقطه | لوی لینز | متمرکزې دایره ډک شوې | وارډ
◊	لوزینج	الماس | روميبس | لوزینج | لوزینګ
○	تشه دایره	تشه حلقه | تشه دایره | حلقه | زنګ
◌	نقطه شوي دایره	نقطه شوي دایره
◍	د عمودی ډک سره دایره	د عمودی ډک سره دایره
◎	متمرکزې دایره	حلقه | حلقې | دوه ګونی | متمرکز | هدف
●	ډک شوی دایره	دایره | ډک شوی دایره
◐	دایره چپ نیمه ډکه شوي	دایره چپ نیمه ډکه شوي
◑	دایره ښي نیمه ډکه شوي	دایره ښي نیمه ډکه شوي
◒	دایره ښکته نیمه ډکه شوي	دایره ښکته نیمه ډکه شوي
◓	دایره پورتنۍ نیمه ډکه شوي	دایره پورتنۍ نیمه ډکه شوي
◔	دایره پورتنۍ ښۍ محیط څلورمه برخه ډکه شوي	دایره پورتنۍ ښۍ محیط څلورمه برخه ډکه شوي
◕	ټول دایره کړئ خو د پورتنۍ چپ محیط څلورمه برخه ډکه شوي	ټول دایره کړئ خو د پورتنۍ چپ محیط څلورمه برخه ډکه شوي
◖	چپه نیمه ډکه دایره	چپه نیمه ډکه دایره
◗	ښي نیمه ډکه دایره	ښي نیمه ډکه دایره
◘	معکوس ګولۍ	معکوس ګولۍ
◙	ډک شوی مربع چې خالي دایره لري	تش | دایره | ډک | لري | مربع | معکوس
◜	پورتنی چپ محیط څلورمه برخې ګردي قوس	پورتنی چپ محیط څلورمه برخې ګردي قوس
◝	پورتنی ښي محیط څلورمه برخې ګردي قوس	پورتنی ښي محیط څلورمه برخې ګردي قوس
◞	ښکته ښي محیط څلورمه برخې ګردي قوس	ښکته ښي محیط څلورمه برخې ګردي قوس
◟	ښکته چپ محیط څلورمه برخې ګردي قوس	ښکته چپ محیط څلورمه برخې ګردي قوس
◠	پورتنۍ نیمه دایره	پورتنۍ نیمه دایره
◡	ښکته نیمه دایره	ښکته نیمه دایره
◢	ډک شوی ښکته ښی مثلث	ډک شوی ښکته ښی مثلث
◣	ډک شوی ښکته چپ مثلث	ډک شوی ښکته چپ مثلث
◤	ډک شوی پورتنۍ چپ مثلث	ډک شوی پورتنۍ چپ مثلث
◥	ډک شوی پورتنۍ ښي مثلث	ډک شوی پورتنۍ ښي مثلث
◦	خالي ګولۍ	خالي ګولۍ
◯	لوی تشه دایره	حلقه | زنګ | لوی تش تشې حلقه | لوی تشه دایره
◳	خولی مربع پورتنۍ ښي محیط څلورمه برخه	خولی مربع پورتنۍ ښي محیط څلورمه برخه
◷	د پورتنۍ ښیې محیط څلورمه برخې سره خالي دایره	د پورتنۍ ښیې محیط څلورمه برخې سره خالي دایره
◻	سپينه ميانه مربع	جيوميتريکي | سپينه ميانه مربع | مربع
◼	توره منځنۍ مربع	توره منځنۍ مربع | جيوميتريکي | مربع
◿	ښکته ښی مثلث	ښکته ښی مثلث
☀	لمر	پړقيدونکي | رڼا | لمر | لمريز
☁	وريځ	موسم | وريځ
☂	چترۍ	باران | چترۍ | رخت
☃	د واورې سړی	د واورې سړی | سوړ | واوره
☄	لکۍ دار ستوری	خلا | لکۍ دار ستوری
☎	ټیلیفون	ټليفون | ټیلیفون | فون
☑	چيک بوکسه د چيک سره	✓ | بوکسه | چيک | چيک بوکسه د چيک سره
☘	شفتل	بوټي، شفتل | شفتل
☝	شهادت ګوته پورته نیول	پورته | شهادت ګوته | شهادت ګوته پورته نیول | ګوته | لاس
☠	کوپړۍ او اووښتي هډوکي	اووښتي هډوکي | بلا | کوپړۍ او اووښتي هډوکي | کوپړۍ او اووښي هډوکي | مخ | مرګ
☢	راډيو اکټيو	راډيو اکټيو | نښه
☣	بایو خطر	بايو خطر | بایو خطر | نښه
☦	د ارتودکس صلیب	ارتودکس صليب | د ارتودکس صلیب | صليب | عيسايي | مذهب
☪	هلال او ستوری	اسلام | مذهب | مسلمان | هلال او ستوری
☮	د سولې سمبول	د سولې سمبول | سوله
☯	ین یانگ	ټاو | ټاوسټ | مذهب | ين | ينګ | ین یانگ
☸	د دهرما پايه	بده مت | پايه | د دهرما پايه | دهرما | مذهب
☹	د تريو تندي مخ	تريو تندې | د تريو تندي مخ | مخ
☺	مسکېدلی مخ	آوټلاين | دمه | مخ | مسکا | مسکېدلی مخ
♀	ښځینه نښه	ښځه | ښځينه نښه | ښځینه نښه
♂	نارينه نښه	نارينه | نارينه نښه
♟	د سترنج ګوټک	تېرايستل | د سترنج ګوټک | سترنج | غځېدونکی
♠	د قرې پته	تاش | د قرې پته | لوبه
♣	د کلب پته	تاش | د کلب پته | لوبه
♥	د تپان پته	تاش | د تپان پته | لوبه
♦	د الماس پته	تاش | د الماس پته | لوبه
♨	تودې چينې	تود | تودې چينې | چينې | خوټکېدونکې
♪	اتم یادښت	اتم | سندره | یادښت
♭	هوار	سندره | فلیټ | هوار | یادښت
♯	تېز	تېز | تېزې | سندره | یادونه
♻	د ري سايکلنګ سمبول	د ري سايکلنګ سمبول | ري سايکل
♾	لا محدود	تلپاتې | ډېر زيات | عالمي | لا محدود
⚒	څټک او کلنګ	اله | څټک | څټک او کلنګ | کلنګ
⚔	اوړېدلې تورې	اوړېدلې | تورې | وسله
⚕	طبي سمبول	ايسکولاپيس | درمل | طبي سمبول | عمله
⚖	متوازن تله	انصاف | ترازو | تله | توازن | متوازن تله | مرغومی
⚗	اليمبک	اله | اليمبک | کيميا
⚙	ګيرارۍ	اله | د کيرارو پايه | غاښ | کيرارۍ | ګيرارۍ
⚛	د ايټم سمبول	ايټم | د ايټم سمبول | کافر
⚜	فليور دي لوس	فليور دي لوس
⚠	خبرداری	خبرداری
⚧	د جنس بدلوونکي سمبول	د جنس بدلوونکي | سمبول
⚰	تابوت	تابوت | مړېنه
⚱	د جنازې ګلدان	ايره | جنازه | د جنازې ګلدان | ګلدان | مرګ
⛈	وريځ د باران او پړقا سره	باران | پړقا | وريځ | وريځ د باران او پړقا سره
⛏	دوه سري کلنګ	اله | دوه سري کلنګ | کان کنستل | کلنګ
⛑	د ژغورنې کارمندانو هیلمټ	خولۍ | د ژغورنې کارمندانو هیلمټ | غلط نښه | مخ | مرسته | هیلمټ
⛓	زنځيرونه	زنځير | زنځيرونه
⛩	شینټو مزار	شینټو | مذهب | مزار
⛰	غر	غر
⛱	چترۍ پر ځمکه	باران | چترۍ | چترۍ پر ځمکه | لمر
⛴	بېړۍ	بېړۍ | کښتۍ | مسافر
⛷	سکیر	سکي | سکير | سکیر | واوره
⛸	آیس سکیټ	آیس | سکیټ
⛹	شخص بال تمبوي	بال | شخص بال تمبوي
✂	بياتي	اله | بياتي | پريکول
✈	هوایی الوتکه	هوایی الوتکه
✉	لفافه	برېښناليک | لفافه | ليک
✌	د بریا نښه	v | بریا | سوله | لاس
✍	لیکونکې لاس	لاس | لیکل | لیکونکې لاس
✏	پنسل	پنسل
✒	تور نب	تور نب | قلم | نب
✔	خوښنښه	✓ | چيک | خوښنښه | نښه
✖	د ضرب نښه	× | x | ضرب | لغوه کول | نښه
✝	لاتیني صلیب	صليب | عيسايي | لاتيني صليب | لاتیني صلیب | مذهب
✡	د ډیویډ ستوری	د ډیویډ ستوری | ډيويډ | ستوری | مذهب | يهودي
✳	اته ګوټې اسټيريسک	* | اته کوټی اسټيريسک | اته ګوټې اسټيريسک | اسټيريسک
✴	اته ګوټی ستوري	* | اته ګوټی ستوري | اته ګوټی ستوری | ستوری
❄	سنوفليک	د واورې غونډوسکی | ساړه | سنوفليک | واوره
❇	ځلېدل	* | ځلېدل
❣	د زړه ندا	د زړه ندا | ندا | نښه | وقفه
❤	سور زړه	زړه | سور زړه
➡	ښي غشی	اړخ | اساسي | ختيځ | ښي غشی | غشی
⤴	ښۍ غشی پورته کوږ	ښۍ غشی پورته ته کوږ | ښۍ غشی پورته کوږ | غشی
⤵	ښۍ غشی ښکته کوږ	ښکته | ښۍ غشی ښکته کوږ | غشی
⨧	جمع څېرمه-ليک دوه	جمع څېرمه-ليک دوه
⨯	د ویکتور کراس محصول	د ویکتور کراس محصول
⨼	داخلي محصول	داخلي محصول
⩣	منطقي یا دوه ګونی انډربار	منطقي یا دوه ګونی انډربار
⩽	د رېونده مساوي څخه کم	د رېونده مساوي څخه کم
⪍	د پورته ورته مساوي څخه کم	د پورته ورته مساوي څخه کم
⪚	دوه ګونی کرښې مساوي لوی څخه	دوه ګونی کرښه مساوي لوی څخه | دوه ګونی کرښې مساوي لوی څخه | ریاضي | غیر مساوي
⪺	پورته بریالي کیږي تقریباً مساوي نه وي	پورته بریالي کیږي تقریباً مساوي نه وي
⬅	چپ غشی	اړخ | اساسي | چپ غشی | غشی | لوېديځ
⬆	پورته غشی	اړخ | اساسي | پورته غشی | شمال | غشی
⬇	ښکته غشی	اړخ | اساسي | سويل | ښکته | غشی
、	ایډیګرافیک کوما	ایډیګرافیک کوما | ایډیولوژیک | کوما
。	ایډیولوژیکه دوره	ایډیولوژیک | ایډیولوژیکه دوره | بشپړ درول | دوره
〈	زاویې بریکس خلاص	د هندی غزو | زاویې بریکس خلاص | زاویې لیندۍ مهم ټکی | شیورون | قوس | کوچنی
〉	نږدې زاویې لیندۍ	د هندی غزو | زاویې لیندۍ مهم ټکی | شیورون | قوس | کوچنی | نږدې زاویې لیندۍ
《	دوه ګوني زاویې خلاص کړئ	دوه زاویې قوه | دوه ګوني زاویې خلاص کړئ | قوس
》	دوه ګوني زاویې وتړئ	دوه زاویې قوه | دوه ګوني زاویې وتړئ | قوس
「	کونج خلاص خط	قوس | کونج خلاص خط | کونج کونکی
」	نژدې کونج قوس	قوس | کونج کونکی | نژدې کونج قوس
『	خالي کونج کونړ خلاص کړئ	تشه کونج قوس | خالي کونج کونړ خلاص کړئ | قوس
』	خالي کونج قوس بند کړئ	تشه کونج قوس | خالي کونج قوس بند کړئ | قوس
【	خلاص تور لینز قوس خلاص	خلاص تور لینز قوس خلاص | د غاړې کنده | قوس | لینز قوس
】	د تور لینز قوس بند	د تور لینز قوس بند | د لینز قوس | غاړې کنده | قوس
〔	خلاص شمشتې قوس	خلاص شمشتې قوس | خولۍ قوس | قوس | کيشپ خولۍ قوس
〕	کيشپ خولۍ قوس بند	خولۍ قوس | قوس | کيشپ خولۍ قوس | کيشپ خولۍ قوس بند
〖	خلاص تش لینګونه قوس	تش لینز قوس | تشې لینټیکالر قوس | خلاص تش لینګونه قوس | قوس
〗	د تش لاسونو قوس بند کړئ	تش لینز قوس | تشې لینټیکالر قوس | د تش لاسونو قوس بند کړئ | قوس
〰	کوږ ډيش	د وقفې علامت | ډيش | کوږ
〽	د برخې بدلولو نښه	برخه | برخه بدلول نښه | د برخې بدلولو نښه | نښه
・	کټکانا منځنۍ نقطه	انټرپانکټ | کټکانا | کټکانا منځنۍ نقطه | میډوت | نقطې
㊗	د جاپان د "مبارکۍ" بټن	ایډیوګراف | تڼۍ | جاپاني | مبارکۍ
㊙	د جاپان د "پټ" بتن	ایډیوګراف | تڼۍ | جاپاني | راز
﷼	ریال	اسعار | ریال
🅰	A بټن (د وینې ډول)	a | A بټن (د وینې ډول) | د وينې ډول
🅱	B بټن (د وینې ډول)	B بټن (د وینې ډول) | بي | د وينې ډول
🅾	او بټن (د وینې ډول)	او | او بټن (د وينې ډول) | او بټن (د وینې ډول) | د وينې ډول
🅿	P بټن	P بټن | ودرېدل
🈂	د جاپاني "خدمت چارج"بټن	تڼۍ | جاپاني | چارج | خدمت | کاتاکانا
🈷	د جاپان د "میاشتنی پيسې" بټن	اندازه | ایډیوګراف | تڼۍ | جاپاني | میاشتنی
🌡	ترمامیتر	ترماميتر | ترمامیتر | موسم
🌤	لمر د کوچنۍ وريځې شا ته	لمر | لمر د کوچنۍ وريځې شا ته | وريځ
🌥	لمر د لوی وريځې شا ته	لمر | لمر د لوی وريځې شا ته | وريځ
🌦	لمر د باران د وريځ شا ته	باران | لمر | لمر د باران د وريځ شا ته | وريځ
🌧	ورېځ سره باران	باران | وريځ | وريځ سره باران | ورېځ سره باران
🌨	ورېځ سره واوره	واوره | ورېځ | ورېځ سره واوره | يخ
🌩	وريځ د پړقا سره	پړقا | وريځ | وريځ د پړقا سره | ورېځ د پړقا سره
🌪	بړبوکۍ	بادامه | بړبوکۍ | ورېځ
🌫	خوپڼه	خوپټه | خوپڼه | ورېځ
🌬	د باد مخ	الوتل | باد | د باد مخ | مخ | ورېځ
🌶	ګرم مرچ	ګرم | مرچ
🍽	ښاخۍ او چاقو د پليټ سره	پخلی، ښاخۍ، ښاخۍ او چاقو د پليټ سره، چاقو، پليټ | ښاخۍ او چاقو د پليټ سره
🎖	پوځي مډال	پوځي | لمانځنه | مډال
🎗	د یادونې پټۍ	پټۍ | د یادونې پټۍ | رايادونه | لمانځنه
🎙	د سټوډیو مایکروفون	د سټوډیو مایکروفون | سټوډيو | مايک | مايکروفون | موسيقي
🎚	لیول سلایډر	سلايډر | ليول | لیول سلایډر | موسيقي
🎛	د کنټرول غوټې	د کنټرول غوټې | غوټې | کنټرول | موسيقي
🎞	د فلم چوکاټ	چوکاټونه | د فلم چوکاټ | سنيما | فلم | مووي
🎟	د داخلې ټکټونه	ټکټ | د داخلې ټکټونه | داخله
🏋	شخص وزن پورته کوي	اوچتوونکی | شخص وزن پورته کوي | وزن
🏌	شخص ګالف کوي	بال | شخص ګالف کوي | ګالف
🏍	موټرسیکل	ريسنګ | موټر سيکل | موټرسیکل
🏎	ریسنگ موټر	ریسنگ | موټر
🏔	د واورې ډک غر	د واورې ډک غر | غر | واوره | يخ
🏕	کیمپنګ	کیمپنګ
🏖	ساحل د چتری سره	ساحل د چتری سره | ساحل، ساحل د چترۍ سره، چترۍ
🏗	وداني رغول	رغول | وداني رغول
🏘	کورونه	کورونه
🏙	د ښار منظره	د ښار منظره | ښار
🏚	متروک کور	کور | متروک کور
🏛	کلاسیکي ودانۍ	کلاسيکي | کلاسيکې ودانۍ | کلاسیکي ودانۍ
🏜	دښته	دښته
🏝	دښتې ټاپو	دښته، ټاپو | دښتې ټاپو
🏞	ملي پارک	پارک | ملي پارک
🏟	لوبغالی	لوبغالی
🏳	سپین بیراغ	خوځېدونکې | سپين بېرغ | سپین بیراغ
🏵	وريښمين ګلى	بوټى، وريښمين ګل | وريښمين ګلى
🏷	لیبل	لیبل
🐿	چپمنک	چپمنک | چپمنګ، خاڼې
👁	سترګه	بدن | سترګه
📽	د فلم پروجیکټر	پروجيکټر | د فلم پروجیکټر | سنيما | فلم | مووي | ويډيو
🕉	اوم	اوم | مذهب | هندو
🕊	کوتره	کوتره | مرغۍ، کوتره، الوتل، امن
🕯	شمع	رڼا | شمع
🕰	مينټل پيس ساعت	ساعت | مينټل پيس ساعت
🕳	سورۍ	سورۍ
🕴	سړي په کالو کې اوچتيږي	سړي په کالو کې اوچتيږي | سړی | سوټ | کاروبار
🕵	کشفي	پټ پوليس | جاسوس | کشفي
🕶	لمر عینکې	تیاره | سترګه | عینکې | لمر عینکې
🕷	غڼې	حشره، غڼې | غڼې
🕸	د غڼې ويب	د غڼې ويب
🕹	جوی سټیک	جوی سټيک | جوی سټیک | لوبه | ويډيو ګيم
🖇	تړل شوي کاغذ نيووني	تړل شوي کاغذ نيووني | تړل شوي کاغز نيووني | ربط | کاغذ نيوونى
🖊	قلم	بال پين | قلم
🖋	د فونټين قلم	د فونټين قلم | فونټين | قلم
🖌	د رنګونې برش	د رنګونې برش | رنګول
🖍	کريان	کريان
🖐	پنجه	پنجه | ګوته | لاس
🖥	ډیسکټاپ کمپیوټر	ډیسکټاپ | کمپیوټر
🖨	پرنټر	پرنټر
🖱	د کمپیوټر موږک	د کمپیوټر موږک | کمپیوټر
🖲	ټریکبال	ټریکبال | کمپیوټر
🖼	چوکاټ شوی انځور	انځور | چوکاټ | چوکاټ شوی انځور | رنګول | فن | موزيم
🗂	کارت جدول وېشونکي	جدول | کارت | وېشونکي
🗃	کارت دوتنې بکس	بکس | دوتنې | کارت
🗄	د دوتنې کابينټ	د دوتنې کابينټ | دوتنه | دوتنه کول | کابينټ
🗑	د ضایع ټوکر	د ضایع ټوکر
🗒	حلزوني يادښت پېډ	پېډ | حلزوني | حلزوني يادښت پېډ | ياددښت
🗓	حلزوني جنتري	پېډ | جنتري | حلزوني
🗜	رکاب	اله | رکاب | شکنجه | شکنجه کول
🗝	زاړه کیلي	اشاره | زاړه کیلي | زوړ | کلپ | کيلي
🗞	تړل شوی ورځپاڼې	تړل شوی ورځپاڼې | تړل شوې | خبرونه | کاغذ | ورځپاڼه
🗡	خنجر	چاقو | خنجر | وسله
🗣	د خبرو سر	بې مخ | خبرې کول | د خبرو سر | سر | مخ | وييل
🗨	د بیان چپه پوګاڼه	بیان | خبري | د بیان چپه پوګاڼه
🗯	ښې خوا قهر پوګاڼه	پوګاڼه | ښې خوا قهر پوګاڼه | ښې خوا قهرپوګاڼه | قهر | لیونۍ
🗳	د ووټونو بوکسه د ووټ سره	بوکسه | د ووټونو بوکسه د ووټ سره | ووټ
🗺	د نړۍ نقشه	د نړۍ نقشه | نړۍ | نقشه
🛋	سوفه او څراغ	څراغ | سوفه | سوفه او څراغ | سوفې او څراغ | هوتل
🛍	خریدارۍ بکسه	بکس | خریداری | خریدارۍ بکسه | هوټل
🛎	لاسي زنګ	زنګ | لاسي زنګ | هوتل
🛏	بستره	بستره | هوتل | ويده کېدل
🛠	څټک او رنچ	اله | څټک | څټک او رنچ | رنچ
🛡	ډال	ډال | وسله
🛢	د تیلو ډرم	تيل | د تیلو ډرم | ډرم
🛣	لوی سړک	سړک | لوی سړک | موټروی
🛤	د اورګاډي پټلۍ	اور ګاډی | ټرين | د اورګاډي پټلۍ
🛥	موټر کشتۍ	کښتۍ | موټر کشتۍ | موټر کښتۍ | موټرکښتۍ
🛩	کوچنی هوایی الوتکه	کوچنی هوایی الوتکه | هوايي الوتکه
🛰	سپوږمکۍ	خلا | سپوږمکۍ
🛳	مسافر آبګوټ	آبګوټ | مسافر
