# CLDR symbol names for rhg: symbol, tts name, keywords
# cldr-version	48
# source	https://unicode.org/Public/cldr/48/cldr-common-48.zip
# sha256	06c7c698d6fd8d67cefac15a0206b0109b00e0ef1636f86f84449fa959561f74
# Generated by tools/cldr_symbol_names.py; do not edit.
☘	𐴐𐴤𐴝𐴔𐴟𐴌𐴟𐴑	𐴏𐴝𐴌𐴝 - 𐴃𐴞𐴕 𐴉𐴝𐴃𐴝 𐴀𐴡𐴓𐴝 𐴒𐴝𐴏𐴢 | 𐴐𐴤𐴝𐴔𐴟𐴌𐴟𐴑
☝	𐴓𐴝𐴙𐴅𐴧𐴙𐴝 𐴀𐴦𐴡𐴣𐴓 𐴓𐴡𐴘 𐴀𐴟𐴖𐴡𐴌 𐴔𐴞𐴑𐴧𐴤𐴙𐴝 𐴀𐴞𐴐𐴤𐴝𐴌𐴝 𐴒𐴡𐴌𐴥𐴡𐴕	𐴀𐴦𐴡𐴣𐴓 / 𐴇𐴥𐴝𐴃𐴢 / 𐴓𐴝𐴙𐴅𐴧𐴤𐴙𐴝 𐴀𐴦𐴡𐴣𐴓 / 𐴓𐴝𐴙𐴅𐴧𐴙𐴝 𐴀𐴦𐴡𐴣𐴓 𐴓𐴡𐴘 𐴀𐴟𐴖𐴡𐴌 𐴔𐴞𐴑𐴧𐴤𐴙𐴝 𐴀𐴞𐴐𐴤𐴝𐴌𐴝 𐴒𐴡𐴌𐴥𐴡𐴕 / 𐴀𐴞𐴐𐴤𐴝𐴌𐴝 / 𐴀𐴟𐴖𐴡𐴌 𐴔𐴞𐴑𐴧𐴤𐴙𐴝 | 𐴓𐴝𐴙𐴅𐴧𐴙𐴝 𐴀𐴦𐴡𐴣𐴓 𐴓𐴡𐴘 𐴀𐴟𐴖𐴡𐴌 𐴔𐴞𐴑𐴧𐴤𐴙𐴝 𐴀𐴞𐴐𐴤𐴝𐴌𐴝 𐴒𐴡𐴌𐴥𐴡𐴕
⛷	𐴁𐴡𐴌𐴥𐴡𐴉𐴡𐴃𐴢 𐴏𐴡𐴏𐴧𐴡𐴌𐴡𐴙𐴕𐴧𐴝	𐴀𐴠𐴏𐴑𐴞𐴁𐴟𐴄𐴢 - 𐴁𐴡𐴌𐴥𐴡𐴉𐴡𐴃𐴢 𐴏𐴡𐴏𐴧𐴡𐴌𐴡𐴙𐴕𐴧𐴝 - 𐴁𐴡𐴌𐴥𐴉𐴢 | 𐴁𐴡𐴌𐴥𐴡𐴉𐴡𐴃𐴢 𐴏𐴡𐴏𐴧𐴡𐴌𐴡𐴙𐴕𐴧𐴝
⛹	𐴉𐴥𐴝𐴓𐴊𐴝𐴕𐴞 𐴁𐴡𐴀𐴡𐴓 𐴑𐴤𐴠𐴓𐴡𐴀𐴡𐴙𐴕𐴧𐴝 𐴔𐴝𐴕𐴥𐴟𐴙𐴐𐴢	𐴁𐴡𐴀𐴡𐴓 -𐴉𐴥𐴝𐴓𐴊𐴝𐴕𐴞 𐴁𐴡𐴀𐴡𐴓 𐴑𐴤𐴠𐴓𐴡𐴀𐴡𐴙𐴕𐴧𐴝 𐴔𐴝𐴕𐴥𐴟𐴙𐴐𐴢 | 𐴉𐴥𐴝𐴓𐴊𐴝𐴕𐴞 𐴁𐴡𐴀𐴡𐴓 𐴑𐴤𐴠𐴓𐴡𐴀𐴡𐴙𐴕𐴧𐴝 𐴔𐴝𐴕𐴥𐴟𐴙𐴐𐴢
✌	𐴑𐴝𐴔𐴞𐴘𐴝𐴁𐴞𐴌 𐴇𐴥𐴝𐴃𐴢	𐴇𐴥𐴝𐴃𐴢 / v / 𐴑𐴝𐴔𐴞𐴘𐴝𐴁𐴞 | 𐴑𐴝𐴔𐴞𐴘𐴝𐴁𐴞𐴌 𐴇𐴥𐴝𐴃𐴢
✍	𐴓𐴠𐴑𐴤𐴠𐴊𐴠 𐴇𐴥𐴝𐴃𐴢	𐴇𐴥𐴝𐴃𐴢 / 𐴓𐴠𐴑𐴤𐴡𐴕 / 𐴓𐴠𐴑𐴤𐴠𐴊𐴠 𐴇𐴥𐴝𐴃𐴢 | 𐴓𐴠𐴑𐴤𐴠𐴊𐴠 𐴇𐴥𐴝𐴃𐴢
🌶	𐴎𐴤𐴝𐴓 𐴔𐴡𐴌𐴞𐴏𐴢	𐴎𐴤𐴝𐴓 - 𐴔𐴡𐴌𐴞𐴏𐴢 | 𐴎𐴤𐴝𐴓 𐴔𐴡𐴌𐴞𐴏𐴢
🏋	𐴀𐴟𐴎𐴤𐴡𐴕 𐴃𐴟𐴓𐴡𐴀𐴡𐴙𐴕𐴧𐴝 𐴔𐴝𐴕𐴥𐴟𐴙𐴐𐴢	𐴀𐴟𐴎𐴤𐴡𐴕 𐴃𐴟𐴓𐴡𐴀𐴡𐴙𐴕𐴧𐴝 𐴔𐴝𐴕𐴥𐴟𐴙𐴐𐴢 | 𐴃𐴟𐴓𐴡𐴀𐴡𐴙𐴕𐴧𐴝 -𐴀𐴟𐴎𐴤𐴡𐴕 𐴃𐴟𐴓𐴡𐴀𐴡𐴙𐴕𐴧𐴝 𐴔𐴝𐴕𐴥𐴟𐴙𐴐𐴢 - 𐴀𐴟𐴎𐴤𐴡𐴕
🏌	𐴒𐴤𐴡𐴓𐴉𐴢 𐴑𐴤𐴠𐴓𐴡𐴀𐴡𐴙𐴕𐴧𐴝 𐴔𐴝𐴕𐴥𐴟𐴙𐴐𐴢	𐴁𐴡𐴀𐴡𐴓 - 𐴒𐴤𐴡𐴓𐴉𐴢 𐴑𐴤𐴠𐴓𐴝 -𐴒𐴤𐴡𐴓𐴉𐴢 𐴑𐴤𐴠𐴓𐴡𐴀𐴡𐴙𐴕𐴧𐴝 𐴔𐴝𐴕𐴥𐴟𐴙𐴐𐴢 | 𐴒𐴤𐴡𐴓𐴉𐴢 𐴑𐴤𐴠𐴓𐴡𐴀𐴡𐴙𐴕𐴧𐴝 𐴔𐴝𐴕𐴥𐴟𐴙𐴐𐴢
🏵	𐴒𐴟𐴓𐴝𐴁𐴞 𐴕𐴡𐴑𐴐𐴤𐴡	𐴏𐴝𐴌𐴝 - 𐴒𐴟𐴓𐴝𐴁𐴞 | 𐴒𐴟𐴓𐴝𐴁𐴞 𐴕𐴡𐴑𐴐𐴤𐴡
🐿	𐴏𐴟𐴌𐴈𐴝𐴍𐴝	𐴏𐴟𐴌𐴈𐴝𐴍𐴝 | 𐴏𐴟𐴌𐴈𐴝𐴍𐴝 - 𐴒𐴝𐴏𐴧𐴥𐴗𐴝 𐴀𐴟𐴕𐴊𐴟𐴌
👁	𐴏𐴟𐴑	𐴏𐴟𐴑 | 𐴒𐴝𐴀𐴝
🕊	𐴈𐴡𐴣𐴀𐴡𐴓	𐴈𐴡𐴣𐴀𐴡𐴓 | 𐴉𐴝𐴙𐴑 - 𐴈𐴡𐴣𐴀𐴡𐴓- 𐴀𐴟𐴌𐴝 - 𐴐𐴤𐴝𐴕𐴃𐴞
🕴	𐴓𐴝𐴁𐴝𐴏𐴢 𐴉𐴞𐴕𐴊𐴤𐴝 𐴈𐴝𐴌𐴁𐴝𐴌𐴞 𐴔𐴝𐴕𐴥𐴟𐴙𐴐𐴢	𐴈𐴝𐴌𐴁𐴝𐴌 - 𐴔𐴝𐴕𐴥𐴟𐴙𐴐𐴢 - 𐴓𐴠𐴁𐴝𐴏𐴢 𐴉𐴞𐴕𐴊𐴤𐴝 𐴔𐴝𐴕𐴥𐴟𐴙𐴐𐴢 - 𐴓𐴠𐴁𐴝𐴏𐴢 | 𐴓𐴝𐴁𐴝𐴏𐴢 𐴉𐴞𐴕𐴊𐴤𐴝 𐴈𐴝𐴌𐴁𐴝𐴌𐴞 𐴔𐴝𐴕𐴥𐴟𐴙𐴐𐴢
🕵	𐴃𐴝𐴇𐴑𐴞𐴑 𐴒𐴡𐴌𐴥𐴡𐴙𐴕𐴧𐴝	𐴃𐴝𐴇𐴑𐴞𐴑 𐴒𐴡𐴌𐴥𐴡𐴙𐴕𐴧𐴝 | 𐴃𐴝𐴇𐴑𐴞𐴑 𐴒𐴡𐴌𐴥𐴡𐴙𐴕𐴧𐴝 - 𐴒𐴟𐴌𐴞𐴕𐴊𐴝 - 𐴅𐴝𐴏𐴟𐴏𐴢
🕷	𐴔𐴦𐴡𐴣𐴐𐴧𐴝	𐴓𐴡𐴑 - 𐴔𐴦𐴡𐴣𐴐𐴧𐴝 | 𐴔𐴦𐴡𐴣𐴐𐴧𐴝
🕸	𐴔𐴦𐴡𐴣𐴐𐴧𐴝𐴌 𐴎𐴝𐴓	𐴔𐴦𐴡𐴣𐴐𐴧𐴝 - 𐴎𐴝𐴓 | 𐴔𐴦𐴡𐴣𐴐𐴧𐴝𐴌 𐴎𐴝𐴓
🖐	𐴏𐴥𐴠𐴌𐴝𐴘𐴧𐴝 𐴀𐴦𐴡𐴣𐴓𐴡𐴌 𐴇𐴥𐴝𐴃𐴢	𐴀𐴦𐴡𐴣𐴓 / 𐴇𐴥𐴝𐴃𐴢 / 𐴏𐴥𐴠𐴌𐴝𐴘𐴧𐴝 𐴀𐴦𐴡𐴣𐴓𐴡𐴌 𐴇𐴥𐴝𐴃𐴢/ 𐴏𐴥𐴠𐴌𐴝𐴘𐴧𐴝 | 𐴏𐴥𐴠𐴌𐴝𐴘𐴧𐴝 𐴀𐴦𐴡𐴣𐴓𐴡𐴌 𐴇𐴥𐴝𐴃𐴢
🗣	𐴈𐴡𐴃𐴤𐴝 𐴈𐴡𐴀𐴡𐴙𐴕𐴧𐴙𐴝 𐴔𐴝𐴃𐴤𐴝	𐴈𐴡𐴃𐴤𐴝 𐴈𐴡𐴀𐴡𐴙𐴕𐴧𐴙𐴝 𐴔𐴝𐴃𐴤𐴝 | 𐴔𐴟𐴑 - 𐴔𐴝𐴃𐴤𐴝 - 𐴏𐴥𐴝𐴁𐴝 - 𐴈𐴡𐴃𐴤𐴝 - 𐴈𐴡𐴃𐴤𐴝 𐴈𐴡𐴀𐴡𐴕
