# CLDR symbol names for ro: symbol, tts name, keywords
# cldr-version	48
# source	https://unicode.org/Public/cldr/48/cldr-common-48.zip
# sha256	06c7c698d6fd8d67cefac15a0206b0109b00e0ef1636f86f84449fa959561f74
# icu-version	78.3
# unicode-version	17.0
# Generated by tools/cldr_symbol_names.py; do not edit.
!	semn de exclamare	exclamare | semn de exclamare | semn de exclamație | semnul exclamării | semnul mirării
#	hashtag	cifră | diez | hashtag | tastă
$	dolar	bani | dolar | peso | USD
%	procent	la sută | procent
&	ampersand	ampersand | et | și
'	apostrof mașină de scris	apostrof | apostrof mașină de scris | citat | ghilimele simple
)	paranteză închisă	închisă | paranteză | rotundă
*	asterisc	asterisc | metacaracter | steluță | wildcard
+	semnul plus	adunare | plus | semnul plus
,	virgulă	virgulă
-	cratimă-minus	cratimă | cratimă-minus | liniuță | minus
.	punct	final | propoziție | punct
/	bară oblică	bară | dreapta | linie | oblică | slash
:	două puncte	două puncte
;	punct și virgulă	punct și virgulă
<	mai mic decât	deschidere tag | mai mic decât | tag
=	egal	egal | egalitate
>	mai mare decât	etichetă | etichetă de închidere | mai mare decât
?	semn de întrebare	întrebare | semn de întrebare | semnul întrebării
@	a rond	a rond | coadă de maimuță | la | semn adresă
[	paranteză pătrată deschisă	croșetă | paranteză | paranteză pătrată | paranteză pătrată deschisă
\	bară oblică inversă	bară | inversă | oblică | stânga
]	paranteză pătrată închisă	croșetă | paranteză | paranteză pătrată | paranteză pătrată închisă
^	accent circumflex	accent | căciuliță | circumflex | indicator | putere
_	underscore	linie | linie joasă | linie subliniere | liniuță jos | underscore
`	accent grav	accent | grav | ton
{	acoladă deschisă	acoladă | deschisă | paranteză
|	linie verticală	băț | lance | linie | linie verticală | suliță | țeavă
}	acoladă închisă	acoladă | închisă | paranteză
~	tildă	tildă
¡	semnul exclamării întors	exclamare | întors | semn de exclamare | semn de exclamație | semnul exclamării | semnul exclamării întors | semnul mirării
¢	cent	cent
£	liră	EGP | GBP | liră | monedă
¤	monedă necunoscută	
¥	yen	CNY | JPY | monedă | yen | yuan
§	secțiune	paragraf | parte | secțiune | semnul secțiune
¨	tremă	tremă | umlaut
©	drepturi de autor	c | copyright | drept de autor | drepturi de autor
«	ghilimele ascuțite stânga	accente circumflexe | ascuțite | ghilimele ascuțite stânga | ghilimele unghiulare | paranteze | semnele citării | stânga
¬	negare	negare | nu
®	marcă înregistrată	înregistrat | marcă înregistrată | oficial | r
°	grad	grad | oră
±	plus-minus	plus-minus
²	exponent doi	doi | exponent | la pătrat
³	exponent trei	exponent | la cub | trei
´	accent ascuțit	accent | ascuțit | ton
µ	semnul micro	măsură | semnul micro
¶	semn de paragraf	alineat | paragraf | semn de paragraf
·	punct la mijloc	interpunct | mijloc | punct | punct de mijloc | punct la mijloc | punct median
¹	exponent unu	exponent | unu
»	ghilimele ascuțite dreapta	accente circumflexe | ascuțite | dreapta | ghilimele ascuțite dreapta | ghilimele unghiulare | paranteze | semnele citării
¿	semnul întrebării întors	întors | întrebare | semn de întrebare | semnul întrebării întors
×	semnul înmulțirii	înmulți | înmulțire | ori | semnul înmulțirii
÷	semnul împărțirii	împărți | împărțire | semnul împărțirii
֏	dram armenesc	
؋	afgani afgan	
،	virgulă arabă	arabă | virgulă
؛	punct și virgulă arabe	arabe | punct și virgulă | punct și virgulă arabe
؟	semnul întrebării arab	arab | întrebare | semnul întrebării | semnul întrebării arab
৳	taka din Bangladesh	
฿	baht thailandez	
៛	riel cambodgian	
‐	cratimă	cratimă | liniuță
–	linie de pauză	linie | linie de pauză | pauză
—	linie de dialog	dialog | linie | linie de dialog
―	linie orizontală	bară | linie | linie orizontală | liniuță
‘	apostrof stânga	apostrof | apostrof stânga | citat | ghilimele simple
’	apostrof dreapta	apostrof | apostrof dreapta | citat | ghilimele simple
‚	apostrof dreapta jos	apostrof | apostrof dreapta jos | citat | citat jos
“	ghilimele stânga	citat | citat inteligent | ghilimele duble | ghilimele stânga
”	ghilimele dreapta	citat | citat inteligent | ghilimele dreapta | ghilimele duble
„	ghilimele dreapta jos	citat | citat inteligent | ghilimele dreapta jos | ghilimele duble | ghilimele jos
†	semn cruciuliță	cruciuliță | obelisc | semn cruciuliță
‡	semn cruciuliță dublă	cruciuliță | dublă | obelisc | semn cruciuliță dublă
•	marcator	marcator | punct
…	puncte de suspensie	omisiune | puncte de suspensie | trei puncte
‧	punct de despărțire	cratimă | liniuță | punct | punct de despărțire
‰	promilă	la mie | miime | promilă
′	prim	prim
″	secund	secund
‴	terț	terț
‸	semn de omisiune	semn de omisiune
※	semn de referință	semn de referință
‼	semn dublu de exclamare	! | dublă exclamare | dublu | exclamare | exclamație | punctuație | semn | semn dublu de exclamare
‽	semnul exclamării și întrebării	semnul exclamării și întrebării
‾	supralinie	bară deasupra | bară superioară | linie deasupra | linie superioară | supralinie
⁂	asterism	asterism | stele
⁄	bară oblică de fracție	bară oblică de fracție
⁉	semn de exclamare și întrebare	! | !? | ? | exclamare | exclamare și întrebare | exclamație | întrebare | punctuație | semn de exclamare și întrebare | semn de punctuație | semnul exclamării | semnul întrebării
⁻	exponent minus	exponent | minus
₡	colón costarican	
₢	cruzeiro	cruzeiro | monedă
₣	franc francez	franc | franc francez | monedă
₤	liră sterlină	liră | liră sterlină | monedă
₥	mill	mil | mill
₦	naira nigeriană	
₧	pesetă spaniolă	
₨	rupie	monedă | rupie
₩	won	KPW | KRW | won
₪	shekel israelian nou	
₫	dong vietnamez	
€	euro	EUR | euro | monedă
₭	kip laoțian	
₮	tugrik mongol	
₰	pfenig german	monedă | pfenig | pfenig german
₱	peso	peso
₲	guarani	
₳	austral argentinian	austral argentinian | monedă
₴	grivnă	
₵	cedi ghanez	
₶	livră tournois	livră tournois | monedă
₷	spesmilo	monedă | spesmilo
₸	tenge kazahă	
₹	rupie indiană	monedă | rupie | rupie indiană
₺	liră turcească	
₼	manat azer	
₽	rublă	monedă | rublă
₾	lari georgian	
₿	bitcoin	bitcoin | BTC
℗	drepturi de autor pentru înregistrare audio	audio | copyright | drepturi de autor | drepturi de autor pentru înregistrare audio | înregistrare
™	marcă comercială	comercială | marcă | marcă înregistrată | tm | trademark
ℹ	informații	i | informații | punct de informații | sursă de informații
←	săgeată spre stânga	săgeată | săgeată spre stânga | stânga
↑	săgeată în sus	săgeată | săgeată în sus | sus
→	săgeată spre dreapta	dreapta | săgeată | săgeată spre dreapta
↓	săgeată în jos	jos | săgeată | săgeată în jos
↔	săgeată dreapta-stânga	indicator | săgeată | săgeată dreapta-stânga | săgeată stânga-dreapta
↕	săgeată sus-jos	indicator | săgeată | săgeată sus-jos | sus
↖	săgeată orientată în stânga-sus	direcție | indicator | intercardinal | nord-vest | săgeată | săgeată orientată în stânga-sus | stânga | sus
↗	săgeată orientată în dreapta-sus	direcție | dreapta | indicator | intercardinal | nord-est | săgeată | săgeată orientată în dreapta-sus | sus
↘	săgeată orientată în dreapta-jos	direcție | dreapta | indicator | intercardinal | jos | săgeată | săgeată orientată în dreapta-jos | sud-est
↙	săgeată orientată în stânga jos	direcție | indicator | intercardinal | jos | săgeată | săgeată orientată în stânga jos | stânga | sud-vest
↚	săgeată spre stânga cu bară oblică	săgeată spre stânga cu bară oblică
↛	săgeată spre dreapta cu bară oblică	săgeată spre dreapta cu bară oblică
↜	săgeată ondulată spre stânga	săgeată ondulată spre stânga
↝	săgeată ondulată spre dreapta	săgeată ondulată spre dreapta
↞	săgeată cu două vârfuri spre stânga	săgeată cu două vârfuri spre stânga | săgeată cu vârf dublu spre stânga
↟	săgeată cu două vârfuri în sus	săgeată cu două vârfuri în sus | săgeată cu vârf dublu în sus
↠	săgeată cu două vârfuri spre dreapta	săgeată cu două vârfuri spre dreapta | săgeată cu vârf dublu spre dreapta
↡	săgeată cu două vârfuri în jos	săgeată cu două vârfuri în jos | săgeată cu vârf dublu în jos
↢	săgeată spre stânga cu coadă	săgeată spre stânga cu coadă
↣	săgeată spre dreapta cu coadă	săgeată spre dreapta cu coadă
↤	săgeată spre stânga dinspre bară	săgeată spre stânga dinspre bară
↥	săgeată în sus dinspre bară	săgeată în sus dinspre bară
↦	săgeată spre dreapta dinspre bară	săgeată spre dreapta dinspre bară
↧	săgeată în jos dinspre bară	săgeată în jos dinspre bară
↨	săgeată sus-jos cu bază	săgeată sus-jos cu bază
↩	săgeată dreapta curbată spre stânga	curbă | indicator | săgeată | săgeată dreapta curbată spre stânga | săgeată întoarcere spre stânga | stânga
↪	săgeată stânga curbată spre dreapta	curbă | dreapta | indicator | săgeată | săgeată întoarcere spre dreapta | săgeată stânga curbată spre dreapta
↫	săgeată spre stânga cu buclă	săgeată spre stânga cu buclă
↬	săgeată spre dreapta cu buclă	săgeată spre dreapta cu buclă
↭	săgeată ondulată bidirecțională	săgeată ondulată bidirecțională
↮	săgeată bidirecțională cu bară oblică	săgeată bidirecțională cu bară oblică
↯	săgeată în zigzag în jos	săgeată în zigzag în jos
↰	săgeată în sus cu vârf spre stânga	săgeată în sus cu vârf spre stânga
↱	săgeată în sus cu vârf spre dreapta	săgeată în sus cu vârf spre dreapta
↲	săgeată în jos cu vârf spre stânga	săgeată în jos cu vârf spre stânga
↳	săgeată în jos cu vârf spre dreapta	săgeată în jos cu vârf spre dreapta
↴	săgeată spre dreapta cu colțul în jos	săgeată spre dreapta cu colțul în jos
↵	săgeată spre stânga cu colțul în jos	săgeată spre stânga cu colțul în jos
↶	săgeată în semicerc în sus în sens antiorar	săgeată în semicerc în sus în sens antiorar
↷	săgeată în semicerc în sus în sens orar	săgeată în semicerc în sus în sens orar
↸	săgeată spre nord-vest către bară lungă	săgeată spre nord-vest către bară lungă
↹	săgeată spre stânga către bară peste săgeată spre dreapta către bară	bară | săgeată | săgeată spre stânga către bară peste săgeată spre dreapta către bară | săgeată spre stânga peste săgeată spre dreapta cu bare | spre dreapta | spre stânga
↺	săgeată cerc deschis în sens antiorar	săgeată cerc deschis în sens antiorar
↻	săgeată cerc deschis în sens orar	săgeată cerc deschis în sens orar
↼	harpon spre stânga cu vârful în sus	harpon spre stânga cu vârful în sus | vârf
↽	harpon spre stânga cu vârful în jos	harpon spre stânga cu vârful în jos
↾	harpon în sus cu vârful spre dreapta	harpon în sus cu vârful spre dreapta | vârf
↿	harpon în sus cu vârful spre stânga	harpon în sus cu vârful spre stânga | vârf
⇀	harpon spre dreapta cu vârful în sus	harpon spre dreapta cu vârful în sus | vârf
⇁	harpon spre dreapta cu vârful în jos	harpon spre dreapta cu vârful în jos | vârf
⇂	harpon în jos cu vârful spre dreapta	harpon în jos cu vârful spre dreapta | vârf
⇃	harpon în jos cu vârful spre stânga	barb | harpon în jos cu vârful spre stânga
⇄	săgeată spre dreapta peste săgeată spre stânga	săgeată spre dreapta peste săgeată spre stânga
⇅	săgeată în sus și săgeată în jos	jos | săgeată | săgeată în sus și săgeată în jos | sus
⇆	săgeată la stânga pe săgeată la dreapta	dreapta | săgeată | săgeată la stânga pe săgeată la dreapta | săgeată spre stânga peste săgeata spre dreapta | stânga
⇇	două săgeți spre stânga	două săgeți spre stânga
⇈	două săgeți în sus	două săgeți în sus
⇉	două săgeți spre dreapta	două săgeți spre dreapta
⇊	două săgeți în jos	două săgeți în jos
⇋	harpon spre stânga peste harpon spre dreapta	harpon spre stânga peste harpon spre dreapta
⇌	harpon spre dreapta peste harpon spre stânga	harpon spre dreapta peste harpon spre stânga
⇍	săgeată dublă spre stânga barată	săgeată dublă spre stânga barată
⇎	săgeată dublă bidirecțională barată	săgeată dublă bidirecțională barată
⇏	săgeată dublă spre dreapta barată	săgeată dublă spre dreapta barată
⇐	săgeată dublă spre stânga	săgeată dublă spre stânga
⇑	săgeată dublă în sus	săgeată dublă în sus
⇒	săgeată dublă spre dreapta	săgeată dublă spre dreapta
⇓	săgeată dublă în jos	săgeată dublă în jos
⇔	săgeată dublă bidirecțională	săgeată dublă bidirecțională
⇖	săgeată dublă spre nord-vest	săgeată dublă spre nord-vest
⇗	săgeată dublă spre nord-est	săgeată dublă spre nord-est
⇘	săgeată dublă spre sud-est	săgeată dublă spre sud-est
⇙	săgeată dublă spre sud-vest	săgeată dublă spre sud-vest
⇚	săgeată triplă spre stânga	săgeată triplă spre stânga
⇛	săgeată triplă spre dreapta	săgeată triplă spre dreapta
⇜	săgeată zigzagată spre stânga	săgeată zigzagată spre stânga
⇝	săgeată zigzagată spre dreapta	săgeată zigzagată spre dreapta
⇞	săgeată în sus cu două bare orizontale	săgeată în sus cu două bare orizontale
⇟	săgeată în jos cu două bare orizontale	săgeată în jos cu două bare orizontale
⇠	săgeată cu linie întreruptă spre stânga	săgeată cu linie întreruptă spre stânga
⇡	săgeată cu linie întreruptă în sus	săgeată cu linie întreruptă în sus
⇢	săgeată cu linie întreruptă spre dreapta	săgeată cu linie întreruptă spre dreapta
⇣	săgeată cu linie întreruptă în jos	săgeată cu linie întreruptă în jos
⇤	săgeată spre stânga către bară	săgeată spre stânga către bară
⇥	săgeată spre dreapta către bară	săgeată spre dreapta către bară
⇦	săgeată goală spre stânga	săgeată goală spre stânga
⇧	săgeată goală în sus	săgeată goală în sus
⇨	săgeată goală spre dreapta	săgeată goală spre dreapta
⇩	săgeată goală în jos	săgeată goală în jos
⇪	săgeată goală în sus dinspre bară	săgeată goală în sus dinspre bară
⇵	săgeată în jos lângă săgeată în sus	săgeată în jos lângă săgeată în sus
∀	cuantificator universal	cuantificator universal | oricare ar fi | orice | pentru orice | pentru toate | toate | universal
∂	derivată parțială	derivată | derivată parțială
∃	cuantificator existențial	cuantificator existențial | există
∅	mulțimea vidă	matematică | mulțimea vidă | operator pe mulțimi
∆	creștere	creștere | increment | triunghi
∇	nabla	nabla | triunghi
∈	element al	apartenență | aparține | conține | element | element al | mulțime
∉	nu aparține lui	element | nu aparține lui | nu este un element al
∋	include ca element	conține ca element | element | include
∎	sfârșitul demonstrației	ceea ce era de demonstrat | q.e.d. | sfârșitul demonstrației
∏	produs cartezian	logică | produs | produs cartezian | produs n-ar
∑	sumă peste	adunare | matematică | sumă | sumă n-ară | sumă peste
−	semnul minus	minus | scădere | semnul minus
∓	minus sau plus	minus sau plus | plus-minus
∕	bară oblică de împărțire	bară oblică de împărțire | slash
∗	operator asterisc	operator asterisc | steluță
∘	operator inel	compunere | funcții compuse | operator | operator inel
∙	operator punct	operator punct
√	rădăcină pătrată	număr irațional | pătrat | rădăcină | rădăcină pătrată | radical
∝	proporțional	este proporțional cu | proporțional | proporționalitate
∞	semnul infinit	infinit | semnul infinit
∟	unghi drept	matematică | unghi de 90 de grade | unghi drept
∠	unghi	ascuțit | unghi
∣	divide	divide | divizor
∥	paralel cu	paralel cu
∧	și logic	și logic
∩	intersecție	intersecție | mulțime
∪	reuniune	colecție | mulțime | reuniune
∫	integrală	analiză matematică | integrală
∬	integrală dublă	analiză matematică | integrală dublă
∮	integrală pe contur	integrală pe contur
∴	prin urmare	logică | prin urmare
∵	deoarece	deoarece | logică
∶	raport	raport
∷	proporție	proporție | proporționalitate
∼	operator tildă	operator | operator tildă
∽	tildă inversată	tildă | tildă inversată
∾	s orizontal inversat	s orizontal inversat
≃	asimptotic egal cu	asimptotă | asimptotic egal cu | matematică
≅	aproximativ egal cu	aproximativ egal cu | congruență | egalitate | izomorfism | matematică
≈	aproape egal	aproape egal | aproximare | aproximativ
≌	toate egale cu	egalitate | matematică | toate egale cu
≒	aproximativ egal cu imaginea	aproximativ egal cu imaginea
≖	inel în egal cu	egalitate | inel în egal cu | matematică
≠	nu este egal	inecuație | inegalitate | nu este egal
≡	identic cu	congruent | exact | identic | identic cu | triplu
≣	strict echivalent cu	strict echivalent cu
≤	mai mic sau egal cu	egal | egalitate | inegalitate | mai mic decât | mai mic sau egal cu
≥	mai mare sau egal cu	egal | egalitate | inegalitate | mai mare decât | mai mare sau egal cu
≦	mai mic decât peste egal cu	inegalitate | mai mic decât peste egal cu | matematică
≧	mai mare decât peste egal cu	inegalitate | mai mare decât peste egal cu | matematică
≪	mult mai mic decât	inegalitate | matematică | mult mai mic decât
≫	mult mai mare decât	inegalitate | matematică | mult mai mare decât
≬	între	între
≮	nu mai mic decât	inegalitate | matematică | nu mai mic decât
≯	nu mai mare decât	inegalitate | matematică | nu mai mare decât
≳	mai mare decât sau echivalent cu	inegalitate | mai mare decât sau echivalent cu | matematică
≺	precedă	matematică | operator de mulțimi | precedă
≻	succedă	matematică | operator de mulțimi | succedă
⊁	nu succedă	matematică | nu succedă | operator de mulțimi
⊂	submulțime a	mulțime | submulțime | submulțime a
⊃	este o supramulțime pentru	este o supramulțime pentru | este supramulțime a lui | include | matematică | operator de mulțimi
⊆	este o submulțime pentru sau egală cu	este inclusă sau egală cu | este o submulțime pentru | este submulțime a lui
⊇	este o supramulțime pentru sau egală cu	egalitate | include sau este egală cu | matematică
⊕	plus încercuit	dilatare binară | plus | plus încercuit
⊖	minus încercuit	diferență simetrică | eroziune binară | minus încercuit
⊗	ori încercuit	ori încercuit | produs | produs tensorial | tensor
⊘	bară împărțire încercuită	bară împărțire încercuită | matematică | similar împărțirii
⊙	operator punct încercuit	NOR exclusiv | operator | operator punct încercuit | XNOR
⊚	operator inel încercuit	operator inel încercuit
⊛	operator asterisc încercuit	asterisc | operator | operator asterisc încercuit
⊞	plus în pătrat	matematică | plus în pătrat | similar adunării
⊟	minus în pătrat	matematică | minus în pătrat | similar scăderii
⊥	e perpendicular pe	e perpendicular pe | fals | perpendicular
⊮	nu forțează	nu forțează
⊰	precedă sub relație	matematică | operator de mulțimi | precedă sub relație
⊱	succedă sub relație	matematică | operator de mulțimi | succedă sub relație
⊶	original	original
⊹	matrice hermitic conjugată	hermitic conjugată | matematică | matrice autoadjunctă | matrice hermitic conjugată | matrice hermitică conjugată
⊿	triunghi dreptunghic	matematică | triunghi dreptunghic
⋁	sau logic n-ar	disjuncție | logică | sau logic n-ar
⋂	intersecție n-ară	intersecție | intersecție n-ară | matematică | operator de mulțimi
⋃	reuniune n-ară	matematică | operator de mulțimi | reuniune | reuniune n-ară
⋅	operator punct de înmulțire	operator | operator punct de înmulțire
⋆	operator stea	operator | operator stea
⋈	joncțiune naturală	joncțiune naturală | operator binar | papion
⋒	intersecție dublă	intersecție | intersecție dublă | matematică | operator de mulțimi
⋘	foarte mult mai mic decât	foarte mult mai mic decât | inegalitate | matematică
⋙	foarte mult mai mare decât	foarte mult mai mare decât | inegalitate | matematică
⋭	nu conține ca submulțime normală pe sau este egală cu	matematică | nu conține ca submulțime normală pe sau este egală cu | teoria grupurilor
⋮	puncte de suspensie verticale	este divizibil cu | matematică | puncte de suspensie | puncte de suspensie verticale
⋯	puncte de suspensie orizontale pe linia mediană	puncte de suspensie | puncte de suspensie orizontale pe linia mediană
⋰	puncte de suspensie diagonale dreapta sus	matematică | puncte de suspensie | puncte de suspensie diagonale dreapta sus
⋱	puncte de suspensie diagonale dreapta jos	matematică | puncte de suspensie | puncte de suspensie diagonale dreapta jos
⌨	tastatură	calculator | computer | tastatură | taste
⏏	buton de ejectare	buton | buton de ejectare | ejectare
⏭	buton pentru melodia următoare	buton | buton melodia următoare | buton pentru melodia următoare | înainte | melodia următoare | săgeată | scena următoare | triunghi | următorul
⏮	buton pentru melodia anterioară	buton pentru melodia anterioară | cântecul anterior | derulare | înapoi | melodia anterioară | săgeată | scena anterioară | triunghi | ultima
⏯	buton de redare sau suspendare	bare | buton de redare sau suspendare | buton play sau pauză | buton redare sau întrerupere | dreapta | pauză | play | săgeată | triunghi
⏱	cronometru	ceas | cronometru | oră | timp
⏲	temporizator	ceas | cronometru | temporizator
⏸	buton de suspendare	bare | buton de întrerupere | buton de pauză | buton de suspendare | două | întrerupere | pauză | vertical
⏹	buton de oprire	buton de oprire | buton oprire | pătrat | stop
⏺	buton de înregistrare	buton | buton de înregistrare | cerc | înregistrare
Ⓜ	litera M într-un cerc	cerc | litera m într-un cerc | litera M într-un cerc | m | m în cerc
■	pătrat umplut	pătrat umplut
□	pătrat gol	pătrat gol
▢	pătrat gol cu colțuri rotunjite	pătrat gol cu colțuri rotunjite
▣	pătrat gol cu un pătrat umplut înăuntru	pătrat gol cu un pătrat umplut înăuntru
▤	pătrat umplut cu linii orizontale	pătrat umplut cu linii orizontale
▥	pătrat umplut cu linii verticale	pătrat umplut cu linii verticale
▦	pătrat umplut cu hașură dreaptă	pătrat umplut cu hașură dreaptă
▧	pătrat umplut cu dungi diagonale din stânga sus în dreapta jos	pătrat umplut cu dungi diagonale din stânga sus în dreapta jos
▨	pătrat umplut cu dungi diagonale din dreapta sus în stânga jos	pătrat umplut cu dungi diagonale din dreapta sus în stânga jos
▩	pătrat umplut cu hașură oblică	pătrat umplut cu hașură oblică
▪	pătrat negru mic	figură geometrică | formă geometrică | geometric | pătrat | pătrat negru mic
▫	pătrat alb mic	figură geometrică | formă geometrică | geometric | pătrat | pătrat alb mic
▬	dreptunghi umplut	dreptunghi umplut
▭	dreptunghi gol	dreptunghi gol
▮	dreptunghi vertical umplut	dreptunghi vertical umplut
▰	paralelogram umplut	paralelogram umplut
▲	triunghi plin cu vârful în sus	plină | săgeată | sus | triunghi | triunghi cu vârful în sus | triunghi plin cu vârful în sus
△	triunghi gol cu vârful în sus	triunghi gol cu vârful în sus
▴	triunghi mic umplut cu vârful în sus	triunghi mic umplut cu vârful în sus
▵	triunghi mic gol cu vârful în sus	triunghi mic gol cu vârful în sus
▶	buton de redare	buton de redare | buton play | dreapta | redare | săgeată | triunghi
▷	triunghi gol cu vârful în dreapta	triunghi gol cu vârful în dreapta
▸	triunghi mic umplut cu vârful în dreapta	triunghi mic umplut cu vârful în dreapta
▹	triunghi mic gol cu vârful în dreapta	triunghi mic gol cu vârful în dreapta
►	săgeată umplută cu vârful în dreapta	săgeată umplută cu vârful în dreapta
▻	săgeată goală cu vârful în dreapta	săgeată goală cu vârful în dreapta
▼	triunghi plin cu vârful în jos	jos | plin | săgeată | triunghi | triunghi plin cu vârful în jos
▽	triunghi gol cu vârful în jos	triunghi gol cu vârful în jos
▾	triunghi mic umplut cu vârful în jos	triunghi mic umplut cu vârful în jos
▿	triunghi mic gol cu vârful în jos	triunghi mic gol cu vârful în jos
◀	buton de inversare	buton de inversare | buton înapoi | buton inversare | derulare | înapoi | inversare | săgeată | stânga | triunghi
◁	triunghi gol cu vârful în stânga	triunghi gol cu vârful în stânga
◂	triunghi mic umplut cu vârful în stânga	triunghi mic umplut cu vârful în stânga
◃	triunghi mic gol cu vârful în stânga	triunghi mic gol cu vârful în stânga
◄	săgeată umplută cu vârful în stânga	săgeată umplută cu vârful în stânga
◅	săgeată goală cu vârful în stânga	săgeată goală cu vârful în stânga
◆	romb umplut	romb umplut
◇	romb gol	romb gol
◈	romb gol cu un romb umplut înăuntru	romb gol cu un romb umplut înăuntru
◉	cerc gol cu un cerc umplut înăuntru	cerc gol cu un cerc umplut înăuntru
◊	romb	caro | romb
○	cerc gol	cerc | cerc gol | inel
◌	cerc punctat	cerc punctat
◍	cerc umplut cu dungi verticale	cerc umplut cu dungi verticale
◎	cercuri concentrice	cerc dublu | cercuri concentrice | țintă
●	cerc plin	cerc | cerc plin
◐	cerc umplut pe jumătatea stângă	cerc umplut pe jumătatea stângă
◑	cerc umplut pe jumătatea dreaptă	cerc umplut pe jumătatea dreaptă
◒	cerc umplut pe jumătatea inferioară	cerc umplut pe jumătatea inferioară
◓	cerc umplut pe jumătatea superioară	cerc umplut pe jumătatea superioară
◔	cerc umplut în sfertul din dreapta sus	cerc umplut în sfertul din dreapta sus
◕	cerc umplut în toate sferturile mai puțin cel din stânga sus	cerc umplut în toate sferturile mai puțin cel din stânga sus
◖	jumătate de cerc umplut în stânga	jumătate de cerc umplut în stânga
◗	jumătate de cerc umplut în dreapta	jumătate de cerc umplut în dreapta
◘	marcator invers	marcator invers
◙	pătrat umplut cu un cerc gol înăuntru	pătrat umplut cu un cerc gol înăuntru
◜	arc de cerc în sfertul din stânga sus	arc de cerc în sfertul din stânga sus
◝	arc de cerc în sfertul din dreapta sus	arc de cerc în sfertul din dreapta sus
◞	arc de cerc în sfertul din dreapta jos	arc de cerc în sfertul din dreapta jos
◟	arc de cerc în sfertul din stânga jos	arc de cerc în sfertul din stânga jos
◠	semicerc superior	semicerc superior
◡	semicerc inferior	semicerc inferior
◢	triunghi umplut cu unghi drept în dreapta jos	triunghi umplut cu unghi drept în dreapta jos
◣	triunghi umplut cu unghi drept în stânga jos	triunghi umplut cu unghi drept în stânga jos
◤	triunghi umplut cu unghi drept în stânga sus	triunghi umplut cu unghi drept în stânga sus
◥	triunghi umplut cu unghi drept în dreapta sus	triunghi umplut cu unghi drept în dreapta sus
◦	marcator gol	marcator gol
◯	cerc gol mare	cerc | cerc gol mare | inel
◳	pătrat gol cu sfertul din dreapta sus gol	pătrat gol cu sfertul din dreapta sus gol
◷	cerc gol cu sfertul din dreapta sus gol	cerc gol cu sfertul din dreapta sus gol
◻	pătrat alb mediu	figură geometrică | formă geometrică | geometric | pătrat | pătrat alb mediu
◼	pătrat negru mediu	figură geometrică | formă geometrică | geometric | geometrie | pătrat | pătrat negru mediu
◿	triunghi cu unghi drept în dreapta jos	triunghi cu unghi drept în dreapta jos
☀	soare	însorit | lumină | luminos | meteo | raze | soare | spațiu | strălucitor | vreme
☁	nor	înnorat | meteo | nor | norișor | vreme
☂	umbrelă	accesoriu | deschis | ploaie | umbrelă
☃	om de zăpadă	frig | ger | nea | om | om de zăpadă | omăt | zăpadă
☄	cometă	cometă | spațiu
☎	telefon	fix | telefon
☑	casetă de votare bifată	bifa | bifă | bifat | casetă | casetă de votare bifată | căsuță | gata | vot
☘	trifoi	irlandez | noroc | plantă | trifoi
☝	deget arătător îndreptat în sus	deget | deget arătător îndreptat în sus | index indicând în sus | indicator | mână | sus
☠	craniu cu oase încrucișate	craniu | craniu cu oase încrucișate | față | moarte | monstru | mort | oase | oase încrucișate | os
☢	radioactiv	pericol | radiații | radioactiv | radioactivitate | simbol
☣	risc biologic	biologic | pericol | risc | simbol
☦	cruce ortodoxă	creștin | Creștin | creștinism | cruce | cruce ortodoxă | ortodoxie | religie
☪	stea și semilună	islam | islamism | musulman | musulmană | ramadan | religie | semilună | stea | stea și semilună
☮	semnul păcii	pace | pașnic | semnul păcii | simbol | vindecare
☯	yin yang	dificil | religie | tao | taoism | total | vieți | yang | yin | yin și yang | ying
☸	roata dharmei	budism | budist | dharma | religie | roată | roata dharma | roata dharmei
☹	față tristă	dezamăgire | dezamăgit | față | față încruntată | față tristă | încruntare | încruntat | supărare | supărat | trist | tristețe
☺	față zâmbitoare	contur | față | față zâmbitoare | fericire | fericit | îmbujorare | relaxare | relaxat | zâmbet | zâmbitor
♀	semn feminin	femeie | feminin | semn feminin
♂	semn masculin	bărbat | masculin | semn masculin
♟	pion de șah	consumabil | de sacrificiu | pion de șah | șah
♠	pică	cărți | inimă | inimă neagră | inimă neagră la cărți | joc | negru | pică
♣	treflă	cărți | joc | treflă | treflă la cărți
♥	cupă	cărți | cupă | dragoste | inimă | inimă roșie | inimă roșie la cărți | iubire | joc | roșu
♦	caro	caro | carou | cărți | joc | romb | romb la cărți
♨	izvoare termale	aburi | apă | căldură | fierbinte | izvoare termale | izvor | izvor termal
♪	optime	muzică | muzicală | notă | optime
♭	bemol	bemol | muzică | notă
♯	diez	diez | muzică | notă
♻	simbolul pentru reciclare	reciclare | simbol reciclare | simbolul pentru reciclare
♾	infinit	etern | infinit | nelimitat | universal
⚒	ciocan și daltă	cheie | ciocan | ciocan și daltă | daltă | instrument | târnăcop
⚔	săbii încrucișate	arme | bătălie | încrucișare | încrucișate | luptă | săbii încrucișate | spade
⚕	simbol medical	Asclepios | Esculap | medicamente | medicină | personal | simbol medical
⚖	balanță	balanță | cântar | cântărit | dreptate | egalitate | greutate | instrument | justiție | zodiac | zodie
⚗	alambic	alambic | chimie | instrument
⚙	rotiță zimțată	instrument | roată | roată dințată | roată zimțată | rotiță | rotiță dințată | rotiță zimțată | setări | zimți
⚛	simbol pentru atom	ateu | atom | simbol atom | simbol de atom | simbol pentru atom
⚜	floare de crin stilizată	cavaleri | crin | fleur de lis | floare de crin | floare de crin stilizată
⚠	avertisment	atenție | avertisment | avertizare
⚧	transgender	simbol transgender | transgender
⚰	coșciug	coșciug | înmormântare | moarte | mort | sicriu | vampir
⚱	urnă funerară	cenușă | incinerare | înmormântare | moarte | urnă | urnă funerară
⛈	nor cu fulger și ploaie	fulger | furtună | nor | nor cu fulger și ploaie | ploaie | poaie cu fulger | soare | trăsnet | tunet | vreme
⛏	târnăcop	ciocan | instrument | minerit | pământ | săpat | târnăcop | unealtă
⛑	cască de pompier salvator	ajutor | cască | cască de pompier salvator | cruce | față | prim ajutor
⛓	lanț	lanț | lanțuri | zale
⛩	altar shinto	altar | cult | religie | sanctuar | shinto | templu
⛰	munte	masiv | munte | pisc | stâncă | vârf
⛱	umbrelă pe sol	ploaie | soare | umbrelă | umbrelă pe sol
⛴	feribot	ambarcațiune | feribot | navă | pasageri | transport | vapor
⛷	persoană care schiază	nea | omăt | persoană care schiază | schi | schior | zăpadă
⛸	patină de gheață	gheață | patină | patină de gheață | patinaj | patinaj pe gheață | patinoar
⛹	persoană care bate mingea	baschet | dribling | jucător de baschet | minge | om | persoană care bate mingea | persoană cu minge | sport
✂	foarfece	a tăia | croitorie | foarfecă | foarfece | hârtie | instrument | tăiere
✈	avion	aeronavă | avion | călătorie | voiaj | zbor
✉	plic	e-mail | email | plic | scrisoare
✌	semnul victoriei	degete | învingător | mână | pace | semnul victoriei | v | victorie
✍	mână scriind	mână | mână care scrie | mână scriind | scriere | scris
✏	creion	creion
✒	peniță neagră	peniță | peniță neagră | stilou
✔	bifă îngroșată	bifa | bifă | bifă îngroșată | bifat | gata | semn de bifare | terminat
✖	înmulțire	anulare | înmulți | înmulțire | semn | semnul înmulțirii îngroșat | x
✝	cruce latină	creștin | creștinism | cristos | cruce | cruce latină | hristos | religie
✡	steaua lui David	david | David | evreu | iudaism | religie | stea | steaua lui david | steaua lui David
✳	asterisc cu opt colțuri	asterisc | asterisc cu opt colțuri
✴	stea cu opt colțuri	stea | stea albă cu opt colțuri | stea cu opt colțuri
❄	fulg de nea	frig | fulg | fulg de nea | ger | meteo | nea | omăt | rece | vreme | zăpadă
❇	strălucire	* | lumină | sclipire | strălucire
❣	semnul exclamării cu inimioară	dragoste | inimă | iubire | punctuație | roșu | semnul exclamării | semnul exclamării cu inimioară
❤	inimă roșie	dragoste | inimă | inimă roșie | iubire | roșu
➡	săgeată orientată în dreapta	cardinal | direcție | dreapta | est | indicator | punct cardinal | săgeată | săgeată orientată în dreapta
⤴	săgeată dreapta curbată în sus	curbă | indicator | săgeată | săgeată dreapta curbată în sus | săgeată îndreptată în sus | sus
⤵	săgeată dreapta curbată în jos	curbă | indicator | jos | săgeată | săgeată dreapta curbată în jos | săgeată întoarcere în jos
⨧	plus indice doi	plus indice doi
⨯	produs vectorial	produs vectorial
⨼	produs interior	produs interior
⩣	disjuncție logică cu bară dublă	disjuncție logică cu bară dublă
⩽	mai mic sau egal	mai mic sau egal
⪍	mai mic peste aproximativ egal	mai mic peste aproximativ egal
⪚	mai mare sau egal cu două linii	inegalitate | mai mare sau egal cu două linii | matematică
⪺	succedă peste nu aproape egal	succedă peste nu aproape egal
⬅	săgeată orientată în stânga	cardinal | direcție | indicator | săgeată | săgeată orientată în stânga | stânga | vest
⬆	săgeată orientată în sus	cardinal | direcție | indicator | nord | săgeată | săgeată în sus | săgeată orientată în sus | sus
⬇	săgeată orientată în jos	cardinal | direcție | indicator | jos | săgeată | săgeată în jos | săgeată orientată în jos | sud
、	virgulă ideografică	ideografică | virgulă
。	punct ideografic	final | ideografic | propoziție | punct
〈	paranteză ascuțită deschisă	chevron | deschisă | paranteză ascuțită | paranteză ascuțită deschisă | paranteză unghiulară | șevron
〉	paranteză ascuțită închisă	chevron | închisă | paranteză ascuțită | paranteză ascuțită închisă
《	paranteză ascuțită dublă deschisă	paranteză | paranteză ascuțită dublă | paranteză ascuțită dublă deschisă | paranteză unghiulară dublă
》	paranteză ascuțită dublă închisă	paranteză | paranteză ascuțită dublă | paranteză ascuțită dublă închisă | paranteză unghiulară dublă
「	paranteză colț deschisă	paranteză | paranteză colț | paranteză colț deschisă
」	paranteză colț închisă	paranteză | paranteză colț | paranteză colț închisă
『	paranteză colț goală deschisă	paranteză | paranteză colț goală | paranteză colț goală deschisă
』	paranteză colț goală închisă	paranteză | paranteză colț goală | paranteză colț goală închisă
【	paranteză lentilă neagră deschisă	paranteză | paranteză lentilă | paranteză lentilă neagră deschisă
】	paranteză lentilă neagră închisă	paranteză | paranteză lentilă | paranteză lentilă neagră închisă
〔	paranteză tortoise shell deschisă	paranteză | paranteză tortoise shell | paranteză tortoise shell deschisă
〕	paranteză tortoise shell închisă	paranteză | paranteză tortoise shell | paranteză tortoise shell închisă
〖	paranteză lentilă goală deschisă	paranteză | paranteză lentilă goală | paranteză lentilă goală deschisă
〗	paranteză lentilă goală închisă	paranteză | paranteză lentilă goală | paranteză lentilă goală închisă
〰	liniuță ondulată	în valuri | liniuță | liniuță ondulată | ondulat | vălurit
〽	alternare cântăreț	alternare cântăreț | cântăreț | marcaj | schimbare | semn
・	punct median katakana	interpunct | katakana | median | punct
㊗	buton cu semnificația „felicitări” în japoneză	„felicitări” | buton cu semnificația „felicitări” în japoneză | ideogramă | japoneză | Japoneză | 祝
㊙	buton cu semnificația „secret” în japoneză	„secret” | buton cu semnificația „secret” în japoneză | ideogramă | japoneză | Japoneză | 秘
﷼	rial	monedă | rial
🅰	buton A (grupă sanguină)	a | buton | buton A (grupă sanguină) | grupă de sânge | grupă sanguină | grupă sangvină
🅱	buton B (grupă sanguină)	b | buton | buton B (grupă sanguină) | grupă sanguină | grupa sangvină | grupă sangvină
🅾	buton 0 (grupă sanguină)	0 | buton | buton 0 (grupă sanguină) | grupă sanguină | grupă sangvină | o
🅿	buton P	buton | P | parcare
🈂	buton cu semnificația „taxă pentru serviciu” în japoneză	„taxă pentru serviciu” | buton cu semnificația „taxă pentru serviciu” în japoneză | japoneză | japozeză | katakana | serviciu în katakana într-un pătrat | サ
🈷	buton cu semnificația „valoare lunară” în japoneză	„valoare lunară” | buton cu semnificația „valoare lunară” în japoneză | ideogramă | japoneză | valoare lunară | 月
🌡	termometru	mercur | meteo | temperatură | termometru | vreme
🌤	soare după un nor mic	meteo | nor | soare | soare după un nor mic | vreme
🌥	soare după un nor mare	înnorat | meteo | nor | soare | soare după un nor mare | vreme
🌦	soare după nor cu ploaie	meteo | nor | norișor | ploaie | soare | soare după nor cu ploaie | vreme
🌧	nor cu ploaie	meteo | nor | nor cu ploaie | norișor | ploaie | vreme
🌨	nor de ninsoare	fulgi | ninsoare | nor | nor de ninsoare | vreme | zăpadă
🌩	nor cu fulger	fulger | nor | nor cu fulger | vreme
🌪	tornadă	meteo | nor | tornadă | vânt | vârtej | vreme
🌫	ceață	ceață | meteo | nor | vreme
🌬	față suflând vânt	față | față suflând vânt | nor | suflă | suflare | suflu | vânt
🌶	ardei iute	ardei | iute | legumă | mâncare | picant
🍽	furculiță și cuțit cu farfurie	cuțit | farfurie | furculiță | furculiță și cuțit cu farfurie | gătit | mâncare | mâncat | tacâmuri
🎖	medalie militară	decorație | medalie | militară | onoare | premiu | sărbătoare
🎗	panglică „in memoriam”	comemorare | panglică | panglică „in memoriam” | susținere
🎙	microfon de studio	microfon | microfon de studio | muzică | studio
🎚	glisor de nivel	ajustare | ajustare volum | glisor | glisor de nivel | muzică | nivel
🎛	butoane de control	butoane | butoane de control | butoane de volum | muzică | reglaj | reglare
🎞	peliculă de film	cadre | cinema | cinematograf | clișeu | film | negative de film | peliculă | peliculă de film | rolă de film
🎟	bilete de intrare	acces | bilet | bilete de intrare | intrare | tichet
🏋	persoană care ridică greutăți	antrenament | bărbat care ridică greutăți | culturism | culturist | greutăți | haltere | halterofil | persoană | persoană care ridică greutăți | sală | sport
🏌	persoană care joacă golf	băiat de mingi | golf | jucător de golf | minge | persoană care joacă golf | sport
🏍	motocicletă	curse | motocicletă | motor | transport
🏎	mașină de curse	cursă | curse | întrecere | mașină | mașină de curse
🏔	vârf de munte înzăpezit	culme | frig | munte | vârf | vârf de munte înzăpezit | vârf înzăpezit | versant | zăpadă
🏕	camping	a merge cu cortul | camping | cort | la cort
🏖	umbrelă pe plajă	apă | plajă | umbrelă | umbrelă pe plajă
🏗	clădire în construcție	clădire | clădire în construcție | construcție | macara | șantier
🏘	case	cartier de case | casă | case | construcție
🏙	peisaj urban	clădiri | oraș | orizont | orizont citadin | peisaj urban | zgârie-nori
🏚	casă părăsită	abandon | abandonată | casă | casă părăsită | părăsit
🏛	clădire clasică	antic | arhitectură | clădire | clădire clasică | clasic | stil
🏜	deșert	deșert | nisip
🏝	insulă pustie	deșert | insulă | insulă pustie | pustiu
🏞	parc național	parc | parc național | rezervație | rezervație naturală
🏟	stadion	arenă | public | sport | stadion
🏳	steag alb	alb | fluturând | pace | steag
🏵	rozetă	floare | plantă | rozetă
🏷	etichetă	etichetă
🐿	veveriță	animal | rozător | veveriță
👁	un ochi	1 ochi | corp | ochi | un ochi | vedere
📽	proiector de film	cinema | cinematograf | film | imagini | proiector | proiector de film | video
🕉	simbol hindus om	hindusă | religie | simbol hindus om
🕊	porumbiță	pace | pasăre | porumbel | porumbiță | zbor
🕯	lumânare	flacără | lumânare | lumină
🕰	ceas pentru etajeră	ceas | ceas de șemineu | ceas pentru etajeră | oră | timp
🕳	gaură	gaură | groapă | hău
🕴	persoană în costum, levitând	afaceri | costum | om de afaceri | persoană | persoană în costum, care levitează | persoană în costum, care plutește | persoană la costum | persoană la costum, levitând
🕵	detectiv	agent secret | bărbat | detectiv | investigație | lupă | pălărie | spion
🕶	ochelari de soare	întunecat | ochelari | ochelari de soare | ochi | protecție | soare
🕷	păianjen	arahnidă | insectă | păianjen | pânză
🕸	pânză de păianjen	capcană | păianjen | pânză | pânză de păianjen
🕹	joystick	joc | joystick | manetă | video
🖇	agrafe de hârtie înlănțuite	agrafă | agrafe | agrafe de birou unite | agrafe de hârtie înlănțuite | agrafe unite | înlănțuire | unire
🖊	pix	cariocă | mină | pastă | pix | stilou
🖋	stilou	cerneală | peniță | rezervor | stilou
🖌	pensulă	pensulă | pictat | pictură
🖍	creion colorat	creion | creion cerat | creion colorat
🖐	mână ridicată cu degetele depărtate	deget | degete | deschis | mână | mână ridicată cu degetele depărtate | oprește-te | oprire | stop
🖥	computer desktop	birou | calculator | computer | computer de birou | desktop | monitor
🖨	imprimantă	calculator | computer | imprimantă | imprimare | printa | printer | tipărire
🖱	maus	calculator | computer | dispozitiv | maus | mouse | periferic
🖲	trackball	calculator | computer | dispozitiv | periferic | trackball
🖼	tablou înrămat	artă | înrămat | muzeu | pictură | ramă | tablou | tablou cu ramă
🗂	separatoare de dosare	dosare | index | organizare | separatoare | separatoare de dosare
🗃	cutie de îndosariere	cutie | cutie de îndosariere | dosar | fișiere | îndosariere | organizare
🗄	fișet	arhivă | birou | dulap | fișet | îndosariere | sertare
🗑	coș de gunoi	coș | coș de gunoi | gunoi
🗒	blocnotes cu spirală	blocnotes cu spirală | caiet cu spirală | carnet | notițe | spirală
🗓	calendar cu spirală	calendar | calendar cu spirală | spirală
🗜	menghină	comprimare | instrument | menghină | strânsoare | unealtă
🗝	cheie veche	cheie | cheie veche | închis | încuiat | indiciu | lacăt | vechi | vechime
🗞	ziar rulat	gazetă | hârtie | publicație | rulat | știre | știri | ziar | ziar înfășurat
🗡	pumnal	armă | cuțit | pumnal
🗣	cap vorbitor	cap | față | profil | siluetă | vorbește | vorbi | vorbire | vorbitor
🗨	balon de dialog la stânga	balon | balon de dialog la stânga | desen | dialog | stânga | vorbire
🗯	balon de dialog furios la dreapta	balon | balon de dialog furios la dreapta | desen | furie | furios | nervi | nervos | supărare | supărat
🗳	urnă de votare cu vot	cutie | formular de vot | urnă de votare | urnă de votare cu vot | vot
🗺	harta lumii	hartă | harta lumii | lume
🛋	canapea și lampă	canapea | canapea și lampă | hotel | lampă | lumină | veioză
🛍	sacoșe de cumpărături	cumpărături | plasă | plase de cumpărături | pungă | sacoșe de cumpărături | shopping | transport
🛎	sonerie de recepție	clopoțel | hotel | recepție | sonerie | sonerie de recepție
🛏	pat	cazare | hotel | pat | somn
🛠	ciocan și cheie fixă	cheie de piulițe | cheie fixă | cheie franceză | ciocan | ciocan și cheie | ciocan și cheie fixă | instrument | unealtă
🛡	scut	armă | protecție | scut
🛢	butoi de combustibil	butoi | butoi de combustibil | combustibil | petrol
🛣	autostradă	autostradă | autovehicule | drum | șosea
🛤	cale ferată	cale ferată | șină | șine | șine de tren | tren
🛥	barcă cu motor	barcă | barcă cu motor | iaht | motonavă | motor | șalupă | vapor | viteză
🛩	aeronavă mică	aeronavă mică | avion | avion de mici dimensiuni | avion mic | ușor
🛰	satelit	cosmos | satelit | spațiu
🛳	vas de pasageri	croazieră | navă | pasageri | vapor | vas de pasageri
