# CLDR symbol names for rw: symbol, tts name, keywords
# cldr-version	48
# source	https://unicode.org/Public/cldr/48/cldr-common-48.zip
# sha256	06c7c698d6fd8d67cefac15a0206b0109b00e0ef1636f86f84449fa959561f74
# icu-version	78.3
# unicode-version	17.0
# Generated by tools/cldr_symbol_names.py; do not edit.
©	kipirayiti	kipirayiti
®	ibaruwe	ibaruwe
‼	udutangaro tubiri	akarango | akatuzo | bangabanga | gutangara | udutangaro tubiri
⁉	agatangaro n’akabazo	agatangaro n’akabazo | akabazo n’agatangaro | akarango | akatuzo | gutangara | ikibazo
™	ikirango	akarango | ikirango | tm
ℹ	amakuru	amakuru | amakuru ’i’
↔	akambi kava ibumoso kajya iburyo	akambi kava ibumoso kajya iburyo | umwambi
↕	akambi kazamuka-kamanuka	akambi kazamuka-kamanuka | umwambi
↖	umwambi wo hejuru ugana ibumoso	amajyaruguru ashyira iburengerazuba | icyerekezo | kiri hagati y’ibyerekezo bine | umwambi | umwambi wo hejuru ugana ibumoso
↗	umwambi w’ahagana ejuru iburyo	amajyaruguru ashyira iburasirazuba | icyerekezo | kiri hagati y’ibyerekezo bine | umwambi | umwambi w’ahagana ejuru iburyo
↘	umwambi wo hasi ugana iburyo	amajyepfo ashyira iburasirazuba | icyerekezo | kiri hagati y’ibyerekeezo bine | umwambi | umwambi wo hasi ugana iburyo
↙	umwambi wo hasi ahagana ibumoso	amajyepfo ashyira iburengerazuba | icyerekezo | kiri hagati y’ibyerekezo bine | umwambi | umwambi wo hasi ahagana ibumoso
↩	umwambi w’iburyo uhetamiye ibumoso	umwambi | umwambi w’iburyo uhetamiye ibumoso
↪	umwambi w’ibumoso uhetamiye iburyo	umwambi | umwambi w’ibumoso uhetamiye iburyo
⌨	mwandikisho	mudasobwa | mwandikisho
⏏	buto yo gusohora	buto yo gusohora | gusohora
⏭	buto y’indirimbo ikurikira	ahakurikira | buto y’indirimbo ikurikira | indirimbo ikurikira | mpandeshatu | umwambi
⏮	ibuto y’indirimbo ya nyuma	ahabanza | ibuto y’indirimbo ya nyuma | indirimbo ibanza | mpandeshatu | umwambi
⏯	buto yo gukina cyangwa guhagarika gato	buto yo gukina cyangwa guhagarika gato | guhagarika | gukina | iburyo | mpandeshatu | umwambi
⏱	koronometere	isaha | koronometere
⏲	isaha y’imbaragihe	imbaragiher | isaha | isaha y’imbaragihe
⏸	buto yo guhagarika gato	amanota | buto yo guhagarika gato | guhagarara | ihagaritse | inshuro ebyiri
⏹	buto yo guhagarika	buto yo guhagarika | guhagarika | mpandenye
⏺	buto yo gufata amajwi	buto yo gufata amajwi | gufata amajwi | uruziga
Ⓜ	M iri mu ruziga	m | M iri mu ruziga | uruziga
▪	kare ntoya y’umukara	ishusho | kare | kare ntoya y’umukara
▫	kare ntoya y’umweru	ishusho | kare | kare ntoya y’umweru
▶	buto yo gukina	buto yo gukina | gukina | iburyo | mpandeshatu | umwambi
◀	ibuto yo gusubiza inyuma	gusubiza inyumae | ibumoso | ibuto yo gusubiza inyuma | mpandeshatu | umwambi
◻	kare y’umweru iringaniye	ishusho | kare | kare y’umweru iringaniye
◼	kare y’umukara iringaniye	ishusho | kare | kare y’umukara iringaniye
☀	cyu	cyu | gikeye | imirasire | kiganjemo izuba
☁	karawudi	imiterere y’ibihe | karawudi
☂	umuyaga	imvura | umuyaga | umwambaro
☃	umugabo wo mu rubura	ubukonje | umugabo wo mu rubura | urubura
☄	komete	komete | umwanya
☎	telefone	telefone | telefoni
☑	Agasanduku k’amatora bifashisha mu kubara amajwi	agasanduku gashyirwamo impapuro z’itora | Agasanduku k’amatora bifashisha mu kubara amajwi | kugenzura | urupapuro rw’itora
☘	ubwoko bw’ikibabi	ikimera | ubwoko bw’ikibabi
☝	gutunga mukubitarukoko hejuru	gutunga | gutunga mukubitarukoko hejuru | heju | ikiganza | mukubitarukoko | urutoki
☠	igihanga n’amagufamusaraba	igihanga | igihanga n’amagufamusaraba | igikoko | imisarabagufa | isura | urupfu
☢	gyanduza	gyanduza | ikimenyetso
☣	gifite ingaruka ku buzima	gifite ingaruka ku buzima | ikimenyetso
☦	umusaraba w’aba-orthodox	idini | Umukirisitiu | umusaraba | umusaraba w’aba-orthodox
☪	inyenyeri n’ukwezi kw’imboneka	idini | inyenyeri n’ukwezi kw’imboneka | isilamu | Umusilamu
☮	ikimenyetso cy’amahoro	amahoro | ikimenyetso cy’amahoro
☯	yini yangi	cya tawo | iyobokamana | tawo | yangi | yini
☸	uruziga rwa daharama	daharama | iyobokamana | uruziga | uruziga rwa daharama | uwemera Buda
☹	isura irakaye	isura | isura irakaye | kwirakaza
☺	Indoro imwenyura	idashamaje | Indoro imwenyura | inseko | isura | ituje
♀	ikimenyetso cy’umugore	ikimenyetso cy’umugore | umugore
♂	ikimenyetso cy’umugabo	ikimenyetso cy’umugabo | umugabo
♠	ikimenyeso cy’ipiki	ikarita | ikimenyeso cy’ipiki | umukino
♣	ikimenyetso cyo ku ikarita cy’umusaraba	ikarita | ikimenyetso cyo ku ikarita cy’umusaraba | umukino
♥	ikimenyetso cy’umutima	ikarita | ikimenyetso cy’umutima | umukino
♦	ikimenyetso cya diyama	ikarita | ikimenyetso cya diyama | umukino
♨	amashyuza	amashyuza | amasoko | gishyushye | steaming
♻	ikimenyetso cyo kongera gutunganywa	guhindurwa | ikimenyetso cyo kongera gutunganywa
⚒	inyundo n’ipiki	igikoresho | inyundo | inyundo n’ipiki | ipiki
⚔	inkota zisobekeranye	gisobekeranye | inkota | inkota zisobekeranye | intwaro
⚕	ikimenyetso cy’ubuvuzi	ikiganga | ikimenyetso cy’ubuvuzi | n’ikigirwamana cy’ubuvuzi | ubuyobozi
⚖	umunzani	igikoresho | iminzani | uburemere | ubutabera | Umunzani | zodiyake
⚗	agacupa bayungururisha	agacupa bayungururisha | igikoresho | ubutabire
⚙	ishusho ringi	igikoresho | ishusho ringi
⚛	ikimenyetso cya atome	atome | ikimenyetso cya atome | umuhakanyi
⚜	ururabo rwa lili	ururabo rwa lili
⚠	iburira	iburira
⚰	isanduku y’umupfu	isanduku y’umupfu | urupfu
⚱	agasanduku kabikwamo ivu ry’umurambo watwitswe	agasanduku kabikwamo ivu ry’umurambo watwitswe | cyerekeye urupfu | ivu | urupfu
⛈	ibicu byiganjemo imirabyo n’imvura	ibicu | ibicu byiganjemo imirabyo n’imvura | imvura | inkuba
⛏	ipiki	igikoresho | ipiki | ubucukuzi bwa mine
⛑	kasike itabara abakozi	ingofero | isura | kasike | kasike itabara abakozi | ubufasha | umusaraba
⛓	umunyururu	umunyururu | uruhererekane
⛩	aho bashengerera h’idini ya shinto	aho bashengerera | aho bashengerera h’idini ya shinto | idini | shinto
⛰	umusozi	umusozi
⛱	umutaka ku butaka	imvura | izuba | umutaka | umutaka ku butaka
⛴	Ubwato butwara abantu	ubwato | Ubwato butwara abantu | umugenzi
⛷	ugendera kuri siki	siki | ugendera kuri siki | urubura
⛸	sketi yo ku rubura	akabaho k’amapine | sketi yo ku rubura | urubura
⛹	umuntu uri gutera umupira	umuntu uri gutera umupira | umupira
✂	Imakasi	gukata | igikoresho | Imakasi
✈	indege	indege
✉	ibahasha	ibahasha | ibaruwa | ubutumwa koranabuhanga
✌	Ikiganza cy’intsinzi	ikiganza | Ikiganza cy’intsinzi | intsinzi | v
✍	ikiganza cyandika	ikiganza cyandika | intoki | kwandikisha
✏	ikaramu y’igiti	ikaramu y’igiti
✒	umutwe w’ikaramu y’umukara	ibaba | ikaramu | umutwe w’ikaramu y’umukara
✔	Ikimenyetso kinini cya bihwanye	akarango | Ikimenyetso kinini cya bihwanye | ivivura
✖	Ikimenyetso cya x kinini cyo gukuba	gukaba | Ikimenyetso cya x kinini cyo gukuba | ikimenyetso cyo gukuba | ikuba | kuburizamo
✝	umusaraba w’abalatini	idini | Umukirisitiu | umusaraba | umusaraba w’abalatini
✡	Inyenyeri ya Dawudi	cy’Abayahudi | Dawudi | inyenyeri | Inyenyeri ya Dawudi | iyobokamana | Umuyahudi
✳	akanyenyeri kagizwe n’imitwe umunani	akanyenyeri | akanyenyeri kagizwe n’imitwe umunani
✴	inyenyeri igizwe n’imitwe umunani	inyenyeri | inyenyeri igizwe n’imitwe umunani
❄	akabumbe k’urubura	akabumbe k’urubura | ubukonje | urubura
❇	igishashi	igishashi
❣	akamenyetso k’umutima gatangara	agatangaro | akamenyetso k’umutima gatangara | akarango | akatuzo
❤	umutima utukura	umutima | umutima utukura
➡	akambi k’iburyo	akambi k’iburyo | iburasirazuba | icyerekezo | kimwe mu byerekezo bine | umwambi
⤴	umwambi w’iburyo uhetamiye hejuru	umwambi | umwambi w’iburyo uhetamiye hejuru
⤵	umwambi w’iburyo uhetamiye hasi	hasi | umwambi | umwambi w’iburyo uhetamiye hasi
⬅	akambi k’ibumoso	akambi k’ibumoso | iburengerazuba | icyerekezo | kimwe mu byerekezo bine | umwambi
⬆	akambi kazamuka	akambi kazamuka | amajyaruguru | icyerekezo | kimwe mu byerekezo bine | umwambi
⬇	akambi kamanura	akambi kamanura | amajyepfo | hasi | icyerekezo | kimwe mu byerekezo bine | umwambi
〰	akanyerezo - muvumba	akanyerezo | akanyerezo - muvumba | akatuzo | akavumba
〽	akarango k’igice cy’ihinduranya	akarango | akarango k’igice cy’ihinduranya | igice
㊗	Ibuto ya "ni uko ni uko" y’Abayapani	"ni uko ni uko" | Ibuto ya "ni uko ni uko" y’Abayapani | imyandikire | Nyapani | 祝
㊙	Ibuto y’"ibanga" y’Abayapani	"ibanga" | Ibuto y’"ibanga" y’Abayapani | imyandikire | Nyapani | 秘
🅰	buto ya A (ubwoko bw’amaraso)	buto ya A (ubwoko bw’amaraso) | ubwoko bw’amaraso
🅱	buto ya B (ubwoko bw’amaraso)	b | buto ya B (ubwoko bw’amaraso) | ubwoko bw’amaraso
🅾	buto ya O (ubwoko bw’amaraso)	buto ya O (ubwoko bw’amaraso) | bw’amaraso | ubwoko
🅿	ibuto ya P	ibuto ya P | parikingi
🈂	Ibuto y’ "amafaranga ya serivisi" y’Abayapani	"amafaranga ya serivisi" | Ibuto y’ "amafaranga ya serivisi" y’Abayapani | Katakana | y’Abayapani | サ
🈷	Ibuto y’"amafaranga ya buri kwezi" y’Abayapani	"amafaranga ya buri kwezi" | Ibuto y’"amafaranga ya buri kwezi" y’Abayapani | imyandikire | Nyapani | 月
🌡	igipimo cy’ubushyuhe	igipimo cy’ubushyuhe | imiterere y’ibihe
🌤	izuba inyuma y’igicu gito	igicu | izuba | izuba inyuma y’igicu gito
🌥	izuba inyuma y’igicu kinini	igicu | izuba | izuba inyuma y’igicu kinini
🌦	izuba inyuma y’igicu kirimo imvura	igicu | imvura | izuba | izuba inyuma y’igicu kirimo imvura
🌧	ibicu birimo	ibicu | ibicu birimo | imvura
🌨	ibicu birimo urubura	gikonje | ibicu | ibicu birimo urubura | urubura
🌩	ibicu birimo imirabyo	ibicu | ibicu birimo imirabyo | umurabyo
🌪	umuyaga ukaze	ibicu | serwakira | umuyaga ukaze
🌫	ibihu	ibihu | karawudi
🌬	isura yahushywe n’umuyaga	guhuha | ibicu | isura | isura yahushywe n’umuyaga | umuyaga
🌶	urusenda	bishyushye | urusenda
🍽	ikanya n’icyuma hamwe n’iparato	guteka | icyuma | ikanya | ikanya n’icyuma hamwe n’iparato | iparato
🎖	umudari wa gisirakare	gisirikare | ibirori | umudari | umudari wa gisirakare
🎗	riba y’inyibutsa	ibirori | inyibutsa | riba | riba y’inyibutsa
🎙	indangururamajwi ya sitidiyo	indangurura | indangururamajwi | indangururamajwi ya sitidiyo | sitidiyo | umuziki
🎚	akagaragazarugero	akagaragazarugero | umuziki | urugero
🎛	buto zo kugenzura	buto | buto zo kugenzura | kugenzura | umuziki
🎞	amakadiri ya filime	amakadiri | amakadiri ya filime | filime | filimi | sinema
🎟	amatike yo kwemererwa	amatike yo kwemererwa | itike | kwemererwa
🏋	umuntu uterura ibyuma	ibiro | umuntu uterura ibyuma | uterura
🏌	gukina golufe ku giti cyawe	golufe | gukina golufe ku giti cyawe | umukino
🏍	Ipikipiki	Ipikipiki | isiganwa
🏎	imodoka y’isiganwa	imodoka | imodoka y’isiganwa | isiganwa
🏔	umusozi utwikiriwe n’urubura	gikonje | umusozi | umusozi utwikiriwe n’urubura | urubura
🏕	ingando	ingando
🏖	ahantu ku mucanga hari umutaka	ahantu ku mucanga hari umutaka | ku mucanga | umutaka
🏗	icyubakwa	icyubakwa | ubwubatsi
🏘	amazu	amazu
🏙	uko umujyi ugaragara	uko umujyi ugaragara | umujyi
🏚	inzu itakibabwamo	inzu | inzu itakibabwamo | itakibarwamo
🏛	inyubako za cyera	cya kera | inyubako za cyera
🏜	ubutayu	ubutayu
🏝	ikirwa cy’ubutayu	ikirwa | ikirwa cy’ubutayu | ubutayu
🏞	parike y’igihugu	guparika | parike y’igihugu
🏟	sitade	sitade
🏳	ibendera ryera	gupepera | ibendera ryera
🏵	rozete	ikimera | rozete
🏷	akarango	akarango
🐿	inkima	inkima
👁	ijisho	igihimba | ijisho
📽	porojegiteri ya filimi	amashusho agenda | filimi | porojegiteri | porojegiteri ya filimi | sinema | videwo
🕉	om	Hindu | iyobokamana | om
🕊	inuma	amahoro | inuma | inyoni
🕯	buji	buji | Ikeye
🕰	isha bamanika	isaha | isha bamanika
🕳	umwobo	umwobo
🕴	umuntu wambaye ikositimu uzamuye	ikositimu | ubucuruzi | umugabo | umuntu wambaye ikositimu uzamuye
🕵	umugenzuzi	intasi | umugenzuzi
🕶	fime	amataratara | fime | ijisho | kijimye
🕷	igitagangurirwa	agakoko | igitagangurirwa
🕸	umugozi w’igitagangurirwa	igitagangurirwa | umugozi | umugozi w’igitagangurirwa
🕹	agakonimukino	agakonimukino | imikino ya videwo | umukino
🖇	udufatampapuro dufatanye	agafatampapuro | isano | udufatampapuro dufatanye
🖊	ikaramu	ikaramu
🖋	ikaramu y’umuti	ikaramu | ikaramu y’umuti | isoko
🖌	uburoso bw’irangi	gusiga irangi | uburoso bw’irangi
🖍	kereyo	kereyo
🖐	ikiganza kizamuye intoki zitandukanyije	bitanye | ikiganza | ikiganza kizamuye intoki zitandukanyije | urutoki
🖥	mudasobwa iterekwa ku meza	iterekwa ku meza | mudasobwa | mudasobwa iterekwa ku meza
🖨	mucapyi	mucapyi | mudasobwa
🖱	imbeba ya mudasobwa	imbeba ya mudasobwa | mudasobwa
🖲	Akayoborandanga	Akayoborandanga | mudasobwa
🖼	ifoto iri mu ikadiri	gusiga irangi | ifoto | ifoto iri mu ikadiri | ikadiri | inzu ndangamurage | ubugeni
🗂	urugabano rw’urutonde rw’amakarita	agacaruziga | ifishi | urugabano rw’urutonde rw’amakarita | urutonde
🗃	agasanduku babikamo amadosiye	agasanduku | agasanduku babikamo amadosiye | dosiye | ifishi
🗄	dosiye zo mu biro	akabati | dosiye | dosiye zo mu biro | kubika dosiye
🗑	agatebo k’imyanda	agatebo k’imyanda
🗒	Ikayi iteranyije akuma kigondoye	agakayi | cyigondoye | icyanditse | Ikayi iteranyije akuma kigondoye
🗓	karendari iteranyije akuma kigondoye	agakayi | cyigondoye | karendari | karendari iteranyije akuma kigondoye
🗜	ipensi	gukanda | igikoresho | ipensi | ivisi
🗝	urufunguzo rwa kera	gishaje | gufunga | ikimenyetso | urufunguzo | urufunguzo rwa kera
🗞	ikinyamakuru kizingazinze	amakuru | ikinyamakuru | kizingazinze | urupapuro
🗡	daga	daga | icyuma | intwaro
🗣	umutwe uvuga	igicucucucu | isura | kuvuga | umutwe | umutwe uvuga
🗨	ikiganiro cy’akabaruni k’ibumoso	ikiganiro | ikiganiro cy’akabaruni k’ibumoso | imvugo
🗯	akabaruni gasongoye k’iburyo	akabaruni | akabaruni gasongoye k’iburyo | igipirizo | karakaje | kirakaje
🗳	agasanduku k’itora karimo impapuro batoreyeho	agasanduku | agasanduku k’itora karimo impapuro batoreyeho | urupapuro rw’itora
🗺	Ikarita y’isi	ikarita | Ikarita y’isi | isi
🛋	ifoteyi n’itara	hoteli | ifoteyi | ifoteyi n’itara | itara
🛍	ibikapu bahahiramo	ibikapu bahahiramo | igikapu | umwambaro | uruhago
🛎	inzogera y’uwo batuma	hoteri | inzogera | inzogera y’uwo batuma | uwo batuma
🛏	uburiri	hoteli | kuryama | uburiri
🛠	inyundo na kasuku	igikoresho | inyundo | inyundo na kasuku | isupane | kasuku
🛡	ingabo	ingabo | intwaro
🛢	Akagunguru ka peteroli	akagunguru | Akagunguru ka peteroli | amavuta
🛣	inzira ya moto	inzira ya moto | umuhanda | umuhanda mugari
🛤	inzira ya gari ya moshi	gariyamoshi | inzira ya gari ya moshi | irayirayi
🛥	ubato bwa moteri	ubato bwa moteri | ubwato | ubwato bwa moteri
🛩	indege ntoya	indege | indege ntoya
🛰	saterite	saterite | umwanya
🛳	ubwato bw’umugenzi	ubwato | ubwato bw’umugenzi | umugenzi
