# CLDR symbol names for sw: symbol, tts name, keywords
# cldr-version	48
# source	https://unicode.org/Public/cldr/48/cldr-common-48.zip
# sha256	06c7c698d6fd8d67cefac15a0206b0109b00e0ef1636f86f84449fa959561f74
# icu-version	78.3
# unicode-version	17.0
# Generated by tools/cldr_symbol_names.py; do not edit.
!	alama ya mshangao	alama ya mshangao | mshindo | shangaa
#	alama ya reli	alama ya reli | nambari | pauni | reli
$	dola	dola | pesa | peso | USD
%	asilimia	asili mia | asili-mia | asilimia
&	alama ya na	alama ya na | na
'	apostrofi ya taipureta	apostrofi | apostrofi ya taipureta | nukuu | nukuu moja
)	funga mabano	funga mabano | mabano | mabano ya mduara
*	kinyota	herufi wakilishi | kinyota | nyota
+	alama ya kujumlisha	alama ya kujumlisha | jumlisha | ongeza
,	koma	koma
-	kistariungio-alama ya kutoa	alama ya kutoa | kistari | kistariungio | kistariungio-alama ya kutoa
.	kikomo	alama ya kikomo | kikomo | nukta
/	mkwaju	mgawo | mkwaju | mkwaju mbele | mshazari | mstari
:	nuktapacha	nuktapacha
;	nuktamkato	nukta-mkato | nuktamkato
<	chini ya	chini ya | lebo | lebo ya kufungua
=	lingana	inalingana na | lingana
>	zaidi ya	lebo | lebo ya kufunga | zaidi ya
?	alama ya kuuliza	alama ya kuuliza | swali
@	alama ya ‘kwa’	alama ya ‘kwa’
[	fungua mabano ya mraba	fungua mabano ya mraba | mabano | mabano mraba | robo
\	mkwaju nyuma	mgawo | mkwaji nyuma | mkwaju nyuma
]	funga mabano mraba	funga mabano mraba | mabano | mabano mraba | robo
^	lafudhi ya juu na kali	alama ya xor | chevron | juu na kali | kali | kareti | lafudhi | lafudhi ya juu na kali | mshale | nguvu | udhibiti
_	mstari wa chini	kistari | kistari chini | mstari | mstari chini | mstari wa chini
`	lafudhi ya kuu	lafudhi | lafudhi ya kuu | toni
{	fungua mabano yaliyokunjwa	fungua mabano yaliyokunjwa | mabano | mabano yaliyokunjwa
|	mstari wima	alama | alama ya upau wima | mstari | mstari wima | upau | upau wima
}	funga mabano yaliyokujwa	funga mabano yaliyokujwa | mabano | mabano yaliyokunjwa
~	kiwimbi	kiwimbi
¡	alama ya mshangao iliyopinduliwa	alama ya mshangao | alama ya mshangao iliyopinduliwa | iliyopinduliwa | mshangao | mshindo | shangaa
¢	senti	senti
£	pauni	EGP | GBP | pauni | sarafu
¤	Sarafu isiyojulikana	
¥	yeni	CNY | JPY | sarafu | yeni | yuani
§	kifungu	alama ya kifungu | aya | kifungu | sehemu
¨	alama ya kutofautisha irabu mbili	alama ya kutofautisha irabu mbili | trema | umlati
©	hakimiliki	c | hakimiliki | hatimiliki
«	vishale viwili vinavyoelekea kushoto	dondoa | kareti | kushoto | mwango | pembe | tepe | vishale viwili vinavyoelekea kushoto
¬	uhasi	sio | uhasi
®	iliyosajiliwa	iliyosajiliwa | imesajiliwa | r | sajili
°	digrii	digrii | saa | thibitisho
±	jumlisha-toa	jumlisha-toa
²	weka mbili juu	herufijuu | mbili | mraba | weka mbili juu
³	weka tatu juu	herufijuu | mchemraba | tatu | weka tatu juu
´	lafudhi kali	kali | lafudhi | toni
µ	alama ya mikro	alama ya mikro | kipimo
¶	alama ya aya	alama ya aya | alinea | aya
·	kitone cha kati	alama ya kitone | kati | kitone | kitone cha kati
¹	weka moja juu	herufijuu | moja | weka moja juu
»	vishale viwili vinavyoelekea kulia	dondoa | kareti | kulia | mwango | pembe | tepe | vishale viwili vinavyoelekea kulia
¿	alama ya kuuliza iliyopinduliwa	alama ya kuuliza | alama ya kuuliza iliyopinduliwa | iliyopinduliwa | swali
×	alama ya kuzidisha	alama ya kuzidisha | kuzidisha | mara nyingi | zidisha
÷	alama ya kugawanya	alama iliyoashiria maandishi ya kutiliwa shaka | alama ya kugawanya | gawanya | kugawanya
֏	Dram ya Armenia	
؋	Afghani ya Afghanistan	
،	koma ya kiarabu	kiarabu | koma | koma ya kiarabu
؛	nuktamkato ya kiarabu	kiarabu | nukta-mkato | nuktamkato ya kiarabu
؟	alama ya kuuliza ya kiarabu	alama ya kuuliza | alama ya kuuliza ya kiarabu | kiarabu | swali
৳	Taka ya Bangladesh	
฿	Baht ya Tailandi	
៛	Riel ya Kambodia	
‐	kistariungio	kistari | kistariungio
–	kistari kirefu	kirefu | kistari
—	kistari kirefu zaidi	kistari | kistari kirefu zaidi
―	upau mlalo	kistari | mstari | upau | upau mlalo
‘	apostrofi ya kushoto	alama ya nukuu | apostrofi | apostrofi ya kushoto | nukuu | nukuu moja
’	apostrofi ya kulia	alama ya nukuu | apostrofi | apostrofi ya kulia | nukuu | nukuu moja
‚	apostrofi ya chini kulia	apostrofi | apostrofi ya chini kulia | nukuu | nukuu ya chini
“	alama ya kunukuu ya kushoto	alama ya kunukuu | alama ya kunukuu ya kushoto | manukuu | nukuu | nukuu mbili
”	alama ya kunukuu ya kulia	alama ya kunukuu | alama ya kunukuu ya kulia | manukuu | nukuu | nukuu mbili
„	alama ya kunukuu ya chini kushoto	alama ya kunukuu | alama ya kunukuu ya chini | alama ya kunukuu ya chini kushoto | manukuu | nukuu | nukuu mbili
†	alama ya kurejea	alama iliyotumika zamani katika maandishi | alama ya kurejea
‡	alama mbili za kurejea	alama iliyotumika zamani katika maandishi | alama mbili za kurejea | alama ya kurejea | mara mbili
•	tobo	kitone | tobo
…	alama ya dukuduku	alama ya dukuduku | nukta | nukta ya dukuduku | ruko
‧	sehemu ya kistariungio	kistari | kistariungio | sehemu | sehemu ya kistariungio
‰	kwa elfu	kwa elfu
′	tasa	tasa
″	tasa mbili	tasa | tasa mbili
‴	tasa tatu	tasa | tasa tatu
‸	kareti	kareti
※	alama ya kurejelea	alama ya kurejelea
‼	alama mbili za mshangao	! | !! | alama | alama mbili za mshangao | mlio mkubwa | mshangao | uakifishaji
‽	kibalagha	balagha | kibalagha | kinaya
‾	kistari cha juu	kata juu | kistari cha juu | kiunganishi
⁂	vinyota	dinku | nyota | vinyota
⁄	mkato wa sehemu	mkato wa sehemu | mkwaju
⁉	alama ya mshangao na kuuliza	! | !? | ? | alama ya mshangao na kuuliza | mshangao | swali | uakifishaji
⁻	alama ya kutoa ya juu	alama ya kutoa | alama ya kutoa ya juu | juu
₡	Colon ya Kostarika	
₢	kruzeiro	BRB | kruzeiro | sarafu
₣	faranga ya ufaransa	faranga | faranga ya ufaransa | sarafu
₤	lira	lira | sarafu
₥	mill	mil | mill
₦	Naira ya Nigeria	
₨	rupii	rupii | sarafu
₩	won	KPW | KRW | won
₪	Shekeli Mpya ya Israel	
₫	Dong ya Vietnam	
€	yuro	EUR | sarafu | yuro
₭	Kip ya Laosi	
₮	Tugrik ya Mongolia	
₰	peni ya ujerumani	peni ya ujarumani | peni ya ujerumani | pfennig | sarafu
₱	peso	peso
₲	Guarani ya Paragwai	
₳	austral	ARA | austral | sarafu
₴	Hryvnia ya Ukraine	
₵	Cedi ya Ghana	
₶	livre tournois	livre tournois | sarafu
₷	spesmilo	sarafu | spesmilo
₸	Tenge ya Kazakhstan	
₹	rupia ya india	rupia | rupia ya india | sarafu
₺	Lira ya Uturuki	
₼	Manat ya Azerbaijan	
₽	rubo	rubo | sarafu
₾	Lari ya Jojia	
₿	bitcoin	bitcoin | BTC
℗	hakimiliki ya rekodi ya sauti	hakimiliki | hakimiliki ya rekodi ya sauti | rekodi | sauti
™	chapa ya biashara	alama | alama ya biashara | chapa ya biashara
ℹ	kitufe cha maelezo	i | kitufe cha maelezo | maelezo
←	mshale unaoelekea kushoto	kushoto | mshale | mshale unaoelekea kushoto
↑	mshale unaoelekea juu	juu | mshale | mshale unaoelekea juu
→	mshale unaoelekea kulia	kulia | mshale | mshale unaoelekea kulia
↓	mshale unaoelekea chini	chini | mshale | mshale unaoelekea chini
↔	mshale unaoeleza kushoto na kulia	mshale | mshale unaoeleza kushoto na kulia | pande zote
↕	mshale unaoelekeza chini na juu	mshale | mshale unaoelekeza chini na juu
↖	mshale unaoelekeza juu kushoto	kaskazini magharibi | kati ya sehemu kuu ya dira | mshale | mshale unaoelekeza juu kushoto | mshale unaoelekeza kaskazini magharibi | uelekeo
↗	mshale unaoelekeza juu kulia	kaskazini mashariki | kati ya sehemu kuu ya dira | mshale | mshale unaoelekeza juu kulia | uelekeo
↘	mshale unaoelekeza chini kulia	kaskazini kusini mashariki | kati ya sehemu kuu ya dira | kusini mashariki | mshale | mshale unaoelekeza chini kulia | mwelekeo | uelekeo
↙	mshale unaoelekeza chini kushoto	kati ya sehemu kuu ya dira | kusini magharibi | mshale | mshale unaoelekeza chini kushoto | uelekeo
↚	mkwaju na kishale kinachoelekea kushoto	mkwaju na kishale kinachoelekea kushoto
↛	mkwaju na kishale kinachoelekea kulia	mkwaju na kishale kinachoelekea kulia
↜	kishale cha kiwimbi kinachoelekea kushoto	kishale cha kiwimbi kinachoelekea kushoto
↝	kishale cha kiwimbi kinachoelekea kulia	kishale cha kiwimbi kinachoelekea kulia
↞	kishale chenye vichwa viwili vinavyoelekea kushoto	kishale chenye vichwa viwili vinavyoelekea kushoto
↟	kishale chenye vichwa viwili vinavyoelekea juu	kishale chenye vichwa viwili vinavyoelekea juu
↠	kishale chenye vichwa viwili vinavyoelekea kulia	kishale chenye vichwa viwili vinavyoelekea kulia
↡	kishale chenye vichwa viwili vinavyoelekea chini	kishale chenye vichwa viwili vinavyoelekea chini
↢	kishale chenye mkia unaoelekea kushoto	kishale chenye mkia unaoelekea kushoto
↣	kishale chenye mkia unaoelekea kulia	kishale chenye mkia unaoelekea kulia
↤	kishale kinachoelekea kushoto kutoka kwenye upao	kishale kinachoelekea kushoto kutoka kwenye upao
↥	kishale kinachoelekea juu kutoka kwenye upao	kishale kinachoelekea juu kutoka kwenye upao
↦	kishale kinachoelekea kulia kutoka kwenye upao	kishale kinachoelekea kulia kutoka kwenye upao
↧	kishale kinachoelekea chini kutoka kwenye upao	kishale kinachoelekea chini kutoka kwenye upao
↨	kishale cha juu chini chenye upao	kishale cha juu chini chenye upao
↩	mshale wa kulia unaopinda kushoto	mshale | mshale wa kulia unaoelekeza kushoto | mshale wa kulia unaopinda kushoto
↪	mshale wa kushoto unaopinda kulia	elekea kulia | geukia kulia | mshale | mshale wa kushoto unaopinda kulia
↫	kishale kilichosokota kinachoelekea kushoto	kishale kilichosokota kinachoelekea kushoto
↬	kishale kilichosokota kinachoelekea kulia	kishale kilichosokota kinachoelekea kulia
↭	kishale cha kiwimbi chenye ncha pande mbili	kishale cha kiwimbi chenye ncha pande mbili
↮	kishale kinachoashiria kulia na kushoto	kishale kinachoashiria kulia na kushoto
↯	zigizagi yenye kishale kinachoelekea chini	zigizagi | zigizagi yenye kishale kinachoelekea chini
↰	kishale kinachoelekea juu chenye ncha iliyopinda kushoto	kishale kinachoelekea juu chenye ncha iliyopinda kushoto
↱	kishale kinachoelekea juu chenye ncha iliyopinda kulia	kishale kinachoelekea juu chenye ncha iliyopinda kulia
↲	kishale kinachoelekea chini ncha ikipinda kushoto	kishale kinachoelekea chini ncha ikipinda kushoto
↳	kishale kinachoelekea chini ncha ikipinda kulia	kishale kinachoelekea chini ncha ikipinda kulia
↴	kishale cha chini chenye kona inayopinda kulia	kishale cha chini chenye kona inayopinda kulia
↵	kishale cha chini chenye kona inayopinda kushoto	kishale cha chini chenye kona inayopinda kushoto
↶	kishale nusu mviringo kinachoelekea kinyume saa	kishale nusu mviringo kinachoelekea kinyume saa
↷	kishale nusu mviringo kinachoelekea kisaa	kishale nusu mviringo kinachoelekea kisaa
↸	kishale cha upau wa kasakazini magharibi	kishale cha kaskazini magharibi kinachoegemea upao | kishale cha upau wa kasakazini magharibi
↹	kishale kinachoelekea kushoto juu ya kishale kinachoelekea kulia	kishale | kishale kinachoelekea kushoto juu ya kishale kinachoelekea kulia | kushoto | upao | vishale vya upau wa kushoto juu ya kulia
↺	kishale cha mviringo wazi kinachoelekea kinyume cha saa	kishale cha mviringo wazi kinachoelekea kinyume cha saa
↻	kishale cha mviringo wazi kinachoelekea kisaa	kishale cha mviringo wazi kinachoelekea kisaa
↼	chusa chenye chembe inayoelekea juu kushoto	chembe | chusa chenye chembe inayoelekea juu kushoto
↽	chusa chenye chembe inayoelekea chini kushoto	chembe | chusa chenye chembe inayoelekea chini kushoto
↾	chusa kinachoelekea juu chenye chembe cha kulia	chembe | chusa kinachoelekea juu chenye chembe cha kulia
↿	chusa kinachoelekea juu chenye chembe cha kushoto	chembe | chembe cha chusa kinachoelekea juu | chusa kinachoelekea juu chenye chembe cha kushoto
⇀	chusa chenye chembe inayoelekea juu kulia	chembe | chusa chenye chembe inayoelekea juu kulia
⇁	chusa chenye chembe inayoelekea chini kulia	chembe | chusa chenye chembe inayoelekea chini kulia
⇂	chusa kinachoelekea chini chenye chembe cha kulia	chusa | chusa kinachoelekea chini chenye chembe cha kulia
⇃	chusa kinachoelekea chini chenye chembe cha kushoto	chembe | chusa kinachoelekea chini chenye chembe cha kushoto
⇄	kishale cha kulia juu ya kishale cha kushoto	kishale cha kulia juu ya kishale cha kushoto
⇅	mshale unaoelekea juu na mwingine chini	chini | juu | mshale | mshale unaoelekea juu na mwingine chini
⇆	mshale unaoelekea kushoto juu ya mshale unaoelekea kulia	kulia | kushoto | mshale | mshale unaoelekea kushoto juu ya mshale unaoelekea kulia
⇇	vishale pacha vinavyoelekea kushoto	vishale pacha vinavyoelekea kushoto
⇈	vishale pacha vinavyoelekea juu	vishale pacha vinavyoelekea juu
⇉	vishale pacha vinavyoelekea kulia	vishale pacha vinavyoelekea kulia
⇊	vishale pacha vinavyoelekea chini	vishale pacha vinavyoelekea chini
⇋	chusa kinachoelekea kushoto juu ya chusa kinachoelekea kulia	chusa kinachoelekea kushoto juu ya chusa kinachoelekea kulia
⇌	chusa kinachoelekea kulia juu ya chusa kinachoelekea kushoto	chusa kinachoelekea kulia juu ya chusa kinachoelekea kushoto
⇍	vishale pacha vyenye ncha moja kushoto vina mkato	vishale pacha vyenye ncha moja kushoto vina mkato
⇎	vishale pacha vyenye ncha pande zote vina mkato	vishale pacha vyenye ncha pande zote vina mkato
⇏	vishale pacha vyenye ncha moja kulia vina mkato	vishale pacha vyenye ncha moja kulia vina mkato
⇐	vishale pacha vyenye ncha moja kushoto	vishale pacha vyenye ncha moja kushoto
⇑	vishale pacha vyenye ncha moja kuelekea juu	vishale pacha vyenye ncha moja kuelekea juu
⇒	vishale pacha vyenye ncha moja kulia	vishale pacha vyenye ncha moja kulia
⇓	vishale pacha vyenye ncha moja kuelekea chini	vishale pacha vyenye ncha moja kuelekea chini
⇔	vishale pacha vyenye ncha pande zote	vishale pacha vyenye ncha pande zote
⇖	vishale pacha vyenye ncha kaskazini magharibi	vishale pacha vyenye ncha kaskazini magharibi
⇗	vishale pacha vyenye ncha kaskazini mashariki	vishale pacha vyenye ncha kaskazini mashariki
⇘	vishale pacha vyenye ncha kusini mashariki	vishale pacha vyenye ncha kusini mashariki
⇙	vishale pacha vyenye ncha kusini magharibi	vishale pacha vyenye ncha kusini magharibi
⇚	vishale vitatu vyenye ncha moja kushoto	vishale vitatu vyenye ncha moja kushoto
⇛	vishale vitatu vyenye ncha moja kulia	vishale vitatu vyenye ncha moja kulia
⇜	mcharazo wenye kishale cha kushoto	mcharazo wenye kishale cha kushoto
⇝	mcharazo wenye kishale cha kulia	mcharazo wenye kishale cha kulia
⇞	kishale kinachoelekea juu chenye mikato miwili	kishale kinachoelekea juu chenye mikato miwili
⇟	kishale kinachoelekea chini chenye mikato miwili	kishale kinachoelekea chini chenye mikato miwili
⇠	kishale cha deshi cha kushoto	kishale cha deshi cha kushoto
⇡	kishale cha deshi kinachoelekea juu	kishale cha deshi kinachoelekea juu
⇢	kishale cha deshi cha kulia	kishale cha deshi cha kulia
⇣	kishale cha deshi kinachoelekea chini	kishale cha deshi kinachoelekea chini
⇤	upao wa kishale cha kushoto	upao wa kishale cha kushoto
⇥	upao wa kishale cha kulia	upao wa kishale cha kulia
⇦	kishale wazi kinachoelekea kushoto	kishale wazi kinachoelekea kushoto
⇧	kishale wazi kinachoelekea juu	kishale wazi kinachoelekea juu
⇨	kishale wazi kinachoelekea kulia	kishale wazi kinachoelekea kulia
⇩	kishale wazi kinachoelekea chini	kishale wazi kinachoelekea chini
⇪	kishale wazi chenye mkato kinachoelekea juu	kishale wazi chenye mkato kinachoelekea juu
⇵	kishale cha kushoto chini cha kulia juu	kishale cha kushoto chini cha kulia juu
∀	kwa yote	ikiwa | jumla | kwa yote | yote | yoyote
∂	mgawango tenguo	mgawango tenguo | tenguo
∃	kuna	kuna
∅	seti kapa	hesabu | seti kapa | ukokotoaji
∆	nyongeza	nyongeza | pembetatu
∇	nabla	nabla | pembetatu
∈	memba ya	inajumuisha | memba | memba ya | seti | umemba
∉	si memba	memba | si memba
∋	ina kama memba	ina kama memba | memba
∎	mwisho wa thibitisho	halmosi | mwisho wa thibitisho | q.e.d | qed
∏	zao la mpango wa n	mantiki | zao | zao la mpango wa n
∑	jumla ya mpango wa n	hisabati | jumla ya mpango wa n | ujumlishaji
−	alama ya kutoa	alama ya kutoa | ondoa | toa
∓	jumlisha au toa	jumlisha au toa | jumlisha toa
∕	deshi ya gawanya	deshi ya gawanya | mkato | sleshi
∗	kinyota cha kukokotoa	fomula ya kinyota | kinyota cha kukokotoa | nyota
∘	kiduara cha kukokotoa	kiduara cha kukokotoa | kikokotoo | kivungo
∙	nukta ya kukokotoa	kikokotoo | nukta ya kukokotoa
√	kipeo cha pili	isiyoeleweka | kipeo | kipeo cha pili | mraba | mzizi
∝	kadiri	kadiri | ulinganifu
∞	alama ya isiyokoma	alama ya isiyokoma | isiyokoma
∟	pembe mraba	hesabati | pembe mraba
∠	pembe	kali | pembe
∣	hugawanya	hugawanya | kigawanyi
∥	sambamba	sambamba
∧	mantiki na	kabari | mantiki | mantiki na
∩	ungano	seti | ungano
∪	muungano	mkusanyiko | muungano | seti
∫	rejeo	kalkulasi | rejeo
∬	rejeo mbili	kalkulasi | rejeo mbili
∮	rejeo ya kontua	rejeo ya kontua
∴	hivyo basi	hivyo basi | mantiki
∵	kwa sababu	kwa sababu | mantiki
∶	uwiano	uwiano
∷	kiwango	kadiri | kiwango | uwianisho
∼	kiwimbi cha kikokotoo	fomula | kiwimbi cha kikokotoo
∽	kiwimbi kinyume	kiwimbi | kiwimbi kinyume
∾	s iliyopindwa kulala	s iliyopindwa kulala
≃	usawa usopacha	asimptoti | hesabu | usawa usopacha
≅	karibia sawa na	aisomofu | hesabu | karibia sawa na | karibu sawa na | usawa
≈	karibu inalingana	kadirio | karibia | karibu inalingana
≌	yote sawa	hesabu | usawa | yote sawa
≒	inakaribia kuwa sawa na picha	inakaribia kuwa sawa na picha
≖	usawa wa kujumlisha	hisabati | usawa | usawa wa kujumlisha
≠	hailingani	hailingani | isiyolingana | kutokuwa sawa
≡	inafanana na	hasa | inafanana | inafanana na | mara tatu
≣	ni sawa kabisa	hesabu | ni sawa kabisa | sawa kabisa | usawa
≤	chini ya au lingana	chini ya | chini ya au lingana | inalingana | kutokuwa sawa | lingana
≥	zaidi ya au lingana	inalingana | kutokuwa sawa | lingana | zaidi ya | zaidi ya au lingana
≦	chini ya juu ya sawa	chini ya juu ya sawa | hisabati | kukosa usawa
≧	zaidi ya juu ya sawa	hesabu | ukosefu wa usawa | zaidi ya juu ya sawa
≪	chache zaidi ya	chache zaidi ya | hesabu | ukosefu wa usawa
≫	kubwa zaidi ya	hesabu | kubwa zaidi ya | ukosefu wa usawa
≬	kati ya	kati ya
≮	si chini ya	hisabati | si chini ya | si sawa
≯	si zaidi ya	hisabati | si sawa | si zaidi ya
≳	kisawe cha kubwa kuliko	hisabati | kisawe cha kubwa kuliko | ukosefu wa usawa
≺	inatangulia	hisabati | inatangulia | kigawanyaji cha seti
≻	inafuata	hisabati | inafuata | kigawanyaji cha seti
⊁	haifuati	haifuati | hisabati | kigawanyaji cha seti
⊂	seti ndogo ya	seti | seti ndogo | seti ndogo ya
⊃	seti kuu	hisabati | kigawanyaji cha seti | seti kuu
⊆	sawa na seti ndogo	sawa na seti ndogo
⊇	sawa na seti kuu	hisabati | sawa na seti kuu | usawa
⊕	jumlisha kwenye duara	jumlisha | jumlisha kwenye duara
⊖	ondoa kwenye duara	mmomonyoko | ondoa kwenye duara | utofauti pacha
⊗	zidisha kwenye duara	tokeo | uzidishaji | zidisha kwenye duara
⊘	gawanya kwenye duara	gawanya kwenye duara | hisabati | kama kugawa
⊙	nukta ya kukokotoa kwenye duara	kigawanyaji | nukta ya kukokotoa kwenye duara | XNOR
⊚	ringi ya kugawanya kwenye duara	ringi ya kugawanya kwenye duara
⊛	kinyota cha kugawanya kwenye duara	kigawanyaji | kinyota | kinyota cha kugawanya kwenye duara
⊞	jumlisha kwenye mraba	hisabati | jumlisha kwenye mraba | kama jumlisha
⊟	ondoa kwenye mraba	hisabati | kama alama ya ondoa | ondoa kwenye mraba
⊥	taki wima	taki | taki wima
⊮	hailazimishi	hailazimishi
⊰	kutangulia kwenye uhusiano	hisabati | kigawanyaji cha seti | kutangulia kwenye uhusiano
⊱	kufuata kwenye uhusiano	hisabati | kigawanyaji cha seti | kufuata kwenye uhusiano
⊶	asili	asili
⊹	solo la unyambuaji wa hermite	hisabati | matriksi inayojiunganisha | solo la unyambuaji wa hermite | solo mraba
⊿	pembe tatu mraba	hesabu | pembe tatu mraba
⋁	mantiki ya n-ary au	mantiki | mantiki ya n-ary au | utengano
⋂	makutano ya n-ary	hesabu | kikokotoo | makutano | makutano ya n-ary
⋃	muunganiko wa n-ary	hesabu | kikokotoo | muunganiko | muunganiko wa n-ary
⋅	nukta ya kigawanyaji	kigawanyaji | nukta ya kigawanyaji
⋆	nyota ya kigawanyaji	kigawanyaji | nyota ya kigawanyaji
⋈	muunganiko asili	kigawanyaji pacha | muunganiko asili
⋒	makutano pacha	hesabu | kigawanyaji | makutano | makutano pacha
⋘	chini zaidi ya	chini zaidi ya | hisabati | ukosefu wa usawa
⋙	kubwa zidi ya	hisabati | kubwa zidi ya | ukosefu wa usawa
⋭	haina kama kikundi kidogo kwenye sawa	haina kama kikundi kidogo kwenye sawa | hisabati | nadharia ya kundi
⋮	nukta tatu zilizo wima	hisabati | nukta tatu zilizo wima | udondoshaji
⋯	nukta tatu katikati ya mstari	nukta tatu katikati ya mstari | udondoshaji
⋰	nukta tatu za kimshazari kulia juu	hisabati | nukta tatu za kimshazari kulia | nukta tatu za kimshazari kulia juu | udondoshaji
⋱	nukta tatu za kimshazari kulia chini	hisabati | nukta tatu za kimshazari kulia chini | udondoshaji
⌨	kibodi	kibodi | kompyuta
⏏	kitufe cha kutoa	kitufe cha kutoa | ondoa
⏭	kitufe cha kwenda kwenye wimbo unaofuata	ijayo | kitufe cha kwenda kwenye wimbo unaofuata | mbele | mbele hadi mwisho | mshale | pembetatu | tukio linalofuata | wimbo unaofuata
⏮	kitufe cha kurudia wimbo uliopita	kitufe cha kurudia wimbo uliopita | mshale | pembetatu | rudi nyuma | rudi nyuma hadi mwisho | tukio lililotangulia | wimbo uliotangulia
⏯	kitufe cha kucheza au kusitisha	cheza | kitufe cha kucheza au kusitisha | kulia | mshale | nenda mwisho haraka | pembetatu | sitisha
⏱	saa ya michezo	saa | saa ya michezo
⏲	saa ya kupima muda	kipima muda | saa | saa ya kupima muda
⏸	kitufe cha kusitisha	kitufe cha kusitisha | mbili | sitisha | upau | wima
⏹	kitufe cha kusimamisha	kitufe cha kusimamisha | kitufe cha kuzuia | mraba | sitisha
⏺	kitufe cha kurekodi	kitufe cha kurekodi | mduara | rekodi
Ⓜ	herufi M kwenye mduara	herufi M kwenye mduara | m | mduara
■	mraba uliokolezwa	mraba uliokolezwa
□	mraba ulio wazi	mraba ulio wazi
▢	mraba wazi ulio na pembe zilizo mviringo	mraba wazi ulio na pembe zilizo mviringo
▣	mraba wazi ulio na mraba uliojazwa ndani	mraba wazi ulio na mraba uliojazwa ndani
▤	mraba ulio na milia ya mlazo ndani	mraba ulio na milia ya mlazo ndani
▥	mraba ulio na milia ya wima ndani	mraba ulio na milia ya wima ndani
▦	mraba wenye miraba midogo ndani	mraba wenye miraba midogo ndani
▧	mraba wenye mishazari ya kushoto kulia	mraba wenye mishazari ya kushoto kulia
▨	mraba wenye mishazari ya kulia kushoto	mraba wenye mishazari ya kulia kushoto
▩	mraba wenye kunguru za mraba	mraba wenye kunguru za mraba
▪	mraba mdogo mweusi	jiometri | mraba | mraba mdogo mweusi
▫	mraba mdogo mweupe	jiometri | mraba | mraba mdogo mweupe
▬	mstatili uliojazwa	mstatili uliojazwa
▭	mstatili uliowazi	mstatili uliowazi
▮	mstatili wima uliojazwa	mstatili wima uliojazwa
▰	msambamba uliojazwa	msambamba uliojazwa
▲	pembetatu iliyojazwa inayoelekea juu	juu | mshale | pembetatu | pembetatu iliyojazwa inayoelekea juu | uliojazwa
△	pembe tatu wazi inayeolekea juu	pembe tatu wazi inayeolekea juu
▴	pembe tatu ndogo iliyojazwa	pembe tatu ndogo iliyojazwa
▵	pembe tatu ndogo iliyo wazi	pembe tatu ndogo iliyo wazi
▶	kitufe cha kucheza	cheza | kitufe cha kucheza | kulia | mshale | pembetatu
▷	pembe tatu wazi inayoelekea kulia	pembe tatu wazi inayoelekea kulia
▸	pembe tatu ndogo iliyojazwa inayoelekea kulia	pembe tatu ndogo iliyojazwa inayoelekea kulia
▹	pembe tatu ndogo iliyo wazi inayoelekea kulia	pembe tatu ndogo iliyo wazi inayoelekea kulia
►	kiashiria kilichojazwa kinachoelekea kulia	kiashiria kilichojazwa kinachoelekea kulia
▻	kiashiria kilicho wazi kinachoelekea kulia	kiashiria kilicho wazi kinachoelekea kulia
▼	pembetatu iliyojazwa inayoelekea chini	chini | iliyojazwa | mshale | pembetatu | pembetatu iliyojazwa inayoelekea chini
▽	pembe tatu wazi inayeolekea chini	pembe tatu wazi inayeolekea chini
▾	pembe tatu ndogo iliyojazwa inayoelekea chini	pembe tatu ndogo iliyojazwa inayoelekea chini
▿	pembe tatu ndogo wazi inayoelekea chini	pembe tatu ndogo wazi inayoelekea chini
◀	kitufe cha kurudisha nyuma	kitufe cha kurudisha nyuma | kurudi nyuma | kushoto | mshale | nyuma | pembetatu | rudi
◁	pembe tatu wazi inayoelekea kushoto	pembe tatu wazi inayoelekea kushoto
◂	pembe tatu ndogo iliyojazwa inayoelekea kushoto	pembe tatu ndogo iliyojazwa inayoelekea kushoto
◃	pembe tatu ndogo iliyo wazi inayoelekea kushoto	pembe tatu ndogo iliyo wazi inayoelekea kushoto
◄	kiashiria kilichojazwa kinachoelekea kushoto	kiashiria kilichojazwa kinachoelekea kushoto
◅	kiashiria kilicho wazi kinachoelekea kushoto	kiashiria kilicho wazi kinachoelekea kushoto
◆	almasi iliyojazwa	almasi iliyojazwa
◇	almasi iliyo wazi	almasi iliyo wazi
◈	almasi wazi iliyo na almasi iliyojazwa	almasi wazi iliyo na almasi iliyojazwa
◉	duara wazi iliyo na duara iliyojazwa	duara iliyo na duara ndani | duara iliyo na nukta | duara wazi iliyo na duara iliyojazwa
◊	msambamba	almasi | msambamba | msambamba sawa
○	mduara wazi	mduara | mduara wazi | pete
◌	nukta duara	nukta duara
◍	duara iliyo na mistari ya wima	duara iliyo na mistari ya wima
◎	duara ndani ya duara	duara ndani ya duara | duara pacha | shabaha
●	mduara uliojazwa	mduara | mduara uliojazwa
◐	duara iliyojazwa nusu kushoto	duara iliyojazwa nusu kushoto
◑	duara iliyojazwa nusu kulia	duara iliyojazwa nusu kulia
◒	duara iliyojazwa nusu ya chini	duara iliyojazwa nusu ya chini
◓	duara iliyojazwa nusu ya juu	duara iliyojazwa nusu ya juu
◔	duara iliyojazwa robo ya juu kulia	duara iliyojazwa robo ya juu kulia
◕	duara isiyojazwa robo ya juu kushoto	duara isiyojazwa robo ya juu kushoto
◖	duara iliyojazwa kipande cha kushoto	duara iliyojazwa kipande cha kushoto
◗	duara iliyojazwa kipande cha kulia	duara iliyojazwa kipande cha kulia
◘	mraba kinyume	mraba kinyume
◙	mraba iliojazwa wenye duara wazi	mraba iliojazwa wenye duara wazi
◜	tao la kushoto la robo ya juu ya duara	tao la kushoto la robo ya juu ya duara
◝	tao la kulia la robo ya juu ya duara	tao la kulia la robo ya juu ya duara
◞	tao la kulia la robo ya chini ya duara	tao la kulia la robo ya chini ya duara
◟	tao la kushoto la robo ya chini ya duara	tao la kushoto la robo ya chini ya duara
◠	nusu duara ya juu	nusu duara ya juu
◡	nusu duara ya chini	nusu duara ya chini
◢	pembe tatu ya chini ya kulia iliyojazwa	pembe tatu ya chini ya kulia iliyojazwa
◣	pembe tatu ya chini ya kushoto iliyojazwa	pembe tatu ya chini ya kushoto iliyojazwa
◤	pembe tatu ya juu ya kushoto iliyojazwa	pembe tatu ya juu ya kushoto iliyojazwa
◥	pembe tatu ya juu ya kulia iliyojazwa	pembe tatu ya juu ya kulia iliyojazwa
◦	tundu wazi	tundu wazi
◯	mduara mkubwa wazi	mduara | mduara mkubwa wazi | pete
◳	mraba wazi ulio na mraba mdogo robo ya kulia	mraba wazi ulio na mraba mdogo robo ya kulia
◷	mduara wazi wenye robo ya juu kulia	mduara wazi wenye robo ya juu kulia
◻	mraba wa wastani mweupe	jiometri | mraba | mraba wa wastani mweupe
◼	mraba wa wastani mweusi	jiometri | mraba | mraba mweusi | mraba wa wastani mweusi | nyeusi
◿	pembe tatu ya chini iliyo wazi	pembe tatu ya chini iliyo wazi
☀	jua	anga | hali ya hewa | jua | kung’aa | miali
☁	wingu	hali ya hewa | wingu
☂	mwavuli	hali ya hewa | mavazi | mvua | mwavuli
☃	sanamu ya mtu ya theluji	baridi | hali ya hewa | mtu wa theluji | sanamu ya mtu ya theluji | theluji
☄	kimondo	anga | kimondo
☎	simu	simu | simu ya mezani
☑	sanduku la kuteua lenye tiki	✓ | alama hakikishi | kamilika | kubali | sanduku | sanduku la kuteua lenye tiki | tia tiki
☘	shamroki	mmea | shamroki
☝	kidole cha shahada kinachoelekeza juu	cha shahada | elekeza | juu | kidole | kidole cha shahada kinachoelekeza juu | mkono
☠	fuvu na mifupa	fuvu | fuvu na mifupa | kifo | mifupa | uso | zimwi
☢	mnururisho	alama ya mnururisho | ishara | miyonzo mibaya | mnururisho
☣	tahadhari ya kibayalojia	alam ya tahadhari | tahadhari ya kibayalojia | tahadhari ya kibayolojia | tahadhari ya kibiolojia
☦	msalaba	dini | mkristo | msalaba | msalaba wa Orthodox
☪	nyota na mwezi mwandamo	dini | muislamu | nyota na mwezi mwandamo | ramadhani | uislamu
☮	alama ya amani	alama ya amani | amani
☯	yin yang	dini | maisha | mfuasi wa tao | tao | vigumu | yang | yin
☸	gurudumu la dharma	dharma | dini | gurudumu | gurudumu la dharma | mfuasi wa budha
☹	uso ulionuna	kununa | nuna | uso | uso ulionuna
☺	uso unaotabasamu	iliyobainishwa | tabasamu | tulivu | uso | uso unaotabasamu
♀	ishara ya jinsia ya kike	ishara ya jinsia ya kike | mwanamke
♂	ishara ya jinsia ya kiume	ishara ya jinsia ya kiume | mwanamume
♟	kipande cha saratanji	danganya | kipande cha saratanji | saratanji | toa mhanga
♠	shupaza	jembe | kadi | karata | karata ya jembe | mchezo | shupaza
♣	maua	kadi | kadi ua la karanga | karata | maua | mchezo | ua
♥	kopa	kadi | karata | karata ya moyo | kopa | mchezo
♦	kisu	almasi | kadi | karata | kisu | mchezo | visu
♨	chemichemi za maji ya moto	cheche | cheche za maji ya moto | chemchemi | chemcheni za maji moto | chemichemi za maji ya moto | moto | mvuke
♪	noti ya nane	muziki | nane | noti | noti ya nane
♭	kishukisho	bemolle | kishukisho | muziki | noti
♯	kipandisho	diese | diesis | kipandisho | muziki | noti
♻	alama ya kutumia tena	alama ya kutumia tena | tumia tena
♾	milele	bila kikomo | kote | milele
⚒	nyundo na sululu	nyundo | nyundo na sululu | sululu | zana
⚔	panga zilizopishanishwa	kupishanishwa | panga zilizopishanishwa | silaha | sime
⚕	ishara ya taaluma ya matibabu	dawa | ishara | ishara ya taaluma ya matibabu | tiba
⚖	mzani	haki | mizani | mzani | pima | uzito | zana | zodiaki
⚗	alembiki	alembiki | kemia | zana
⚙	gia	gia | zana
⚛	alama ya atomu	alama ya atomu | asiyemwamini Mungu | atomu
⚜	ua la yungi	ua la yungi | yungiyungi
⚠	onyo	onyo | uwe makini
⚧	ishara ya wabadili jinsia	ishara ya wabadili jinsia | wabadili jinsia
⚰	jeneza	jeneza | kifo
⚱	chombo cha kutia majivu ya maiti aliyechomwa	chombo cha kutia majivu ya maiti | chombo cha kutia majivu ya maiti aliyechomwa | kifo | msiba
⛈	wingu pamoja na radi na mvua	hali ya hewa | mvua | ngurumo | wingu | wingu mvua na radi | wingu pamoja na radi na mvua
⛏	sululu	kuchimba mgodi | nyundo | sululu | zana
⛑	helmeti iliyo na msalaba mweupe	helmeti | helmeti iliyo na msalaba mweupe | kofia | msaada | msalaba | uso
⛓	minyororo	minyororo | mnyororo
⛩	madhabahu ya shinto	dini | madhabahu | madhabahu ya shinto | shinto
⛰	mlima	mlima
⛱	mwavuli ulio kwenye ardhi	hali ya hewa | jua | mvua | mwavuli | mwavuli ulio kwenye ardhi
⛴	kivuko	boti | feri | kivuko
⛷	mtu anayecheza mchezo wa kuskii	mtu anayecheza mchezo wa kuskii | ski | theluji
⛸	viatu vya kuteleza kwenye theluji	barafu | kucheza barafuni | kuteleza | theluji | viatu vya kuteleza kwenye theluji
⛹	mtu na mpira	mchezaji wa mpira wa kikapu | mpira | mpira wa vikapu | mtu na mpira
✂	makasi	makasi | zana
✈	eropleni	eropleni | gari | ndege | ruka
✉	bahasha	bahasha | barua pepe
✌	mkono wa ushindi	mkono | mkono wa ushindi | mwili | ushindi | v
✍	mkono unaoandika	andika | mkono | mkono unaoandika | mwili
✏	penseli	penseli
✒	nibu nyeusi	kalamu | nibu | nibu nyeusi
✔	alama ya tiki	✓ | alama ya tiki | tia tiki | tiki nyeusi | tiki ya kijani
✖	zidisha	× | alama | alama ya kuzidisha | ghairi | zidisha
✝	msalaba wa kilatini	dini | mkristo | msalaba | msalaba wa kilatini
✡	nyota ya daudi	daudi | dini | myahudi | nyota | nyota ya daudi | uyahudi
✳	kinyota chenye ncha nane	* | kinyota | kinyota chenye ncha nane
✴	nyota yenye ncha nane	* | nyota | nyota yenye ncha nane
❄	chembe ya theluji	baridi | chembe chembe za theluji | chembe ya theluji | hali ya hewa | theluji
❇	metameta	* | metameta | ngara
❣	umbo la moyo lenye alama ya mshangao	alama | alama ya moyo mzito | moyo mzito | moyo wenye mshangao | mshangao | uakifishaji | umbo la moyo lenye alama ya mshangao
❤	moyo mwekundu	hisia | moyo | moyo mwekundu | upendo
➡	mshale unaoelekeza kulia	mashariki | mshale | mshale unaoelekeza kulia | muelekeo | sehemu kuu ya dira | uelekeo
⤴	mshale wa kulia unaopinda juu	mshale | mshale wa kulia unaopinda juu
⤵	mshale wa kulia unaopinda chini	chini | elekea kulia | kata kulia | mshale | mshale wa kulia unaopinda chini
⨧	alama ya jumlisha ikiwa na mbili chini	alama ya jumlisha ikiwa na mbili chini
⨯	zao la kugawanya vekta	zao la kugawanya vekta
⨼	zao la ndani	zao la ndani
⩣	mantiki au upao pacha wa chini	mantiki au upao pacha wa chini
⩽	chini ya usawa ulio hanamu	chini ya usawa ulio hanamu
⪍	chini ya juu ya alama ya sawasawa	chini ya juu ya alama ya sawasawa
⪚	laini mbili za sawa na juu ya zaidi ya	hisabati | laini mbili za sawa na juu ya zaidi ya
⪺	inafuata juu ya karibu sawa na	inafuata juu ya karibu sawa na
⬅	mshale unaoelekeza kushoto	magharibi | mshale | mshale unaoelekeza kushoto | sehemu kuu ya dira | uelekeo
⬆	mshale unaoelekeza juu	endelea | kaskazini | mshale | mshale unaoelekeza juu | sehemu kuu ya dira | uelekeo
⬇	mshale unaoangalia chini	chini | kusini | mshale | mshale unaoangalia chini | mwelekeo wa chini | sehemu kuu ya dira | uelekeo
、	koma ya idiografia	idiografia | koma | koma ya idiografia
。	kikomo cha idiografia	alama ya kikomo | idiografia | kikomo | kikomo cha idiografia
〈	fungua mabano ya pembe	chevron | fungua mabano ya pembe | mabano | mabano makali | mabano ya almasi | mabano ya pembe
〉	funga mabano ya pembe	chevron | funga mabano ya pembe | mabano | mabano makali | mabano ya almasi | mabano ya pembe
《	fungua mabano ya pembe mbili	fungua mabano ya pembe mbili | mabano | mabano ya pembe mbili
》	funga mabano ya pembe mbili	funga mabano ya pembe mbili | mabano | mabano ya pembe mbili
「	fungua mabano ya kona	fungua mabano ya kona | mabano | mabano ya kona
」	funga mabano ya kona	funga mabano ya kona | mabano | mabano ya kona
『	fungua mabano ya kona wazi	fungua mabano ya kona wazi | mabano | mabano ya kona wazi
』	funga mabano ya kona wazi	funga mabano ya kona wazi | mabano | mabano ya kona wazi
【	fungua mabano ya lenzi nyeusi	fungua mabano ya lenzi nyeusi | mabano | mabano ya lenzi
】	funga mabano ya lenzi nyeusi	funga mabano ya lenzi nyeusi | mabano | mabano ya lenzi
〔	fungua mabano ya kombe	fungua mabano ya kombe | mabano | mabano ya kombe
〕	funga mabano ya kombe	funga mabano ya kombe | mabano | mabano ya kombe
〖	fungua mabano ya lenzi wazi	fungua mabano ya lenzi wazi | mabano | mabano ya lenzi wazi
〗	funga mabano ya lenzi wazi	funga mabano ya lenzi wazi | mabano | mabano ya lenzi wazi
〰	dashi iliyopinda	dashi | dashi iliyopinda | kupinda | uakifishaji
〽	alama ya mbadala ya sehemu	alama | alama ya mbadala ya sehemu | sehemu
・	nukta ya kati ya katakana	katakana | nukta | nukta ya kati | nukta ya kati ya katakana
㊗	idiografu ya pongezi kwenye mduara	hongera | idiografu | idiografu ya pongezi kwenye mduara | kichina | pongezi
㊙	idiografu ya siri kwenye mduara	idiografu | idiografu ya siri kwenye mduara | kichina | siri
﷼	riale	riale | sarafu
🅰	kitufe chenye herufi A	a | aina ya damu | damu | kitufe | kitufe chenye herufi A
🅱	kitufe chenye herufi B	aina ya damu | b | damu | kitufe | kitufe chenye herufi B
🅾	kitufe cha O	damu | kitufe cha O | o
🅿	kitufe cha P	egesho | kitufe cha P | maegesho
🈂	katakana sa kwenye mraba	katakana sa kwenye mraba | kijapani
🈷	idiografu ya mwezi kwenye mraba	idiografu ya mwezi kwenye mraba | kijapani
🌡	pima joto	hali ya hewa | pima joto
🌤	jua nyuma ya wingu dogo	hali ya hewa | jua | jua nyuma ya wingu dogo | wingu
🌥	jua nyuma ya wingu kubwa	hali ya hewa | jua | jua nyuma ya wingu kubwa | wingu
🌦	jua nyuma ya wingu lenye mvua	hali ya jewa | jua | jua nyuma ya wingu lenye mvua | mvua | wingu
🌧	wingu lenye mvua	hali ya hewa | mvua | wingu | wingu lenye mvua
🌨	wingu lenye theluji	baridi | baridi na theluji | hali ya hewa | theluji | wingu | wingu lenye theluji
🌩	wingu lenye radi	hali ya hewa | radi | wingu | wingu lenye radi
🌪	kimbunga	hali ya hewa | kimbunga | wingu
🌫	ukungu	hali ya hewa | ukungu | wingu
🌬	uso unaopuliza upepo	hali ya hewa | puliza | upepo | uso | uso unaopuliza upepo | wingu
🌶	pilipili kali	mmea | moto | pilipili | pilipili kali
🍽	uma na kisu na sahani	kisu | kupika | sahani | uma | uma na kisu na sahani
🎖	tuzo ya kijeshi	jeshi | kusherehekea | medali | tuzo ya kijeshi
🎗	utepe wa ukumbusho	kikumbusho | kusherehekea | sherehe za kumbukumbu | utepe | utepe wa ukumbusho
🎙	maikrofoni ya studio	kinakili sauti | maikrofoni | maikrofoni ya studio | muziki | studio
🎚	kitelezi cha kurekebisha sauti	kitelezi | kitelezi cha kurekebisha sauti | kiwango | muziki
🎛	vitufe vya kudhibiti	muziki | vidhibiti | vitufe | vitufe vya kudhibiti
🎞	fremu za utepe wa filamu	filamu | fremu | fremu za utepe wa filamu | sinema
🎟	tiketi za kuingia	karibu | kuingia | tiketi | tiketi za kuingia
🏋	mbeba vyuma vizito	mazoezi ya mwili | mbeba vyuma | mbeba vyuma vizito | uzito
🏌	mcheza gofu	gofu | mcheza gofu | mpira | mwanamume anayecheza gofu
🏍	pikipiki	mashindano | pikipiki
🏎	gari la mashindano	gari | gari la mashindano | mashindano
🏔	mlima wenye theluji	baridi | mlima | mlima wenye theluji | theluji
🏕	kupiga kambi	hema | kupiga kambi | tenti
🏖	ufuo na mwavuli	mwavuli | ufuo | ufuo na mwavuli
🏗	ujenzi wa jengo	jengo | kreni ya ujenzi | ujenzi | ujenzi wa jengo
🏘	majengo ya nyumba	jengo | majengo ya nyumba | nyumba
🏙	mwonekano wa jiji	jengo | jiji | majengo | mwonekano wa jiji
🏚	jengo la nyumba lililochakaa	chakaa | jengo | jengo la nyumba lililochakaa | nyumba
🏛	jengo la zamani	jengo | jengo la zamani | zamani
🏜	jangwa	jangwa | jangwani
🏝	kisiwa cha jangwa	jangwa | kisiwa | kisiwa cha jangwa
🏞	mbuga ya taifa ya wanyama	mbuga | mbuga ya kitaifa ya wanyama | mbuga ya taifa ya wanyama
🏟	uwanja wa michezo	uga | uwanja wa michezo | uwanja wa mpira
🏳	kupeperusha bendera nyeupe	bendera nyeupe | kupeperusha | kupeperusha bendera nyeupe
🏵	waridi	mmea | waridi
🏷	lebo	lebo
🐿	kindimilia	kindi milia | kindimilia | squiro
👁	jicho	jicho | jicho moja | mwili
📽	projekta ya filamu	filamu | projekta | projekta ya filamu | sinema | video
🕉	omu	dini | kihindi | kihindu | omu
🕊	njiwa	amani | huwa | ndege | njiwa | paa | ruka
🕯	mshumaa	angaza | mshumaa | mwanga
🕰	saa ya mezani	majira | mda | saa | saa ya mezani | wakati
🕳	shimo	shimo
🕴	mwanaume aliyevaa suti anayeelea hewani	biashara | mwanamume | mwanaume aliyevaa suti anayeelea hewani | suti
🕵	mpelelezi	jasusi | mpelelezi | mtu mpelelezi
🕶	miwani ya jua	jicho | miwani | miwani ya jua | miwani ya macho | nyeusi
🕷	buibui	buibui | mdudu
🕸	tandabui	buibui | tandabui | utandu
🕹	usukani	mchezo | mchezo wa video | usukani
🖇	klipu za karatasi zilizounganishwa	klipu ya karatasi | klipu za karatasi zilizounganishwa | unganisha
🖊	kalamu	kalamu
🖋	kalamu ya wino	kalamu | kalamu ya wino
🖌	brashi ya kupaka rangi	brashi ya kupaka rangi | chora | kuchora
🖍	penseli laini	krayoni | penseli laini
🖐	mkono ulioinuliwa wenye vidole vilivyotanuliwa	kidole | mkono | mkono ulioinuliwa wenye vidole vilivyotanuliwa | mwili | tanuliwa
🖥	kompyuta ya mezani	kompyuta | kompyuta ya mezani
🖨	printa	kichapishi | kompyuta | printa
🖱	kipanya cha kompyuta	3 | kipanya | kipanya cha kompyuta | kitufe | kompyuta | tatu
🖲	kitufe cha kompyuta kinachoendesha kishale	kitufe cha kompyuta kinachoendesha kishale | kompyuta
🖼	fremu yenye picha	fremu | fremu yenye picha | kuchora | makumbusho | picha | sanaa
🗂	vigawanishi vya kadi	farahasa | kadi | vigawanishi | vigawanishi vya kadi
🗃	sanduku la faili	faili | kadi | sanduku | sanduku la faili
🗄	kabati la hati	faili | kabati | kabati la hati
🗑	ndoo la taka	kikapu cha taka | ndoo la taka | taka
🗒	daftari lililobanwa kwa waya wa mzunguko	daftari | daftari lililobanwa kwa waya wa mzunguko | dokezo | mzunguko
🗓	kalenda iliyofungwa kwa waya wa mzunguko	daftari | kalenda | kalenda iliyofungwa kwa waya wa mzunguko | mzunguko
🗜	kubana	jiliwa ya seremala | kubana | zana
🗝	ufunguo wa zamani	dalili | funga | kufuli | nzee | ufunguo | ufunguo wa zamani
🗞	gazeti lililokunjwa	gazeti | gazeti lililokunjwa | habari | karatasi | kukunjwa
🗡	sime	kisu | silaha | sime
🗣	kichwa kinachozugumza	alama ya kuzungumza | kichwa | kichwa kinachozugumza | kivuli | kuzungumza | sema | uso | zungumza
🗨	kitufe cha usemi cha kushoto	kitufe cha usemi cha kushoto | mazungumzo | usemi
🗯	kitufe cha usemi wa hasira cha kulia	ghadhabu | hasira | ishara | kitufe cha usemi wa hasira cha kulia | puto
🗳	sanduku la kupiga kura na kura	kura | sanduku | sanduku la kupiga kura na kura
🗺	ramani ya dunia	dunia | ramani | ramani ya dunia
🛋	kochi na taa	hoteli | kochi | kochi na taa | taa
🛍	mifuko ya kubebea bidhaa	hoteli | mifuko ya kubeba bidhaa baada ya kununua | mifuko ya kubebea bidhaa | mkoba | ununuzi
🛎	kengele ya mwandazi	hoteli | kengele | kengele ya mwandazi | mwandazi
🛏	kitanda	hoteli | kitanda | lala
🛠	nyundo na spana malaya	nyundo na spana malaya | nyungo | spana malaya | zana | zana za ujenzi
🛡	ngao	kinga | ngao | silaha
🛢	pipa la mafuta	mafuta | ngoma | oili | pipa la mafuta
🛣	barabara kuu	barabara | barabara kuu
🛤	njia ya reli	njia ya reli | reli | treni
🛥	motaboti	boti | gari | motaboti
🛩	ndege ndogo	gari | ndege | ndege ndogo
🛰	setilaiti	anga | angani | gari | setilaiti
🛳	meli ya abiria	abiria | meli | meli ya abiria
