# CLDR symbol names for te: symbol, tts name, keywords
# cldr-version	48
# source	https://unicode.org/Public/cldr/48/cldr-common-48.zip
# sha256	06c7c698d6fd8d67cefac15a0206b0109b00e0ef1636f86f84449fa959561f74
# icu-version	78.3
# unicode-version	17.0
# Generated by tools/cldr_symbol_names.py; do not edit.
!	ఆశ్చర్యార్థక గుర్తు	ఆశ్చర్యార్థకం | ఆశ్చర్యార్థక గుర్తు | ఆశ్చర్యార్థక స్థానం | బ్యాంగ్
#	హ్యాష్ గుర్తు	నంబర్ | పౌండ్ | హ్యాష్ | హ్యాష్ గుర్తు | హ్యాష్‌ట్యాగ్
$	డాలర్	డబ్బు | డాలర్ | పెసో | యుఎస్‌డి
%	శాతం	పర్ సెంట్ | పర్-సెంట్ | శాతం
&	అంపెర్సాండ్	et | అంపెర్సాండ్ | మరియు
'	టైప్‌వ్రైటర్ అపాస్ట్రఫీ	అపాస్ట్రఫీ | కోట్ | టైప్‌వ్రైటర్ అపాస్ట్రఫీ | సింగిల్ కోట్
)	మూసివేసిన కుండలీకరణములు	కుండలీకరణములు | పారెన్ | పారెన్స్ | బ్రాకెట్ | మూసివేసిన కుండలీకరణములు | వృత్తాకార బ్రాకెట్
*	నక్షత్రం గుర్తు	నక్షత్రం | నక్షత్రం గుర్తు | వైల్డ్‌కార్డ్
+	కూడిక చిహ్నం	కూడిక | కూడిక చిహ్నం | చేర్చు
,	కామా	కామా
-	హైఫన్-తీసివేత	డాష్ | తీసివేత | హైఫన్ | హైఫన్-తీసివేత
.	పీరియడ్	డాట్ | పీరియడ్ | విరామ చిహ్నం
/	స్లాష్	వక్రత | వర్గ్యూల్ | వాక్ | సోలిడస్ | స్ట్రోక్ | స్లాష్
:	కొలన్	కొలన్
;	సెమీకొలన్	సెమీ-కొలన్ | సెమీకొలన్
<	దీని కంటే తక్కువ	ట్యాగ్ | తెరిచిన ట్యాగ్ | దీని కంటే తక్కువ
=	సమానం	సమానం | సమానమైన
>	దీని కంటే ఎక్కువ	ట్యాగ్ | దీని కంటే ఎక్కువ | మూసివేయి ట్యాగ్
?	ప్రశ్న గుర్తు	ప్రశ్న | ప్రశ్న గుర్తు
@	గుర్తులో	అరోబా | అరోబేస్ | ఆమ్‌సాట్ | గుర్తులో | చిహ్నంలో | దీనిలో వాణిజ్యం | స్ట్రుడెల్
[	తెరిచిన చదరపు బ్రాకెట్	క్రోచెట్ | చదరపు బ్రాకెట్ | తెరిచిన చదరపు బ్రాకెట్ | బ్రాకెట్
\	బ్యాక్‌స్లాష్	బ్యాక్‌స్లాష్ | రివర్స్ సోలిడస్ | వాక్
]	మూసివేసిన చదరపు బ్రాకెట్	క్రోచెట్ | చదరపు బ్రాకెట్ | బ్రాకెట్ | మూసివేసిన చదరపు బ్రాకెట్
^	వంగిన స్వరం	ఎక్స్ఓఆర్ గుర్తు | కారెట్ | కొడవలి | చెవ్రాన్ | నియంత్రణ | పవర్ | పాయింటర్ | వంగిన | స్వరం | హ్యాట్
_	దిగువ పంక్తి	అండర్‌డాష్ | అండర్‌లైన్ | డాష్ | దిగువ డాష్ | దిగువ పంక్తి | పంక్తి
`	గంభీరమైన స్వరం	గంభీరం | గంభీరమైన స్వరం | టోన్ | స్వరం
{	తెరిచిన కర్లీ బ్రాకెట్	కర్లీ బ్రాకెట్ | కర్లీ బ్రేస్ | గుల్‌వింగ్ | తెరిచిన కర్లీ బ్రాకెట్ | బ్రాకెట్ | బ్రేస్
|	నిలువుగా ఉన్న గీత	గీత | నిలువుగా ఉన్న గీత | నిలువుగా ఉన్న బార్ | పైక్ | పైపు | బార్ | విబార్ | షెఫర్ స్ట్రోక్ | స్టిక్ | స్ట్రోక్
}	మూసివేసిన కర్లీ బ్రాకెట్	కర్లీ బ్రాకెట్ | కర్లీ బ్రేస్ | గుల్‌వింగ్ | బ్రాకెట్ | బ్రేస్ | మూసివేసిన కర్లీ బ్రాకెట్
~	టిల్డ్	టిల్డ్
¡	విలోమ ఆశ్చర్యార్థక గుర్తు	ఆశ్చర్యార్థకం | ఆశ్చర్యార్థక స్థానం | ఆశ్యర్యార్థక గుర్తు | బ్యాంగ్ | విలోమం | విలోమ ఆశ్చర్యార్థక గుర్తు
¢	సెంట్	సెంట్
£	పౌండ్	ఇజిపి | కరెన్సీ | జిబిపి | పౌండ్
¤	తెలియని కరెన్సీ	
¥	యెన్	కరెన్సీ | జెపివై | యువాన్ | యెన్ | సిఎన్‌వై
§	విభాగం	పారాగ్రాఫ్ | భాగం | విభాగం | సిల్క్రో
¨	డయేరిసిస్	ఉమ్‌లౌట్ | ట్రీమా | డయేరిసిస్
©	కాపీరైట్ చిహ్నం	కాపీరైట్ | చిహ్నం
«	ఎడమ గిలెమెట్	ఎడమ | ఎడమ గిలెమెట్ | కారెట్లు | కోణం | క్వాట్ | చేవ్రాన్ | బ్రాకెట్లు
¬	రుణాత్మకం	కాదు | రుణాత్మకం
®	రిజిస్టర్డ్ ట్రేడ్ మార్క్	ఆర్ అక్షరం | మార్క్ | రిజిస్టర్డ్ | రిజిస్టర్డ్ ట్రేడ్ మార్క్
°	డిగ్రీ	ఋజువు | గంట | డిగ్రీ
±	కూడిక-తీసివేత	కూడిక-తీసివేత
²	సూపర్ స్క్రిప్ట్ రెండు	రెండు | సూపర్ స్క్రిప్ట్ | సూపర్ స్క్రిప్ట్ రెండు | స్క్వేర్డ్
³	సూపర్ స్క్రిప్ట్ మూడు	క్యూబ్డ్ | మూడు | సూపర్ స్క్రిప్ట్ | సూపర్ స్క్రిప్ట్ మూడు
´	చురుకైన స్వరం	చురుకైన | టోన్ | స్వరం
µ	మైక్రో గుర్తు	కొలత | మైక్రో గుర్తు
¶	పేరాగ్రాఫ్ గుర్తు	అలినియా | పిల్క్రో | పేరా | పేరాగ్రాఫ్ | పేరాగ్రాఫ్ గుర్తు
·	మధ్య డాట్	ఇంటర్ పంచ్యువేషన్ | డాట్ | మధ్య
¹	సూపర్ స్క్రిప్ట్ ఒకటి	ఒకటి | సూపర్ స్క్రిప్ట్ | సూపర్ స్క్రిప్ట్ ఒకటి
»	కుడి గిలెమెట్	కారెట్లు | కుడి | కుడి గిలెమెట్ | కోణం | క్వాట్ | చేవ్రాన్ | బ్రాకెట్లు
¿	విలోమ ప్రశ్న గుర్తు	ప్రశ్న | ప్రశ్న గుర్తు | విలోమ | విలోమ ప్రశ్న గుర్తు
×	గుణింతపు గుర్తు	గుణించు | గుణింతం | గుణింతపు గుర్తు | సార్లు
÷	విభజన గుర్తు	ఒబెలస్ | విభజన | విభజన గుర్తు | విభజించు
֏	అమెరికన్ డ్రామ్	
؋	ఆఫ్ఘాన్ ఆఫ్ఘాని	
،	అరబిక్ కామా	అరబిక్ | కామా
؛	అరబిక్ సెమీకొలన్	అరబిక్ | అరబిక్ సెమీకొలన్ | సెమీ-కొలన్
؟	అరబిక్ ప్రశ్న గుర్తు	అరబిక్ ప్రశ్న గుర్తు | అరబిర్ | ప్రశ్న | ప్రశ్న గుర్తు
৳	బాంగ్లాదేశ్ టాకా	
฿	థాయ్ బాట్	
៛	కాంబోడియన్ రీల్	
‐	హైఫన్	డాష్ | హైఫన్
–	ఎన్ డాష్	ఎన్ | డాష్
—	ఎమ్ డాష్	ఎమ్ | డాష్
―	సమాంతర బార్	డాష్ | పంక్తి | బార్ | సమాంతర బార్
‘	ఎడమవైపు ఉన్న అపాస్ట్రఫీ	అపాస్ట్రఫీ | ఎడమవైపు ఉన్న అపాస్ట్రఫీ | కోట్ | సింగిల్ కోట్ | స్మార్ట్ కోట్
’	కుడివైపు ఉన్న అపాస్ట్రఫీ	అపాస్ట్రఫీ | కుడివైపు ఉన్న అపాస్ట్రఫీ | కోట్ | సింగిల్ కోట్ | స్మార్ట్ కోట్
‚	కింద కుడివైపు ఉన్న అపాస్ట్రఫీ	అపాస్ట్రఫీ | కింద కుడివైపు ఉన్న అపాస్ట్రఫీ | కోట్ | తక్కువ కోట్
“	ఎడమ కొటేషన్ గుర్తు	ఎడమ కొటేషన్ గుర్తు | కొటేషన్ | కోట్ | డబుల్ కోట్ | స్మార్ట్ కొటేషన్
”	కుడి కొటేషన్ గుర్తు	కుడి కొటేషన్ గుర్తు | కొటేషన్ | కోట్ | డబుల్ కోట్ | స్మార్ట్ కొటేషన్
„	దిగువ కుడి కొటేషన్ గుర్తు	కొటేషన్ | కోట్ | డబుల్ కోట్ | దిగువ కుడి కొటేషన్ గుర్తు | దిగువ కొటేషన్ | స్మార్ట్ కొటేషన్
†	డాగ్గర్ గుర్తు	ఆబ్లిస్క్ | ఒబేలస్ | డాగ్గర్ | డాగ్గర్ గుర్తు
‡	డబుల్ డాగ్గర్ గుర్తు	ఒబేలస్ | ఒబ్లిస్క్ | డబుల్ | డబుల్ డాగ్గర్ గుర్తు | డాగ్గర్
•	బుల్లెట్	డాట్ | బుల్లెట్
…	అండాకారం	అండాకారం | ఒమిషన్ | చుక్కలు
‧	హైఫనేషన్ స్థానం	డాష్ | స్థానం | హైఫనేషన్ స్థానం | హైఫన్
‰	పర్ మిల్లె	పర్ మిల్ | పర్ మిల్లె | పర్‌మిల్ | పర్‌మిల్లే
′	ప్రైమ్	ప్రైమ్
″	డబుల్ ప్రైమ్	డబుల్ ప్రైమ్ | ప్రైమ్
‴	ట్రిపుల్ ప్రైమ్	ట్రిపుల్ ప్రైమ్ | ప్రైమ్
‸	కేరెట్	కేరెట్
※	సూచన గుర్తు	సూచన గుర్తు
‼	ఆశ్చర్యార్థకం గుర్తులు	!! | ఆశ్చర్యార్థకం | ఆశ్చర్యార్థకం గుర్తులు | గుర్తు | బ్యాంగ్ బ్యాంగ్ | రెండు ఆశ్చర్యార్థకం గుర్తులు
‽	ఇంటర్రోబ్యాంగ్	ఇంటర్రోబ్యాంగ్
‾	ఓవర్‌లైన్	ఓవర్‌లైన్
⁂	నక్షత్ర సమూహం	నక్షత్ర సమూహం
⁄	భిన్నం స్లాష్	భిన్నం స్లాష్ | వర్గ్యూల్ | స్ట్రోక్
⁉	ఆశ్చర్యార్థకం ప్రశ్నార్థకం గుర్తు	!? | ఆశ్చర్యార్థకం | ఇంటర్రోబాంగ్ | గుర్తు | ప్రశ్నార్థకం | మార్క్
⁻	సూపర్ స్క్రిప్ట్ మైనస్	మైనస్ | సూపర్ స్క్రిప్ట్ | సూపర్ స్క్రిప్ట్ మైనస్
₡	కోస్టా రికన్ కోలోన్	
₢	క్రూజిరో	కరెన్సీ | క్రూజిరో | బిఆర్‌బి
₣	ఫ్రెంచ్ ఫ్రాంక్	కరెన్సీ | ఫ్రెంచ్ | ఫ్రెంచ్ ఫ్రాంక్
₤	లిరా	కరెన్సీ | లిరా
₥	మిల్	మిల్
₦	నైజీరియన్ నైరా	
₨	రూపాయి	కరెన్సీ | రూపాయి
₩	వాన్	కెఆర్‌డబ్ల్యూ | కెపిడబ్ల్యూ | వాన్
₪	ఇజ్రాయేలీ న్యూ షెకెల్	
₫	వియత్నామీయుల డాంగ్	
€	యూరో	ఇయుఆర్ | కరెన్సీ | యూరో
₭	లావోషన్ కిప్	
₮	మంగోలియన్ టుగ్రిక్	
₰	జర్మన్ పెన్నీ	కరెన్సీ | జర్మన్ పెన్నీ | పిఫెన్నింగ్
₱	పెసో	పెసో
₲	పరగ్వాయన్ గ్వారని	
₳	ఆస్ట్రల్	అరా | ఆస్ట్రల్ | కరెన్సీ
₴	ఉక్రేనియన్ హ్రివ్నియా	
₵	గానెయన్ సెడి	
₶	లివ్రె టూర్నోయిస్	కరెన్సీ | లివ్రె టూర్నోయిస్
₷	స్పెస్మిలో	కరెన్సీ | స్పెస్మిలో
₸	ఖజికిస్థాన్ టెంగే	
₹	భారతీయ రూపాయి	కరెన్సీ | భారతీయ రూపాయి | రూపాయి
₺	టర్కిష్ లీరా	
₼	అజర్బైజాన్ మానట్	
₽	రబల్	కరెన్సీ | రబల్
₾	జార్జియన్ లారి	
₿	బిట్‌కాయిన్	బిటిసి | బిట్‌కాయిన్
℗	ధ్వని రికార్డింగ్ కాపీరైట్	కాపీరైట్ | ధ్వని | రికార్డింగ్
™	ట్రేడ్ మార్క్ చిహ్నం	టీఎం | ట్రేడ్ | ట్రేడ్ మార్క్ చిహ్నం | ట్రేడ్‌మార్క్ | మార్క్
ℹ	సమాచారం	ఇన్ఫర్మేషన్ | సమాచారం | సమాచార మూలం
←	ఎడమవైపు చూపుతున్న బాణం	ఎడమ | ఎడమవైపు చూపుతున్న బాణం | బాణం
↑	పైకి చూపుతున్న బాణం	పైకి | పైకి చూపుతున్న బాణం | బాణం
→	కుడివైపు చూపుతున్న బాణం	కుడి | కుడివైపు చూపుతున్న బాణం | బాణం
↓	కిందికి చూపుతున్న బాణం	కింద | కిందికి చూపుతున్న బాణం | బాణం
↔	ఎడమ మరియు కుడి బాణం	ఇరువైపులా మార్గము | ఇరువైపులా మార్గము సంజ్ఞ | ఎడమ | ఎడమ మరియు కుడి బాణం | కాపీ చేసి పేస్ట్ చేయడానికి గుర్తు | కుడి | కోడ్ పాయింట్ | బాణం
↕	ఎగువ మరియు దిగువ బాణం	ఎగువ | ఎగువ మరియు దిగువ బాణం | ఎగువన మరియు దిగువన | దిగువ | బాణం | ముందుకి వెనక్కి ఉన్న బాణం
↖	ఎగువ ఎడమ బాణం	ఆరో | ఇంటర్‌కార్డినల్ | ఎగువ ఎడమ బాణం | దిక్కు | దిశ | బాణం | వాయువ్యం
↗	ఎగువ కుడి మూల బాణం	ఆరో | ఇంటర్‌కార్డినల్ | ఈశాన్యం | ఎగువ కుడి మూల బాణం | దిక్కు | దిశ | బాణం
↘	దిగువ కుడి మూల బాణం	ఆగ్నేయం | ఇంటర్ కార్డినల్ | డైరెక్షన్ | దిక్కు | దిగువ కుడి మూల బాణం | దిశ | బాణం
↙	దిగువ ఎడమ బాణం	ఆరో | దిక్కు | దిగువ ఎడమ బాణం | దిశ | నైరుతి | బాణం
↚	ఎడమవైపు బాణం స్ట్రోక్	ఎడమవైపు బాణం స్ట్రోక్
↛	కుడివైపు బాణం స్ట్రోక్	కుడివైపు బాణం స్ట్రోక్
↜	ఎడమవైపు వేవ్ బాణం	ఎడమవైపు వేవ్ బాణం
↝	కుడివైపు వేవ్ బాణం	కుడివైపు వేవ్ బాణం
↞	ఎడమవైపు రెండు తలలు ఉన్న బాణం	ఎడమవైపు రెండు తలలు ఉన్న బాణం
↟	పైవైపు రెండు తలలు ఉన్న బాణం	పైవైపు రెండు తలలు ఉన్న బాణం
↠	కుడివైపు రెండు తలలు ఉన్న బాణం	కుడివైపు రెండు తలలు ఉన్న బాణం
↡	కిందివైపు రెండు తలలు ఉన్న బాణం	కిందివైపు రెండు తలలు ఉన్న బాణం
↢	ఎడమవైపు బాణం తోక	ఎడమవైపు బాణం తోక
↣	కుడివైపు బాణం తోక	కుడివైపు బాణం తోక
↤	బార్ నుండి ఎడమవైపు బాణం	బార్ నుండి ఎడమవైపు బాణం
↥	బార్ నుండి పైవైపు బాణం	బార్ నుండి పైవైపు బాణం
↦	బార్ నుండి కుడివైపు బాణం	బార్ నుండి కుడివైపు బాణం
↧	బార్ నుండి కిందివైపు బాణం	బార్ నుండి కిందివైపు బాణం
↨	ఆధారంతో పైకి కిందికి ఉన్న బాణం	ఆధారంతో పైకి కిందికి ఉన్న బాణం
↩	ఎడమవైపు వంపు తిరిగిన కుడి బాణం	ఎడమవైపు | ఎడమవైపు వంపు తిరిగిన కుడి బాణం | కుడి | బాణం
↪	కుడివైపు వంపు తిరిగిన ఎడమ బాణం	ఎడమ | ఎడమవైపు | ఎడమవైపు నుండి తిరిగి రండి | ఎడమవైపు యూటర్న్ | కుడివైపు | కుడివైపు వంపు తిరిగిన ఎడమ బాణం | బాణం
↫	ఎడమవైపు బాణం లూప్	ఎడమవైపు బాణం లూప్
↬	కుడివైపు బాణం లూప్	కుడివైపు బాణం లూప్
↭	ఎడమ కుడి వేవ్ బాణం	ఎడమ కుడి వేవ్ బాణం
↮	ఎడమ కుడి బాణం స్ట్రోక్	ఎడమ కుడి బాణం స్ట్రోక్
↯	కిందివైపు జిగ్‌జాగ్ బాణం	కిందివైపు జిగ్‌జాగ్ బాణం
↰	పైవైపు బాణం కొన ఎడమవైపు	పైవైపు బాణం కొన ఎడమవైపు
↱	పైవైపు బాణం కొన కుడివైపు	పైవైపు బాణం కొన కుడివైపు
↲	కిందివైపు బాణం కొన ఎడమవైపు	కిందివైపు బాణం కొన ఎడమవైపు
↳	కిందివైపు బాణం కొన కుడివైపు	కిందివైపు బాణం కొన కుడివైపు
↴	కుడివైపు బాణం మూల కిందివైపు	కుడివైపు బాణం మూల కిందివైపు
↵	దిగువవైపు బాణం మూల ఎడమవైపు	దిగువవైపు బాణం మూల ఎడమవైపు
↶	అపసవ్యదిశలో ఎగువ అర్థవృత్తాకార బాణం	అపసవ్యదిశలో ఎగువ అర్థవృత్తాకార బాణం
↷	సవ్యదిశలో ఎగువ అర్థవృత్తాకార బాణం	సవ్యదిశలో ఎగువ అర్థవృత్తాకార బాణం
↸	నార్త్ వెస్ట్ బాణం పొడవైన బార్	నార్త్ వెస్ట్ బాణం పొడవైన బార్
↹	కుడివైపు బాణం బార్‌పై ఎడమవైపు బాణం బార్	కుడివైపు బాణం బార్‌పై ఎడమవైపు బాణం బార్
↺	అపసవ్యదిశలో తెరిచిన వృత్తాకార బాణం	అపసవ్యదిశలో తెరిచిన వృత్తాకార బాణం
↻	సవ్యదిశలో తెరిచిన వృత్తాకార బాణం	సవ్యదిశలో తెరిచిన వృత్తాకార బాణం
↼	ఎడమవైపు హార్పూన్ బార్బ్ పైవైపు	ఎడమవైపు హార్పూన్ బార్బ్ పైవైపు | బార్బ్
↽	ఎడమవైపు హార్పూన్ బార్బ్ కిందివైపు	ఎడమవైపు హార్పూన్ బార్బ్ కిందివైపు
↾	పైవైపు హార్పూన్ బార్బ్ కుడివైపు	పైవైపు హార్పూన్ బార్బ్ కుడివైపు
↿	పైవైపు హార్పూన్ బార్బ్ ఎడమవైపు	పైవైపు హార్పూన్ బార్బ్ ఎడమవైపు
⇀	కుడివైపు హార్పూన్ బార్బ్ పైవైపు	కుడివైపు హార్పూన్ బార్బ్ పైవైపు
⇁	కుడివైపు హార్పూన్ బార్బ్ దిగువవైపు	కుడివైపు హార్పూన్ బార్బ్ దిగువవైపు
⇂	కిందివైపు హార్పూన్ బార్బ్ కుడివైపు	కిందివైపు హార్పూన్ బార్బ్ కుడివైపు
⇃	కిందివైపు హార్పూన్ బార్బ్ ఎడమవైపు	కిందివైపు హార్పూన్ బార్బ్ ఎడమవైపు
⇄	ఎడమవైపు బాణంపై కుడివైపు బాణం	ఎడమవైపు బాణంపై కుడివైపు బాణం
⇅	పైకి మరియు కిందికి చూపుతున్న బాణాలు	కింద | పైకి మరియు కిందికి చూపుతున్న బాణాలు | పైన | బాణం
⇆	కుడి మరియు ఎడమవైపులు చూపుతున్న బాణాలు	ఎడమ | కుడి | కుడి మరియు ఎడమవైపులు చూపుతున్న బాణాలు | బాణం
⇇	ఎడమవైపు జత చేసిన బాణాలు	ఎడమవైపు జత చేసిన బాణాలు
⇈	పైవైపు జత చేసిన బాణాలు	పైవైపు జత చేసిన బాణాలు
⇉	కుడివైపు జత చేసిన బాణాలు	కుడివైపు జత చేసిన బాణాలు
⇊	కిందివైపు జత చేసిన బాణాలు	కిందివైపు జత చేసిన బాణాలు
⇋	కుడివైపు హార్పూన్‌పై ఎడమవైపు హార్పూన్	కుడివైపు హార్పూన్‌పై ఎడమవైపు హార్పూన్
⇌	ఎడమవైపు హార్పూన్‌పై కుడివైపు హార్పూన్	ఎడమవైపు హార్పూన్‌పై కుడివైపు హార్పూన్
⇍	ఎడమవైపు రెండు బాణాల స్ట్రోక్	ఎడమవైపు రెండు బాణాల స్ట్రోక్
⇎	ఎడమ కుడి రెండు బాణాల స్ట్రోక్	ఎడమ కుడి రెండు బాణాల స్ట్రోక్
⇏	కుడివైపు రెండు బాణాల స్ట్రోక్	కుడివైపు రెండు బాణాల స్ట్రోక్
⇐	ఎడమవైపు రెండు బాణాలు	ఎడమవైపు రెండు బాణాలు
⇑	పైవైపు రెండు బాణాలు	పైవైపు రెండు బాణాలు
⇒	కుడివైపు రెండు బాణాలు	కుడివైపు రెండు బాణాలు
⇓	కిందివైపు రెండు బాణాలు	కిందివైపు రెండు బాణాలు
⇔	ఎడమ కుడి రెండు బాణాలు	ఎడమ కుడి రెండు బాణాలు
⇖	నార్త్ వెస్ట్ రెండు బాణాలు	నార్త్ వెస్ట్ రెండు బాణాలు
⇗	నార్త్ ఈస్ట్ రెండు బాణాలు	నార్త్ ఈస్ట్ రెండు బాణాలు
⇘	సౌత్ ఈస్ట్ రెండు బాణాలు	సౌత్ ఈస్ట్ రెండు బాణాలు
⇙	సౌత్ వెస్ట్ రెండు బాణాలు	సౌత్ వెస్ట్ రెండు బాణాలు
⇚	ఎడమవైపు మూడు బాణాలు	ఎడమవైపు మూడు బాణాలు
⇛	కుడివైపు మూడు బాణాలు	కుడివైపు మూడు బాణాలు
⇜	ఎడమవైపు స్విగ్ల్ బాణం	ఎడమవైపు స్విగ్ల్ బాణం
⇝	కుడివైపు స్విగ్ల్ బాణం	కుడివైపు స్విగ్ల్ బాణం
⇞	పైవైపు బాణం రెండు స్ట్రోక్‌లు	పైవైపు బాణం రెండు స్ట్రోక్‌లు
⇟	కిందివైపు బాణం రెండు స్ట్రోక్‌లు	కిందివైపు బాణం రెండు స్ట్రోక్‌లు
⇠	ఎడమవైపు డాష్ ఉన్న బాణం	ఎడమవైపు డాష్ ఉన్న బాణం
⇡	పైవైపు డాష్ ఉన్న బాణం	పైవైపు డాష్ ఉన్న బాణం
⇢	కుడివైపు డాష్ ఉన్న బాణం	కుడివైపు డాష్ ఉన్న బాణం
⇣	కిందివైపు డాష్ ఉన్న బాణం	కిందివైపు డాష్ ఉన్న బాణం
⇤	ఎడమవైపు బాణం బార్	ఎడమవైపు బాణం బార్
⇥	కుడివైపు బాణం బార్	కుడివైపు బాణం బార్
⇦	ఎడమవైపు బోలుగా ఉన్న బాణం	ఎడమవైపు బోలుగా ఉన్న బాణం
⇧	పైవైపు బోలుగా ఉన్న బాణం	పైవైపు బోలుగా ఉన్న బాణం
⇨	కుడివైపు బోలుగా ఉన్న బాణం	కుడివైపు బోలుగా ఉన్న బాణం | యారో | హ్యాలో
⇩	కిందివైపు బోలుగా ఉన్న బాణం	కిందివైపు బోలుగా ఉన్న బాణం
⇪	బార్ నుండి పైవైపు బోలుగా ఉన్న బాణం	బార్ నుండి పైవైపు బోలుగా ఉన్న బాణం
⇵	కిందివైపు బాణం ఎడమవైపు పైవైపు బాణం	కిందివైపు బాణం ఎడమవైపు పైవైపు బాణం
∀	అందరికీ	అందరికీ
∂	పాక్షిక భేదాత్మకం	పాక్షిక భేదాత్మకం
∃	మూడు ఉన్నాయి	మూడు ఉన్నాయి
∅	ఖాళీ సెట్	ఖాళీ సెట్
∆	వృద్ధి	త్రిభుజం | వృద్ధి
∇	నాబ్లా	త్రిభుజం | నాబ్లా
∈	యొక్క మూలకం	కలిగి ఉంటుంది | మూలకం | యొక్క మూలకం | సభ్యత్వం | సెట్
∉	మూలకం కాదు	మూలకం కాదు
∋	సభ్యుడి వలె కలిగి ఉంటుంది	సభ్యుడి వలె కలిగి ఉంటుంది
∎	తుది రుజువు	క్యు.ఇ.డి. | క్యుఇడి | తుది రుజువు | సమాధి రాయి | హాల్మోస్
∏	ఎన్-అరీ ఉత్పత్తి	ఉత్పత్తి | ఎన్-అరీ ఉత్పత్తి | లాజిక్
∑	ఎన్-అరీ సమ్మషన్	ఎన్-అరీ సమ్మషన్ | గణితశాస్త్రం | సమ్మషన్
−	తీసివేత చిహ్నం	తీసివేత | తీసివేత చిహ్నం | తీసివేయి
∓	మైనస్-లేదా-ప్లస్	ప్లస్-మైనస్ | మైనస్-లేదా-ప్లస్
∕	విభజన స్లాష్	వర్గ్యూల్ | విభజన స్లాష్ | స్ట్రోక్ | స్లాష్
∗	నక్షత్రం ఆపరేటర్	నక్షత్రం | నక్షత్రం ఆపరేటర్
∘	రింగ్ ఆపరేటర్	ఆపరేటర్ | కంపోజిషన్ | రింగ్ ఆపరేటర్
∙	బుల్లెట్ ఆపరేటర్	ఆపరేటర్ | బుల్లెట్ ఆపరేటర్
√	వర్గమూలం	చదరపు | రాడికల్ | రాడిక్స్ | రూట్ | వర్గమూలం | సర్డ్
∝	అనుపాతం	అనుపాతం | అనుపాతకత్వం
∞	అనంతం గుర్తు	అనంతం | అనంతం గుర్తు
∟	లంబ కోణం	గణితశాస్త్రం | లంబ కోణం
∠	కోణం	కోణం | చురుకైన
∣	విభజిస్తుంది	విభజిస్తుంది | విభాజకము
∥	సమాంతరం	సమాంతరం
∧	లాజికల్ అండ్	ఎసి | మరియు ఇలాగా | ముక్కోణము | లాజికల్ అండ్
∩	ఇంటర్‌సెక్షన్	ఇంటర్‌సెక్షన్ | సెట్
∪	యూనియన్	కలెక్షన్ | యూనియన్ | సెట్
∫	కలనము	కలనము | సమగ్రత
∬	డబుల్ ఇంటిగ్రల్	కలనము | డబుల్ ఇంటిగ్రల్
∮	ఆకృతి సమగ్రత	ఆకృతి సమగ్రత
∴	కాబట్టి	కాబట్టి | లాజిక్
∵	ఎందుకంటే	ఎందుకంటే | లాజిక్
∶	నిష్పత్తి	నిష్పత్తి
∷	అనుపాతము	అనుపాతం | అనుపాతకత్వం | అనుపాతము
∼	టిల్డ్ ఆపరేటర్	ఆపరేటర్ | టిల్డ్ ఆపరేటర్
∽	రివర్స్డ్ టిల్డ్	టిల్డ్ | రివర్స్డ్ టిల్డ్
∾	విలోమ లేజీ ఎస్	విలోమ లేజీ ఎస్
≃	అసింప్టోటికల్లీ సమానం	అనంతస్పర్శరేఖ | అసింప్టోటికల్లీ సమానం | గణితశాస్త్రం
≅	సుమారు సమానంగా	ఆనుగుణ్యత | గణితశాస్త్రం | సమరూపత | సమానత | సుమారు సమానంగా
≈	దాదాపు సమానం	అంచనా | దాదాపు సమానం | సుమారు
≌	మొత్తం సమానం	గణితశాస్త్రం | మొత్తం సమానం | సమానత
≒	చిత్రానికి సుమారుగా సమానం	చిత్రానికి సుమారుగా సమానం
≖	సమానంలో రింగ్	గణితశాస్త్రం | సమానత | సమానంలో రింగ్
≠	సమానం కాదు	అసమానత | సమానం కాదు | సమానత్వం కాదు
≡	దీనిలా	ఖచ్చితంగా | ట్రిపుల్ | దీనిలా | సరిపోలిన
≣	ఖచ్చితంగా సమానం	ఖచ్చితంగా సమానం | గణితశాస్త్రం | సమానత
≤	దీని కంటే తక్కువ లేదా సమానం	అసమానత | దీని కంటే తక్కువ | దీని కంటే తక్కువ లేదా సమానం | సమానం
≥	దీని కంటే ఎక్కువ లేదా సమానం	అసమానత | దీని కంటే ఎక్కువ | దీని కంటే ఎక్కువ లేదా సమానం | సమానం
≦	సమానం కంటే తక్కువ	అసమానత | గణితశాస్త్రం | సమానం కంటే తక్కువ
≧	సమానం కంటే ఎక్కువ	అసమానత | గణితశాస్త్రం | సమానం కంటే ఎక్కువ
≪	దీని కంటే చాలా తక్కువ	అసమానత | గణితశాస్త్రం | దీని కంటే చాలా తక్కువ
≫	దీని కంటే చాలా ఎక్కువ	అసమానత | గణితశాస్త్రం | దీని కంటే చాలా ఎక్కువ
≬	మధ్య	మధ్య
≮	దీని కంటే తక్కువ కాదు	అసమానత | గణితశాస్త్రం | దీని కంటే తక్కువ కాదు
≯	దీని కంటే ఎక్కువ కాదు	అసమానత | గణితశాస్త్రం | దీని కంటే ఎక్కువ కాదు
≳	సమానము కంటే ఎక్కువ	అసమానత | గణితశాస్త్రం | సమానము కంటే ఎక్కువ
≺	ముందు	గణితశాస్త్రం | ముందు | సెట్ ఆపరేటర్
≻	విజయవంతం అవుతుంది	గణితశాస్త్రం | విజయవంతం అవుతుంది | సెట్ ఆపరేటర్
⊁	విజయవంతం కాదు	గణితశాస్త్రం | విజయవంతం కాదు | సెట్ ఆపరేటర్
⊂	యొక్క సబ్‌సెట్	యొక్క సబ్‌సెట్ | సబ్‌సెట్ | సెట్
⊃	సూపర్‌సెట్	గణితశాస్త్రం | సూపర్‌సెట్ | సెట్ ఆపరేటర్
⊆	ఉపసెట్ సమానం	ఉపసెట్ సమానం
⊇	సూపర్‌సెట్ సమానం	గణితశాస్త్రం | సమానత | సూపర్‌సెట్ సమానం
⊕	వృత్తాకార ప్లస్	ప్లస్ | వృత్తాకార ప్లస్
⊖	వృత్తాకార మైనస్	తీసివేత | వృత్తాకార మైనస్ | సుష్ట వ్యత్యాసం
⊗	వృత్తాకార సమయాలు	ఉత్పత్తి | టెన్సర్ | వృత్తాకార సమయాలు
⊘	వృత్తాకార విభజన స్లాష్	గణితశాస్త్రం | విభజన-వంటి | వృత్తాకార విభజన స్లాష్
⊙	వృత్తాకార డాట్ ఆపరేటర్	ఆపరేటర్ | వృత్తాకార డాట్ ఆపరేటర్
⊚	వృత్తాకార రింగ్ ఆపరేటర్	వృత్తాకార రింగ్ ఆపరేటర్
⊛	వృత్తాకార నక్షత్రం ఆపరేటర్	ఆపరేటర్ | వృత్తాకార డాట్ ఆపరేటర్ | వృత్తాకార నక్షత్రం ఆపరేటర్
⊞	స్క్వేర్డ్ ప్లస్	కూడిక-వంటి | గణితశాస్త్రం | స్క్వేర్డ్ ప్లస్
⊟	స్క్వేర్డ్ మైనస్	గణితశాస్త్రం | తీసివేత-వంటి | స్క్వేర్డ్ మైనస్
⊥	అప్ టాక్	అప్ టాక్ | ఈట్ | టాక్ | ఫాల్సమ్
⊮	బలవంతం చేయదు	బలవంతం చేయదు
⊰	సంబంధం ప్రకారం కొనసాగుతుంది	గణితశాస్త్రం | సంబంధం ప్రకారం కొనసాగుతుంది | సెట్ ఆపరేటర్
⊱	సంబంధం ప్రకారం విజయవంతం అవుతుంది	గణితశాస్త్రం | సంబంధం ప్రకారం విజయవంతం అవుతుంది | సెట్ ఆపరేటర్
⊶	వాస్తవం	వాస్తవం
⊹	హెర్మిటియన్ కంజుగేట్ మ్యాట్రిక్స్	గణితశాస్త్రం | చదరపు మ్యాట్రిక్స్ | స్వీయ-చేరికగానున్న మ్యాట్రిక్స్ | హెర్మిటియన్ కంజుగేట్ మ్యాట్రిక్స్
⊿	కుడివైపు త్రిభుజం	కుడివైపు త్రిభుజం | గణితశాస్త్రం | సమకోణత్రిభుజం
⋁	ఎన్-అరీ లాజికల్ లేదా	ఎన్-అరీ లాజికల్ లేదా | లాజిక్ | విభజన
⋂	ఎన్-అరీ ఖండన	ఎన్-అరీ ఖండన | ఖండన | గణితశాస్త్రం | సెట్ ఆపరేటర్
⋃	ఎన్-అరీ యూనియన్	ఎన్-అరీ యూనియన్ | గణితశాస్త్రం | యూనియన్ | సెట్ ఆపరేటర్
⋅	డాట్ ఆపరేటర్	ఆపరేటర్ | డాట్ ఆపరేటర్
⋆	నక్షత్ర ఆపరేటర్	ఆపరేటర్ | నక్షత్ర ఆపరేటర్
⋈	సహజ జాయింట్	బైనరీ ఆపరేటర్ | బౌటీ | సహజ జాయింట్
⋒	రెండు ఖండనలు	ఖండన | గణితశాస్త్రం | రెండు ఖండనలు | సెట్ ఆపరేటర్
⋘	దీని కంటే చాలా చాలా తక్కువ	అసమానత | గణితశాస్త్రం | దీని కంటే చాలా చాలా తక్కువ
⋙	దీని కంటే చాలా చాలా ఎక్కువ	అసమానత | గణితశాస్త్రం | దీని కంటే చాలా చాలా ఎక్కువ
⋭	సాధారణ ఉప సమూహ సమానం వలె ఉండదు	గణితశాస్త్రం | సమూహ సిద్ధాంతం | సాధారణ ఉప సమూహ సమానం వలె ఉండదు
⋮	నిలువు ఎలిప్సిస్	ఎలిప్సిస్ | గణితశాస్త్రం | నిలువు ఎలిప్సిస్
⋯	మధ్య లైన్ సమాంతర ఎలిప్సిస్	ఎలిప్సిస్ | మధ్య లైన్ సమాంతర ఎలిప్సిస్
⋰	ఎగువ కుడి వికర్ణ ఎలిప్సిస్	ఎగువ కుడి వికర్ణ ఎలిప్సిస్ | ఎలిప్సిస్ | గణితశాస్త్రం
⋱	దిగువ కుడి వికర్ణ ఎలిప్సిస్	ఎలిప్సిస్ | గణితశాస్త్రం | దిగువ కుడి వికర్ణ ఎలిప్సిస్
⌨	కీబోర్డ్	కంప్యూటర్ | కంప్యూటర్ కీబోర్డు | కీప్యాడ్ | కీబోర్డ్ | కొత్త కీప్యాడ్ | టైపింగ్
⏏	ఎజెక్ట్ చేయి బటన్	ఎజెక్ట్ చేయి బటన్ | గుర్తు | బయట
⏭	తదుపరి ట్రాక్ బటన్	ఆరో | గుర్తు | తదుపరి ట్రాక్ బటన్ | తరువాత | త్రిభుజం | నెక్స్ట్ సీన్
⏮	అంతకు మునుపటి ట్రాక్ బటన్	అంతకు మునుపటి ట్రాక్ బటన్ | ఆరో | గుర్తు | త్రిభుజం | బాణం | ముందుకు
⏯	ప్లే లేదా పాజ్ బటన్	ఆరో | గుర్తు | ట్రైయాంగిల్ | త్రిభుజం | నిలిపివేయడం | పాస్ | ప్లే | ప్లే లేదా పాజ్ బటన్ | రైట్
⏱	స్టాప్‌వాచీ	గడియారం | వాచీ | సమయం | స్టాప్ | స్టాప్‌వాచీ | స్టాప్‌వాచ్
⏲	టైమర్ గడియారం	గడియారం | టైమర్
⏸	పాజ్ బటన్	గుర్తు | డబుల్ | తాత్కాలికంగా నిలిపివేయడం | నిలిపివేయడం | పాజ్ బటన్ | పాస్
⏹	ఆపివేయి బటన్	ఆగుము | ఆపివేయడం | ఆపివేయి బటన్ | గుర్తు | చతురస్రము | స్క్వేర్ | స్టాప్ | స్టాప్ బటన్
⏺	రికార్డ్ బటన్	గుర్తు | రికార్డ్ | రికార్డ్ బటన్ | వృత్తం
Ⓜ	వృత్తాకారంలో ఎమ్ అక్షరం	ఎమ్ | వృత్తం | వృత్తాకారంలో ఎమ్ అక్షరం | వృత్తాకారంలోపు ఎమ్ అక్షరం
■	పూరించిన చదరము	పూరించిన చదరము
□	బోలుగా ఉన్న చదరము	చతురస్రం | బోలుగా ఉన్న చదరం | స్క్వేర్ | హాలో
▢	వృత్తాకార అంచులు ఉండే బోలుగా ఉన్న చదరము	వృత్తాకార అంచులు ఉండే బోలుగా ఉన్న చదరము
▣	పూరించిన చదరము కలిగి ఉండే బోలుగా ఉన్న చదరము	పూరించిన చదరము కలిగి ఉండే బోలుగా ఉన్న చదరము
▤	సమాంతర పూరింపుతో చదరము	సమాంతర పూరింపుతో చదరము
▥	నిలువు పూరింపుతో చదరము	నిలువు పూరింపుతో చదరము
▦	చదరపు ఆర్తోగోనల్ క్రాస్‌హాచ్ పూరింపు	చదరపు ఆర్తోగోనల్ క్రాస్‌హాచ్ పూరింపు
▧	చదరపు ఎగువ ఎడమ దిగువ కుడి పూరింపు	చదరపు ఎగువ ఎడమ దిగువ కుడి పూరింపు
▨	చదరపు ఎగువ ఎడమ దిగువ ఎడమ పూరింపు	చదరపు ఎగువ ఎడమ దిగువ ఎడమ పూరింపు
▩	చదరపు వికర్ణ క్రాస్‌హాచ్ పూరింపు	చదరపు వికర్ణ క్రాస్‌హాచ్ పూరింపు
▪	చిన్న నలుపు రంగు చతురస్రం	చతురస్రం | చిన్న నలుపు రంగు చతురస్రం | నలుపు | నలుపు రంగు | రేఖాగణిత | స్క్వేర్
▫	చిన్న తెలుపు రంగు చతురస్రం	చతురస్రం | చిన్న తెలుపు రంగు చతురస్రం | తెలుపు రంగు
▬	పూరించిన దీర్ఘచతురస్రం	పూరించిన దీర్ఘచతురస్రం
▭	బోలుగా ఉన్న దీర్ఘచతురస్రం	బోలుగా ఉన్న దీర్ఘచతురస్రం
▮	పూరించిన నిలువు దీర్ఘచతురస్రం	పూరించిన నిలువు దీర్ఘచతురస్రం
▰	పూరించిన సమాంతర చతుర్భుజం	పూరించిన సమాంతర చతుర్భుజం
▲	పైకి చూపుతున్న నిండి ఉన్న త్రిభుజం	త్రిభుజం | నిండి ఉన్న | పైకి | పైకి చూపుతున్న నిండి ఉన్న త్రిభుజం | బాణం
△	బోలుగా పైకి చూపుతున్న త్రిభుజం	బోలుగా పైకి చూపుతున్న త్రిభుజం
▴	పూరించిన పైకి చూపుతున్న చిన్న త్రిభుజం	పూరించిన పైకి చూపుతున్న చిన్న త్రిభుజం
▵	బోలుగా ఉన్న పైకి చూపుతున్న చిన్న త్రిభుజం	బోలుగా ఉన్న పైకి చూపుతున్న చిన్న త్రిభుజం
▶	ప్లే చేయి బటన్	ఆరో | గుర్తు | త్రిభుజం | ప్లే | ప్లే చేయి బటన్ | బటన్
▷	బోలుగా ఉన్న కుడివైపు చూపుతున్న త్రిభుజం	బోలుగా ఉన్న కుడివైపు చూపుతున్న త్రిభుజం
▸	పూరించిన కుడివైపు చూపుతున్న చిన్న త్రిభుజం	పూరించిన కుడివైపు చూపుతున్న చిన్న త్రిభుజం
▹	బోలుగా ఉన్న కుడివైపు చూపుతున్న చిన్న త్రిభుజం	బోలుగా ఉన్న కుడివైపు చూపుతున్న చిన్న త్రిభుజం
►	పూరించిన కుడివైపు చూపుతున్న పాయింటర్	పూరించిన కుడివైపు చూపుతున్న పాయింటర్
▻	బోలుగా ఉన్న కుడివైపు చూపుతున్న పాయింటర్	బోలుగా ఉన్న కుడివైపు చూపుతున్న పాయింటర్
▼	కిందకి చూపుతున్న నిండి ఉన్న త్రిభుజం	కింద | కిందకి చూపుతున్న నిండి ఉన్న త్రిభుజం | త్రిభుజం | నిండి ఉన్న | బాణం
▽	బోలుగా ఉన్న కిందికి చూపుతున్న త్రిభుజం	బోలుగా ఉన్న కిందికి చూపుతున్న త్రిభుజం
▾	పూరించిన కిందికి చూపుతున్న చిన్న త్రిభుజం	పూరించిన కిందికి చూపుతున్న చిన్న త్రిభుజం
▿	బోలుగా ఉన్న కిందికి చూపుతున్న చిన్న త్రిభుజం	బోలుగా ఉన్న కిందికి చూపుతున్న చిన్న త్రిభుజం
◀	వెనక్కి వెళ్లే బటన్	ఆరో | గుర్తు | రివర్స్ | లెఫ్ట్ | వెనక్కి | వెనక్కి వెళ్లే బటన్
◁	బోలుగా ఉన్న ఎడమవైపు చూపుతున్న త్రిభుజం	బోలుగా ఉన్న ఎడమవైపు చూపుతున్న త్రిభుజం
◂	పూరించిన ఎడమవైపు చూపుతున్న చిన్న త్రిభుజం	పూరించిన ఎడమవైపు చూపుతున్న చిన్న త్రిభుజం
◃	బోలుగా ఉన్న ఎడమవైపు చూపుతున్న చిన్న త్రిభుజం	బోలుగా ఉన్న ఎడమవైపు చూపుతున్న చిన్న త్రిభుజం
◄	పూరించిన ఎడమవైపు చూపుతున్న పాయింటర్	పూరించిన ఎడమవైపు చూపుతున్న పాయింటర్
◅	బోలుగా ఉన్న ఎడమవైపు చూపుతున్న పాయింటర్	బోలుగా ఉన్న ఎడమవైపు చూపుతున్న పాయింటర్
◆	పూరించిన డైమండ్	పూరించిన డైమండ్
◇	బోలుగా ఉన్న డైమండ్	బోలుగా ఉన్న డైమండ్
◈	పూరించిన డైమండ్ కలిగి ఉన్న బోలుగా ఉన్న డైమండ్	పూరించిన డైమండ్ కలిగి ఉన్న బోలుగా ఉన్న డైమండ్
◉	పూరించిన వృత్తం కలిగి ఉన్న బోలుగా ఉన్న వృత్తం	కేంద్రీకృత వృత్తారాలు పూరించబడ్డాయి | పూరించిన వృత్తం కలిగి ఉన్న బోలుగా ఉన్న వృత్తం | ఫిష్ఐ | వార్డ్ | వృత్తాకార డాట్
◊	వజ్రపు ఆకారం	రాంబస్ | వజ్రం | వజ్రపు ఆకారం
○	లోతు వృత్తం	ఉంగరం | లోతు వృత్తం | వృత్తం
◌	డాట్ ఉన్న వృత్తం	డాట్ ఉన్న వృత్తం
◍	నిలువు పూరింపుతో వృత్తం	నిలువు పూరింపుతో వృత్తం
◎	కేంద్రీకృత వృత్తాలు	కేంద్రీకృత వృత్తాలు | డబుల్ వృత్తం | లక్ష్యం
●	నిండి ఉన్న వృత్తం	నిండి ఉన్న వృత్తం | వృత్తం
◐	వృత్తం ఎడమ సగభాగం పూరించబడింది	వృత్తం ఎడమ సగభాగం పూరించబడింది
◑	వృత్తం కుడి సగభాగం పూరించబడింది	వృత్తం కుడి సగభాగం పూరించబడింది
◒	వృత్తం కింది సగభాగం పూరించబడింది	వృత్తం కింది సగభాగం పూరించబడింది
◓	వృత్తం ఎగువ సగభాగం పూరించబడింది	వృత్తం ఎగువ సగభాగం పూరించబడింది
◔	వృత్తం ఎగువ కుడి క్వాడ్రంట్ పూరించబడింది	వృత్తం ఎగువ కుడి క్వాడ్రంట్ పూరించబడింది
◕	అన్నింటినీ వృత్తం చేయి కానీ ఎగువ ఎడమ క్వాడ్రంట్ పూరించబడింది	అన్నింటినీ వృత్తం చేయి కానీ ఎగువ ఎడమ క్వాడ్రంట్ పూరించబడింది
◖	ఎడమ సగభాగం పూరించిన వృత్తం	ఎడమ సగభాగం పూరించిన వృత్తం
◗	కుడి సగభాగం పూరించిన వృత్తం	కుడి సగభాగం పూరించిన వృత్తం
◘	విలోమ బుల్లెట్	విలోమ బుల్లెట్
◙	బోలుగా ఉన్న వృత్తం కలిగి ఉన్న పూరించిన చదరం	బోలుగా ఉన్న వృత్తం కలిగి ఉన్న పూరించిన చదరం
◜	ఎగువ ఎడమ క్వాడ్రంట్ వృత్తాకార ఆర్క్	ఎగువ ఎడమ క్వాడ్రంట్ వృత్తాకార ఆర్క్
◝	ఎగువ కుడి క్వాడ్రంట్ వృత్తాకార ఆర్క్	ఎగువ కుడి క్వాడ్రంట్ వృత్తాకార ఆర్క్
◞	దిగువ కుడి క్వాడ్రంట్ వృత్తాకార ఆర్క్	దిగువ కుడి క్వాడ్రంట్ వృత్తాకార ఆర్క్
◟	దిగువ ఎడమ క్వాడ్రంట్ వృత్తాకార ఆర్క్	దిగువ ఎడమ క్వాడ్రంట్ వృత్తాకార ఆర్క్
◠	ఎగువ సగం వృత్తం	ఎగువ సగం వృత్తం
◡	దిగువ సగం వృత్తం	దిగువ సగం వృత్తం
◢	పూరించిన దిగువ కుడి త్రిభుజం	పూరించిన దిగువ కుడి త్రిభుజం
◣	పూరించిన దిగువ ఎడమ త్రిభుజం	పూరించిన దిగువ ఎడమ త్రిభుజం
◤	పూరించిన ఎగువ ఎడమ త్రిభుజం	పూరించిన ఎగువ ఎడమ త్రిభుజం
◥	పూరించిన ఎగువ కుడి త్రిభుజం	పూరించిన ఎగువ కుడి త్రిభుజం
◦	బోలుగా ఉన్న బుల్లెట్	బోలుగా ఉన్న బుల్లెట్
◯	పెద్ద లోతు వృత్తం	ఉంగరం | పెద్ద లోతు వృత్తం | వృత్తం
◳	బోలుగా ఉన్న చదరపు ఎగువ కుడి క్వాడ్రంట్	బోలుగా ఉన్న చదరపు ఎగువ కుడి క్వాడ్రంట్
◷	ఎగువ కుడి క్వాడ్రంట్‌తో బోలుగా ఉన్న వృత్తం	ఎగువ కుడి క్వాడ్రంట్‌తో బోలుగా ఉన్న వృత్తం
◻	మధ్యస్థ తెలుపు రంగు చతురస్రం	చతురస్రం | తెలుపు రంగు | తెలుపు రంగు చతురస్రం | మధ్యస్థ తెలుపు రంగు చతురస్రం
◼	మధ్యస్థ నలుపు రంగు చతురస్రం	చతురస్రం | నలుపు రంగు | బ్లాక్ టైల్స్ | మధ్యస్థ నలుపు రంగు చతురస్రం | సరళి పలకలు
◿	దిగువ కుడి త్రిభుజం	దిగువ కుడి త్రిభుజం
☀	సూర్యుడు	ఎండ | కిరణాలు | ప్రకాశవంతం | వాతావరణం | వేడి | సూర్యుడు
☁	మేఘం	మేఘం | వాతావరణం
☂	గొడుగు	గొడుగు | వర్షం | వస్త్రధారణ | వాన
☃	మంచుతో కప్పబడిన మంచుమనిషి	మంచు | మంచుతో కప్పబడిన మంచుమనిషి | మనిషి
☄	తోక చుక్క	అంతరిక్షం | చుక్క | తోక
☎	టెలిఫోన్	కాల్ | టెలిఫోన్ | ఫోన్
☑	బ్యాలెట్ పెట్టెలో తనిఖీ గుర్తు	ఎంపిక | పూర్తి అయినది అని చెప్పుటకు గుర్తు | పెట్టె | బ్యాలెట్ | బ్యాలెట్ పెట్టెలో తనిఖీ గుర్తు | సరైన ఎంపిక | సరైనది
☘	మూడు ఆకులు ఉన్న గరిక	ఆకు | ఐరిష్ | గరిక | ప్లాంట్ | మూడు ఆకులు ఉన్న గరిక | మొక్క | షాంరోక్
☝	చూపుడు వేలు పైకి చూపుట	అప్ | ఇండెక్స్ | ఇది అని చూపడం | చూపుట | చూపుడు వేలు పైకి చూపుట | చెయ్యి | దిస్ | పాయింట్ | వేలు
☠	అపాయకరం	అపాయకరం | ఎముకలు | చావు | డెడ్ | డెత్ | డేంజర్ | పుర్రె | బోన్ | స్కల్
☢	రేడియోయాక్టివ్	రేడియో ధార్మికత | రేడియోయాక్టివ్ | సూచిక | సైన్
☣	బయో హజార్డ్	పర్యావరణ హానికరం | బయో హజార్డ్ | సూచిక | సైన్
☦	సనాతన క్రాస్	క్రాస్ | క్రైస్తవ మాత చిహ్నం | క్రైస్తవుడు | క్రైస్తవులు | మతం | సనాతన క్రాస్
☪	నక్షత్రం మరియు చంద్రవంక	ఇస్లాం | క్రెసెంట్ | నక్షత్రం మరియు చంద్రవంక | మతం | ముస్లిం | రమదాన్ | స్టార్
☮	శాంతి	పీస్ | పీస్‌ఫుల్ | శాంతి | శాంతి చిహ్నం | సంధి
☯	యిన్ యాంగ్	ఇన్ | ఇంయాంగ్ | కష్టం | టావో | టావోయిస్ట్ | టోటల్ | బ్రతకడం | మతం | యాంగ్ | యిన్
☸	ధర్మచక్రం	చక్రం | ధర్మ | ధర్మచక్రం | బుద్ధిష్ట్ | బౌద్ధుడు | మతం | వీల్
☹	కోపంగా ఉన్న ముఖం	కోపం | కోపంగా ఉన్న ముఖం | ఫేస్ | ఫ్రొనింగ్ ఫేస్ | ఫ్రొన్ | బాధగా ఉన్న ముఖం | ముఖం | స్యాడ్
☺	నవ్వుతున్న ముఖం	నవ్వు | నవ్వుతున్న ముఖం | ఫేస్ | ముఖం | రిలాక్స్డ్ | స్మైలింగ్ | స్మైల్ | హ్యాపీ
♀	మహిళ సంకేతం	మహిళ | మహిళ సంకేతం | స్త్రీ
♂	పురుషుల సంకేతం	పురుషుడు | పురుషుల సంకేతం | మగాడు
♟	చదరంగంలో బంటు	చదరంగం | చదరంగంలో బంటు | నకిలీ | మిగిలినది
♠	పేకాటలో స్పేడ్	కార్డ్ | గేమ్ | పేకాట | పేకాటలో స్పేడ్ | సూట్ | స్పేడ్
♣	పేకాటలో క్లబ్	ఆట | కార్డ్ | క్లబ్‌ | క్లబ్‌లు | గేమ్ | పేకాట | పేకాటలో క్లబ్ | సూట్
♥	హార్ట్ సూట్	ఆట | ఎమోషన్ | కార్డ్ | గేమ్ | పేకాట | భావం | సూట్ | హార్ట్ సూట్ | హార్ట్‌లు | హృదయం
♦	పేకాటలో డైమండ్	ఆట | డైమండ్‌లు | డైమండ్స్ | పేకాట | పేకాటలో డైమండ్ | సూట్
♨	వేడి నీటికొలనులు	నీటిఆవిరి | నీటిఆవిరిలో ఉడికించుట | నీరు | బుగ్గ | వేడి | వేడి నీటికొలనులు | స్టీమింగ్ | స్ప్రింగ్స్ | హాట్
♪	ఎనిమిదవ నోట్	ఎనిమిదవ నోట్ | ఎనిమిది | నోట్ | సంగీతం
♭	ఫ్లాట్	నోట్ | ఫ్లాట్ | బెమోల్ | సంగీతం
♯	షార్ప్	డీస | డైసిస్ | నోట్ | షార్ప్ | సంగీతం
♻	రీసైక్లింగ్	పునరుపయోగం | రీసైక్లింగ్ | రీసైక్లింగ్ గుర్తు | రీసైక్లింగ్ చిహ్నం
♾	అపారత	అపరిమితం | అపారత | శాశ్వతం | సార్వత్రికం
⚒	సుత్తి మరియు గడ్డపార	గడ్డపార | పనిముట్టు | సాధనం | సుత్తి | సుత్తి మరియు గడ్డపార
⚔	విరుద్ధ దిశల్లో ఉంచిన రెండు కత్తులు	ఆయుధం | కత్తులు | క్రాస్డ్ | విరుద్ధ దిశల్లో ఉంచడం | విరుద్ధ దిశల్లో ఉంచిన రెండు కత్తులు | వెపన్ | స్వార్డ్స్
⚕	వైద్య చిహ్నం	ఔషధం | మెడిసిన్ | వైద్యం | వైద్య చిహ్నం | వ్యాదులను తీర్చు దైవము | వ్యాధులను నయం చేసే వ్యక్తి | సిబ్బంది | స్టాఫ్
⚖	తక్కెడ	కొలత | జోడియాక్ | టూల్ | తక్కెడ | తులా రాశి | త్రాసు | న్యాయం | బాలన్స్ | లిబ్రా | సమానం
⚗	బట్టి	కెమిస్ట్రీ | టూల్ | బట్టి | రసాయనశాస్త్రం | సాధనం
⚙	గేర్	ఆయుధం | గేర్ | విడిభాగం | సాధనం
⚛	అణువు	అణువు | ఆటమ్ | ఏథీస్ట్ | నాస్తికుడు
⚜	ఫ్లూర్ డి-లిస్	కలువ | పువ్వు | ఫ్లూర్ డి-లిస్ | యోధులు
⚠	హెచ్చరిక	ముందుజాగ్రత్త | హెచ్చరిక | హెచ్చరిక చిహ్నం
⚧	లింగం మార్చుకున్న వారి చిహ్నం	లింగం మార్చుకున్న వారి చిహ్నం | లింగం మార్చుకున్న వాళ్లు
⚰	శవపేటిక	కాఫిన్ | డెడ్ | డెత్ | పెట్టె | మరణం | శవం | శవపేటిక
⚱	అస్థికల పాత్ర	అంత్యక్రియలు | అర్న్ | అస్థికల పాత్ర | అస్థికలు | పాత్ర | బూడిద | మరణం
⛈	మెరుస్తూ వాన కురుస్తున్న మేఘం	థండర్ | థండర్‌స్టార్మ్ | మెరుపు | మెరుస్తూ వాన కురిపిస్తున్న మేఘం | మెరుస్తూ వాన కురుస్తున్న మేఘం | మేఘం | వాన
⛏	గడ్డపార	గడ్డపార | గనుల తవ్వకం | టూల్ | తవ్వడం | పిక్ | మైనింగ్ | హ్యమ్మర్
⛑	రక్షణ కార్మికుడు ధరించే టోపీ	కార్మిక టోపీ | కార్మికుడు | జపాన్ కార్మికుడు ధరించే టోపీ | టోపీ | రక్షణ కార్మికుడు ధరించే టోపీ
⛓	గొలుసులు	గొలుసు | గొలుసులు | చెయిన్ | చైన్ | చైన్స్
⛩	జపనీయుల ప్రార్థనా మందిరం	జపనీయుల ప్రార్థనా మందిరం | జపాన్ | ప్రార్థన | మతం | మందిరం | షింటో
⛰	పర్వతం	పర్వతం
⛱	మైదానంలో ఉన్న గొడుగు	ఎండా | గొడుగు | మైదానం | మైదానంలో ఉన్న గొడుగు | వర్షం | సూర్యుడు
⛴	బల్ల కట్టు	కట్టు | పడవ | ప్రయాణికులు | ఫెర్రీ | బల్ల
⛷	స్కీయింగ్ చేసే వ్యక్తి	మంచు | స్కీయర్ | స్కీయింగ్ | స్కీయింగ్ చేసే వ్యక్తి | స్కై | స్నో
⛸	ఐస్ స్కేట్	ఐస్ | స్కేటింగ్ | స్కేట్
⛹	బంతితో ఆడుతున్న వ్యక్తి	అబ్బాయి | ఆట | క్రీడ | ఛాంపియన్ షిప్ | బంతితో ఆడుతున్న వ్యక్తి | బాల్ | బాస్కెట్ బాల్ | బాస్కెట్ బాల్ ప్లేయర్ | వ్యక్తి
✂	కత్తెర	కటింగ్ | కత్తెర | కోయటం | టూల్ | పేపర్ | సాధనం
✈	విమానం	ఎగరడం | ఎయిర్‌ప్లేన్ | జెట్ | ప్రయాణం | ప్లేన్ | విమానం
✉	ఎన్వలప్	ఇ-మెయిల్ | ఇమెయిల్ | ఉత్తరం | ఎన్వలప్ | లెటర్
✌	విజయ సంకేతం	చెయ్యి | పీస్ | విజయం | విజయ చిహ్నం | విజయ సంకేతం | వీ | శాంతి సంకేతం | సంకేతం
✍	వ్రాస్తున్న చేయి	కలం | కలం పట్టుకున్న చేయి | చేయి | పెన్ | వ్రాయడం | వ్రాస్తున్న చేయి
✏	పెన్సిల్	గీయడం | పెన్సిల్ | వ్రాయడం
✒	నలుపు రంగు పెన్ను	ఇంకు పెన్ను | ఊట కలము | కలం | నలుపు రంగు పెన్ను | పాళీ
✔	భారీ తనిఖీ గుర్తు	ఎంపిక | గుర్తు | చెక్ | టిక్ | డన్ | తనిఖీ | తనిఖీ చేయడం | భారీ తనిఖీ గుర్తు
✖	గుణకారం చేయడం	క్యాన్సిల్ | గుణకారం | గుణకారం చేయడం | గుణించు | గుర్తు | రద్దు చేయి
✝	లాటిన్ క్రాస్	క్రాస్ | క్రిస్టియన్ | క్రైస్తవుడు | మతం | లాటిన్ క్రాస్
✡	డేవిడ్ స్టార్	జుడాయిజం | జ్యువిష్ | డేవిడ్ | మతం | యూదుడు | స్టార్
✳	ఎనిమిది మొనలు గల యాస్టెరిస్క్	ఎనిమిది | ఎనిమిది మొనలు గల యాస్టెరిక్ | ఎనిమిది మొనలు గల యాస్టెరిస్క్ | యాస్టెరిక్ | యాస్టెరిస్క్
✴	ఎనిమిది కోణాల నక్షత్రం	ఎనిమిది | ఎనిమిది కోణాల నక్షత్రం | తార | నక్షత్రం
❄	మంచుతో చేయబడిన పొర	చలి | పొర | పోర | మంచు | మంచుతో చేయబడిన పొర | మంచుపొర | వాతావరణం
❇	మెరుపు	కాంతి | మెరుపు
❣	ఆశ్చర్యార్థకం గుర్తుతో ఉన్న భారమైన నగ	ఆశ్చర్యం | ఆశ్చర్యార్థకం కలిగిన హృదయం | ఆశ్చర్యార్థకం గుర్తుతో ఉన్న భారమైన నగ | ఎక్స్క్లమేషన్ | నగ | మార్క్ | హృదయం
❤	ఎరుపు రంగు హృదయం	ఎమోషన్ | ఎరుపు | ఎరుపు రంగు హృదయం | ప్రేమ | రెడ్ హార్ట్ | లవ్ | హార్ట్ | హృదయం
➡	కుడి బాణం	ఆరో | ఈస్ట్ | కార్డినల్ | కుడి బాణం | తూర్పు | దిశ | బాణం
⤴	పైకి వంపు తిరిగిన కుడి బాణం	కుడి | పైకి | పైకి వంపు తిరిగిన కుడి బాణం | బాణం
⤵	క్రిందికి వంపు తిరిగిన కుడి బాణం	క్రిందికి | క్రిందికి వంపు తిరిగిన కుడి బాణం | బాణం
⨧	ప్లస్ సబ్‌స్క్రిప్ట్ టు	ప్లస్ సబ్‌స్క్రిప్ట్ టు
⨯	వెక్టార్ క్రాస్ ఉత్పత్తి	వెక్టార్ క్రాస్ ఉత్పత్తి
⨼	అంతర్గత ఉత్పత్తి	అంతర్గత ఉత్పత్తి
⩣	లాజికల్ లేదా డబుల్ అండర్‌బార్	లాజికల్ లేదా డబుల్ అండర్‌బార్
⩽	స్లాంటెడ్ సమానం కన్నా తక్కువ	స్లాంటెడ్ సమానం కన్నా తక్కువ
⪍	సారూప్య సమానం ఎగువ కంటే తక్కువ	సారూప్య సమానం ఎగువ కంటే తక్కువ
⪚	డబుల్-లైన్ సమానమైన దాని కంటే ఎక్కువ	అసమానత | గణితశాస్త్రం | డబుల్-లైన్ సమానమైన దాని కంటే ఎక్కువ
⪺	దాదాపు సమానంగా లేనివి కూడా విజయవంతం అవుతాయి	దాదాపు సమానంగా లేనివి కూడా విజయవంతం అవుతాయి
⬅	ఎడమ బాణం	ఎడమ బాణం | కార్డినల్ | దిశ | పశ్చిమం | బాణం | వెస్ట్
⬆	ఎగువ బాణం	ఆరో | ఉత్తరం | ఎగువ బాణం | కార్డినల్ | దిక్కు | దిశ | నార్త్ | బాణం
⬇	దిగువ బాణం	ఆరో | కార్డినల్ | క్రింద | డౌన్ | దక్షిణం | దిగువ | దిశ | బాణం | సౌత్
、	ఐడియోగ్రాఫిక్ కామా	ఐడియోగ్రాఫిక్ | కామా
。	ఇడియోగ్రాఫిక్ పీరియడ్	ఇడియోగ్రాఫిక్ | పీరియడ్ | విరామ చిహ్నం
〈	తెరిచిన కోణం బ్రాకెట్	కోణం బ్రాకెట్ | చెవ్రాన్ | టుపుల్ | డైమండ్ బ్రాకెట్‌లు | తెరిచిన కోణం బ్రాకెట్ | పదునైన బ్రాకెట్ | బ్రాకెట్
〉	మూసివేసిన కోణం బ్రాకెట్	కోణం బ్రాకెట్ | చెవ్రాన్ | టుపుల్ | డైమండ్ బ్రాకెట్‌లు | పదునైన బ్రాకెట్ | బ్రాకెట్ | మూసివేసిన కోణం బ్రాకెట్
《	తెరిచిన డబుల్ కోణం బ్రాకెట్	డబుల్ కోణం బ్రాకెట్ | తెరిచిన డబుల్ కోణం బ్రాకెట్ | బ్రాకెట్
》	మూసివేసిన డబుల్ కోణం బ్రాకెట్	డబుల్ కోణం బ్రాకెట్ | బ్రాకెట్ | మూసివేసిన డబుల్ కోణం బ్రాకెట్
「	తెరిచిన కార్నర్ బ్రాకెట్	కార్నర్ బ్రాకెట్ | తెరిచిన కార్నర్ బ్రాకెట్ | బ్రాకెట్
」	మూసివేసిన కార్నర్ బ్రాకెట్	కార్నర్ బ్రాకెట్ | బ్రాకెట్ | మూసివేసిన కార్నర్ బ్రాకెట్
『	తెరిచిన బోలుగా ఉన్న కార్నర్ బ్రాకెట్	తెరిచిన బోలుగా ఉన్న కార్నర్ బ్రాకెట్ | బోలుగా ఉన్న కార్నర్ బ్రాకెట్ | బ్రాకెట్
』	మూసివేసిన బోలుగా ఉన్న కార్నర్ బ్రాకెట్	బోలుగా ఉన్న కార్నర్ బ్రాకెట్ | బ్రాకెట్ | మూసివేసిన బోలుగా ఉన్న కార్నర్ బ్రాకెట్
【	తెరిచిన నలుపు రంగు లెన్స్ బ్రాకెట్	తెరిచిన నలుపు రంగు లెన్స్ బ్రాకెట్ | ద్వికుంభ కటకాకార బ్రాకెట్ | బ్రాకెట్ | లెన్స్ బ్రాకెట్
】	మూసివేసిన నలుపు రంగు లెన్స్ బ్రాకెట్	ద్వికుంభ కటకాకార బ్రాకెట్ | బ్రాకెట్ | మూసివేసిన నలుపు రంగు లెన్స్ బ్రాకెట్ | లెన్స్ బ్రాకెట్
〔	తెరిచిన తాబేలు షెల్ బ్రాకెట్	తాబేలు షెల్ బ్రాకెట్ | తెరిచిన తాబేలు షెల్ బ్రాకెట్ | బ్రాకెట్ | షెల్ బ్రాకెట్
〕	మూసివేసిన తాబేలు షెల్ బ్రాకెట్	తాబేలు షెల్ బ్రాకెట్ | బ్రాకెట్ | మూసివేసిన తాబేలు షెల్ బ్రాకెట్ | షెల్ బ్రాకెట్
〖	తెరిచిన బోలుగా ఉన్న లెన్స్ బ్రాకెట్	తెరిచిన బోలుగా ఉన్న లెన్స్ బ్రాకెట్ | బోలుగా ఉన్న ద్వికుంభ కటకాకార బ్రాకెట్ | బోలుగా ఉన్న లెన్స్ బ్రాకెట్ | బ్రాకెట్
〗	మూసివేసిన బోలుగా ఉన్న లెన్స్ బ్రాకెట్	బోలుగా ఉన్న ద్వికుంభ కటకాకార బ్రాకెట్ | బోలుగా ఉన్న లెన్స్ బ్రాకెట్ | బ్రాకెట్ | మూసివేసిన బోలుగా ఉన్న లెన్స్ బ్రాకెట్
〰	తరంగాల గుర్తు	గుర్తు | డాష్ | తరంగం | తరంగాల గుర్తు | వేవి
〽	పాక్షిక సవరణ గుర్తు	గుర్తు | పాక్షికం | పాక్షిక సవరణ గుర్తు | పార్ట్ | భాగం | మార్క్
・	కటకానా మధ్య డాట్	ఇంటర్‌పంట్ | కటకానా | కటకానా మధ్య డాట్ | డాట్‌లు | మిడ్‌డాట్
㊗	జపనీస్‌లో "అభినందనలు" సూచించే బటన్	“అభినందనలు” | ఐడియోగ్రాఫ్ | జపనీస్ | జపనీస్‌లో "అభినందనలు" సూచించే బటన్ | బటన్
㊙	జపనీస్‌లో "రహస్యం" సూచించే బటన్	“రహస్యం” | ఐడియోగ్రాఫ్ | జపనీస్ | జపనీస్‌లో "రహస్యం" సూచించే బటన్ | బటన్ | రహస్యం
﷼	రియాల్	కరెన్సీ | రియాల్
🅰	ఎ బటన్ (రక్తం రకం)	అక్షరం | ఎ | ఎ బటన్ (రక్తం రకం) | బటన్ | రక్తం రకం
🅱	బి బటన్ (రక్తం రకం)	అక్షరం | బి | బి బటన్ | బి బటన్ (రక్తం రకం) | బి రక్తం రకం | రక్తం రకం
🅾	ఓ బటన్ (రక్తం రకం)	ఓ | ఓ రక్తం | బటన్ | బ్లడ్ గ్రూప్ | రక్తం రకం | రెడ్
🅿	పి అక్షరం	పార్కింగ్ | పార్కింగ్ స్థలం | పార్క్ చేయడం | పి | పి అక్షరం | బటన్ | వాహనాలు ఆపే స్థలం
🈂	జపనీస్‌లో "సేవా ఛార్జీ" సూచించే బటన్	కటకానా సా | కాటాకాన | జపనీస్ | జపనీస్ పదం | జపనీస్‌లో "సేవా ఛార్జీ" సూచించే బటన్ | సేవా ఛార్జీ
🈷	జపనీస్‌లో "నెలవారీ మొత్తం" సూచించే బటన్	ఆకృతిలిపి అక్షరం | ఐడియోగ్రాఫ్ | జపనీస్ | జపనీస్ పదం | జపనీస్ భాష | జపనీస్‌లో "నెలవారీ మొత్తం" సూచించే బటన్ | జపాన్ | నెలవారీ మొత్తం
🌡	థర్మామీటర్	థర్మామీటర్ | వాతావరణం
🌤	చిన్న మేఘం వెనుక ఉన్న సూర్యుడు	చిన్న మేఘం | చిన్న మేఘం వెనుక ఉన్న సూర్యుడు | వాతావరణం | సూర్యుడు
🌥	పెద్ద మేఘం వెనుక ఉన్న సూర్యుడు	పెద్ద మేఘం | పెద్ద మేఘం వెనుక ఉన్న సూర్యుడు | వాతావరణం | సూర్యుడు
🌦	వానలో మేఘం వెనుక ఉన్న సూర్యుడు	మేఘం | వాతావరణం | వాన | వానలో మేఘం వెనుక ఉన్న సూర్యుడు | సన్ | సూర్యుడు
🌧	వాన కురుస్తున్న మేఘం	మేఘం | వర్షం | వాతావరణం | వాన | వాన కురుస్తున్న మేఘం
🌨	మంచుతో ఉన్న మేఘం	చలి | మంచు | మంచుతో ఉన్న మేఘం | మేఘం | వాతావరణం
🌩	మెరుస్తున్న మేఘం	మెరుపు | మెరుస్తున్న మేఘం | మేఘం | వాతావరణం
🌪	సుడిగాలి	గాలి | మేఘం | వాతావరణం | సుడి | సుడిగాలి
🌫	పొగమంచు	పొగ | పొగమంచు | మంచు | వాతావరణం
🌬	గాలి ముఖం	గాలి | ఫేస్ | బ్లో | ముఖం | మేఘం | విండ్
🌶	ఘాటు మిర్చి	ఘాటు | ఘాటు మిర్చి | పెప్పర్ | మిరప | మిరపకాయ్ | మొక్క | హాట్
🍽	పళ్లెంతో ఫోర్క్ మరియు కత్తి	ఈట్ | కత్తి | కుకింగ్ | డిన్నర్ | నైఫ్ | పళ్లెం | పళ్లెంతో ఫోర్క్ మరియు కత్తి | ప్లేట్ | ఫోర్క్ | ఫోర్క్ అండ్ నైఫ్ విత్ ప్లేట్
🎖	మిలిటరీ మెడల్	అవార్డ్ | బహుమతి | మిలిటరీ | మెడల్ | వేడుక | సైన్యం
🎗	రిమైండర్ రిబ్బన్	రిబ్బన్ | రిమైండర్ | వేడుక
🎙	స్టూడియో మైక్రోఫోన్	మైక్ | మైక్రోఫోన్ | మ్యూజిక్ | సంగీతం | స్టూడియో
🎚	లెవల్ స్లయిడర్	మ్యూజిక్ | లెవల్ | లెవెల్ | సంగీతం | స్లయిడర్
🎛	నియంత్రణ నాబ్‌లు	కంట్రోల్ | క్నోబ్స్ | నాబ్‌లు | నియంత్రణ | నియంత్రించే నాబ్‌ల | మ్యూజిక్ | సంగీతం
🎞	సినిమా రీలు	ఫిల్మ్ | మూవీ | మూవీ టైమ్ | రీలు | సినిమా
🎟	ప్రవేశ టిక్కెట్‌లు	టిక్కెట్ | ప్రవేశం | ప్రవేశ టిక్కెట్‌లు
🏋	వెయిట్ లిఫ్టర్	ఎత్తడం | బరువు | బరువు ఎత్తుతున్న మనిషి | బాడీ బిల్డర్ | లిఫ్టర్ | వెయిట్ | వ్యాయామం
🏌	గోల్ఫ్ ఆటగాడు	ఆటగాడు | గోల్ఫ్ | గోల్ఫ్ ఆడుతున్న మనిషి | గోల్ఫ్ ఆడుతున్న వ్యక్తి | గోల్ఫ్ క్రీడ | గోల్ఫ్ మ్యాన్ | డ్రైవింగ్ రేంజ్ | పీజీఏ | బాల్
🏍	మోటర్‌సైకిల్	మోటర్‌సైకిల్ | మోటారు | రేసులు | వాహనం
🏎	రేసింగ్ కార్	కార్ | జూమ్ | పందేలు | రేసింగ్
🏔	మంచుతో కప్పబడిన పర్వతం	చలి | పర్వతం | మంచు | మంచుతో కప్పబడిన పర్వతం
🏕	శిబిరం	క్యాంపింగ్ | శిబిరం
🏖	గొడుగు ఉన్న సముద్ర తీరం	గొడుగు | గొడుగు ఉన్న సముద్ర తీరం | సముద్రం | సముద్రతీరం
🏗	భవన నిర్మాణం	క్రేన్ | నిర్మాణం | భవనం | భవన నిర్మాణం
🏘	ఇంటి భవనాలు	ఇంటి భవనాలు | ఇల్లు | భవనం
🏙	నగర దృశ్యం	నగరం | నగర దృశ్యం | భవనం
🏚	నివసించని భవనం	ఇల్లు | డెరెలిక్ట్ | డెరెలిక్ట్ హౌస్ | నివసించని | నివసించె భవనం | భవనం | వదిలివేసిన ఇల్లు
🏛	సాంప్రదాయక భవనం	ఎత్తైన సాంప్రదాయక భవనం | భవనం | సాంప్రదాయకం | సాంప్రదాయక భవనం
🏜	ఎడారి	ఎడారి | సూర్యుడిని కలిగిన ఎడారి
🏝	ఎడారి ద్వీపం	ఎడారి | ఐలాండ్ | డెసర్ట్ | ద్వీపం
🏞	జాతీయ పార్క్	అటవీస్థలం | ఉద్యానవనం | జాతీయ పార్క్ | పార్క్
🏟	స్టేడియం	ఆట | క్రీడ | స్టేడియం
🏳	ఎగురుతున్న తెలుపు జెండా	ఎగరడం | ఎగురుతున్న తెలుపు జెండా | గొడవలు వదులుకోవడానికి చిహ్నం | జెండా | తెలుపు | శాంతి చిహ్నం
🏵	రిబ్బన్‌తో తయారు చేసిన గులాబి పువ్వు	గులాబి పువ్వు | రిబ్బన్ | రిబ్బన్‌తో తయారు చేసిన గులాబి పువ్వు
🏷	లేబుల్	చీటీ | లేబుల్
🐿	ఉడుత	అనిమల్ | ఉడుత | చిప్‌మంక్ | స్క్విరిల్
👁	కన్ను	1 ఐ | ఐ | ఒక్క కన్ను | ఒంటి కన్ను | కన్ను | బాడీ | శరీరం
📽	సినిమా ప్రొజెక్టర్	ప్రొజెక్టర్ | ఫిల్మ్ | మూవీ | వీడియో | షూటింగ్ | సినిమా
🕉	ఓం	ఓం | మతం | హిందు
🕊	పావురం	ఎగరడం | ఎగురుతున్న పక్షి | ఎగురుతున్న పావురం | డోవ్ | పక్షి | పావురం | పీస్ | ఫ్లై | బర్డ్ | శాంతి
🕯	కొవ్వొత్తి	కొవ్వొత్తి | దీపం | వెలుగు
🕰	మిద్దె మీద పెట్టే గడియారం	గడియారం | టైం | మాంటెల్‌పీస్ గడియారం | మిద్దె | మిద్దె మీద పెట్టే గడియారం | సమయం
🕳	రంధ్రం	రంధ్రం
🕴	గాల్లో తేలుతున్న సూటు బూటు వేసుకున్న వ్యాపారవేత్త	గాల్లో తేలుతున్న సూటు బూటు వేసుకున్న వ్యాపారవేత్త | మనిషి | వ్యాపారవేత్త | సూటు బూటు | సూట్ వేసుకున్న మనిషి
🕵	పరిశోధకుడు	అపరాధ పరిశోధకుడు | గూఢచారి | డిటెక్టీవ్ | నేర పరిశోధకుడు | పరిశోధకుడు | మనిషి | స్ల్యూత్
🕶	చలువ కళ్లద్దాలు	కన్ను | కళ్లద్దాలు | గ్లాస్సెస్ | చలువ | చీకటి
🕷	సాలీడు	ఇన్సెక్ట్ | కీటకం | సాలీడు | స్పైడర్
🕸	సాలీడు గూడు	గూడు | వెబ్ | సాలీడు
🕹	జాయ్‌స్టిక్	ఆట | గేమ్ | జాయ్‌స్టిక్ | వీడియో గేమ్
🖇	ముడి పడి ఉన్న పేపర్ క్లిప్‌లు	క్లిప్‌లు | పేపర్ | ముడి పడటం | ముడి పడి ఉన్న పేపర్ క్లిప్‌లు | లింక్ పడటం
🖊	కలం	కలం | బాల్ పాయింట్ | వ్రాయుటకు ఉపయోగించే కలం
🖋	ఫౌంటెయిన్ పెన్	కలం | పెన్ | ఫౌంటెయిన్
🖌	పెయింట్ బ్రష్	పెయింటింగ్ | పెయింట్ | బ్రష్
🖍	క్రేయాన్	క్రేయాన్ | రంగు పెన్సిల్
🖐	వేళ్లు తెరిచి పైకి ఎత్తిన చేయి	ఆపు అని సూచిస్తున్న చిహ్నం | ఐదు వేళ్లు | చెయ్యి | చేయి | వేళ్లు | వేళ్లు తెరిచి పైకి ఎత్తిన చేయి | స్టాప్
🖥	డెస్క్‌టాప్ కంప్యూటర్	కంప్యూటర్ | డెస్క్‌టాప్ | మానిటర్
🖨	ప్రింటర్	కంప్యూటర్ | ప్రింటర్ | ముద్రణ
🖱	కంప్యూటర్ మౌస్	కంప్యూటర్ | కర్సర్ | మౌస్ | మ్యాక్ కంప్యూటర్ మౌస్
🖲	ట్రాక్‌బాల్	కంప్యూటర్ ట్రాక్ బాల్ | ట్రాక్‌బాల్ | పాయింటర్ | మౌస్
🖼	చిత్రం ఉన్న ఫ్రేమ్	ఆర్ట్ | కళ | చిత్రం | చిత్రం ఉన్న ఫ్రేమ్ | పిక్చర్ | పెయింటింగ్ | ఫ్రేమ్ | ఫ్రేమ్డ్ పిక్చర్ | మ్యూసియం
🗂	కార్డ్ ఇండెక్స్ డివైడర్‌లు	ఇండెక్స్ | కార్డ్ | కార్డ్ ఇండెక్స్ డివైడర్స్ | డివైడర్‌లు | సూచిక
🗃	కార్డ్ ఫైల్ పెట్టె	కార్డ్ | పెట్టె | ఫైల్ | బాక్స్
🗄	ఫైల్ క్యాబినెట్	క్యాబినెట్ | ఫైలింగ్ | ఫైల్
🗑	చెత్త బుట్ట	చెత్త బుట్ట | పనికి రాదు
🗒	స్పైరల్ నోట్ ప్యాడ్	నోట్ | ప్యాడ్ | స్పైరల్ | స్పైరల్ నోట్‌ప్యాడ్
🗓	స్పైరల్ క్యాలెండర్	క్యాలెండర్ | పాడ్ | స్పైరల్
🗜	కుదింపు	ఉపకరణము | కుదింపు | కొరముట్టు | పనిముట్టు | యంత్ర పరికరము | వైస్ | సాధనం
🗝	పాతకాలం తాళం చెవి	కీ | క్లూ | తాళం చెవి | పాతకాలం | పాతకాలం తాళం చెవి | పురాతన తాళం చెవి
🗞	చుట్టి ఉన్న వార్తాపత్రిక	చుట్టడం | చుట్టి ఉన్న వార్తాపత్రిక | న్యూస్ | న్యూస్‌పేపర్ | పత్రిక | పేపర్ | వార్తలు
🗡	బాకు	ఆయుధం | కత్తి | బాకు
🗣	మాట్లాడుతున్న తల	తల | నీడ | ఫేస్ | మాట్లాడటం | మాట్లాడడం | మాట్లాడుతున్న తల | మాట్లాడుతున్న వ్యక్తి | మాట్లాడుతున్నారు | ముఖం | సిల్హౌట్ | స్పీక్
🗨	ఎడమ డైలాగ్ బుడగ	ఎడమ | డైలాగ్ | బుడగ | లెఫ్ట్ స్పీచ్ బబ్బుల్ | స్పీచ్
🗯	కోపంతో ఉన్న కుడి బుడగ	కోపం | కోపంతో ఉన్న కుడి బుడగ | కోపంతో కుడివైపు ఉన్న బుడగ | బబుల్ | బుడగ | బెలూన్ | మ్యాడ్ | యాంగ్రీ
🗳	బ్యాలెట్‌తో బ్యాలెట్ బాక్స్	పెట్టె | బాక్స్ | బాలట్ | బాలట్ బాక్స్ విత్ బాలట్ | బ్యాలెట్ | బ్యాలెట్‌తో బ్యాలెట్ బాక్స్
🗺	ప్రపంచపటం	ప్రపంచం | ప్రపంచపటం | మ్యాప్
🛋	సోఫా మరియు ల్యాంప్	కౌచ్ | లాంప్ | ల్యాంప్ | సోఫా | సోఫా మరియు ల్యాంప్ | హోటల్
🛍	షాపింగ్‌కి వాడే బ్యాగులు	బ్యాగ్ | షాపింగ్ | షాపింగ్ బ్యాగ్స్ | షాపింగ్‌కి వాడే బ్యాగులు | హోటల్
🛎	సర్వర్‌ని పిలవడానికి వాడే బెల్	బెల్ | బెల్‌హాప్ | సర్వర్ | సర్వర్‌ని పిలవడానికి వాడే బెల్ | హోటల్
🛏	పరుపు	నిద్ర | పరుపు | హోటల్
🛠	సుత్తి మరియు రెంచి	ఆయుధం | టూల్ | రెంచి | సాధనం | సుత్తి | సుత్తి మరియు రెంచి | స్పానర్
🛡	కవచం	ఆయుధం | కవచం | రక్షణ
🛢	చమురు డ్రమ్	చమురు | డ్రమ్ | పీపా
🛣	రహదారి	మోటార్‌వే | రహదారి | హైవే
🛤	రైల్వే ట్రాక్	ట్రాక్ | ట్రైన్ | రైలు | రైల్వే ట్రాక్
🛥	మోటారు పడవ	పడవ | మోటారు
🛩	చిన్న విమానం	ఏరోప్లేన్ | చిన్న | ప్లేన్ | విమానం
🛰	సాటిలైట్	అంతరిక్షం | ఉపగ్రహం | సాటిలైట్ | స్పేస్ షిప్
🛳	ప్రయాణికుల ఓడ	ఓడ | ప్రయాణం | ప్రయాణికుల ఓడ | ప్రయాణికులు | షిప్
