# CLDR symbol names for ti: symbol, tts name, keywords
# cldr-version	48
# source	https://unicode.org/Public/cldr/48/cldr-common-48.zip
# sha256	06c7c698d6fd8d67cefac15a0206b0109b00e0ef1636f86f84449fa959561f74
# Generated by tools/cldr_symbol_names.py; do not edit.
!	ምልክት ስምዒት	ምልክት ስምዒት | ስምዒት | ስምዒት ነጥቢ | ባንግ
#	ምልክት ሃሽ	lb | ሃሽ | ሃሽታግ | ምልክት ሃሽ | ቁጽሪ | ፓወንድ
$	ዶላር	ዶላር | ገንዘብ | ፐሶ
%	ሚእታዊት	ሚእታዊት | ሳንቲም | ንነፍሲ ወከፍ
&	ኣምፐርሳንድ	ኣምፐርሳንድ | ኤት | ከምኡ`ውን
'	ናይ ጽሕፈት መኪና ኣፖስትሮፍ	ምጥቃስ | ናይ ጽሕፈት መኪና ኣፖስትሮፍ | ንጽል ምጥቃስ | ኣፖስትሮፍ
)	ዝተዓጽወ ሓጹር	ሓጹር | ከቢብ ሓጹር | ዝተዓጽወ ሓጹር
*	ኣስተርሲክ	ኣስተርሲክ | ኮኾብ | ዊልድካርድ
+	ምልክት ምድማር	ምልክት ምድማር | ምድማር
,	ኮማ	ኮማ
-	ሃይፈን-ዝጎደሎ	ሃይፈን-ዝጎደሎ | ህይፈን | ዝጎደለ | ዳሽ
.	ጊዜ	ኣርባዕተ ነጥቢ | ዶት | ጊዜ
/	ስላሽ	ሰሊዱስ | ስላሽ | ቄናን | ቪርጉለ | ወቅዒ | ዋክ
:	ሰረዝ	ሰረዝ
;	ነጥበሰረዝ	ነጥበ-ሰረዝ | ነጥበሰረዝ
<	ይንእስ	ላቔባ | ላቔባ ምክፋት | ይንእስ
=	ልክዕ	ልክዕ
>	ይዓቢ	ላቔባ | ላቔባ ምዕጻው | ይዓቢ
?	ምልክት ሕቶ	ሕቶ | ምልክት ሕቶ
@	ኣብ-ምልክት	ስትሩደል | ኣምፐርሳት | ኣሮባ | ኣሮባስ | ኣብ ምልክት | ኣብ ንግዳዊ | ኣብ-ምልክት
[	ክፉት ትርብዒታዊ-ሓጹር	ሓጹር | ትርብዒታዊ-ሓጹር | ክሮትቸት | ክፉት ትርብዒታዊ-ሓጹር
\	ባክስላሽ	ባክስላሽ | ዋክ | ግምጣል ሰሊዱስ
]	ዕጹው ትርብዕታዊ-ሓጹር	ሓጹር | ትርብዒታዊ-ሓጹር | ክሮትቸት | ዕጹው ትርብዕታዊ-ሓጹር
^	ሲርኩምፍለክስ ኣደማምጻ	ሃት | ሓዪ | ምልክት ኤክሶር | ምቁጽጻር | ሲርኩምፍለክስ | ቸቭሮን | ኣመልካቲት | ኣደማምጻ | ካረት | ውሻል
_	ታሕተዋይ መስመር	መስመር | ታሕተዋይ መስመር | ታሕተዋይ ዳሽ | ዝተሰመረ | ዳሽ | ዳሽ ዝተገብረ
`	ዕቱብ ኣደማምጻ	ቃና | ኣደማምጻ | ዕቱብ
{	ክፉት ዕኽሉል ሓጹር	ሓጹር | ክፉት ዕኽሉል ሓጹር | ዕኽሉል ሓጹር | ደገፈ | ጋልዊንግ
|	ትኹል ሕንጻጽ	vሕንጣጥ | ሕንጣጥ | መስመር | ሰፈር ወቕዒ | በትሪ | ቱቦ | ትኹል ሕንጻጽ | ወቅዒ | ጭማራ
}	ዕጹው ዕኽሉል ሓጹር	ሓጹር | ዕኽሉል ሓጹር | ዕጹው ዕኽሉል ሓጹር | ደገፈ | ጋልዊንግ
~	ቲልደ	ቲልደ
¡	ግምጣል ምልክት ስምዒት	ምልክት ስምዒት | ስምዒት | ስምዒት ነጥቢ | ባንግ | ግምጣል | ግምጣል ምልክት ስምዒት
¢	ሳንቲም	ሳንቲም
£	ፓዎንድ	EGP | GBP | ገንዘብ | ፓዎንድ
¤	ዘይተፈልጠ ባጤራ	
¥	የን	CNY | JPY | የን | ገንዘብ
§	ክፋል	ሕጡበ ጽሑፍ | ሶልክሮው | ክፋል
¨	ዲያረሲስ	ትረማ | ኡምልዋት | ዲያረሲስ
©	መሰል ደራሲ	c | መሰል ደራሲ
«	ጸጋማይ ጕዊለመንት	ሓባሪ ምልክት | ሓጹር | ምጥቃስ | ቸቭሮን | ኩርናዕ | ጸጋማይ | ጸጋማይ ጕዊለመንት
¬	ኣሉታ	ኣሉታ | ኣይኮነን
®	ምዝጉብ	r | ምዝጉብ
°	ደረጃ	መርትዖ | ሰዓት | ደረጃ
±	ምድማር-ምጉዳል	ምድማር-ምጉዳል
²	ልዕለ-ውራቕ ክልተ	ልዕለ-ውራቕ | ትርብዒት | ክልተ
³	ልዕለ-ውራቕ ሰለስተ	ልዕለ-ውራቕ | ሰለስተ | ኪዩብድ
´	ዝጊልሐ ኣደማምጻ	ቃና | ኣዘራርባ | ዝጊልሐ ኣደማምጻ | ጊሉሕ
µ	ማይክሮ ምልክት	ማይክሮ ምልክት | ዓቅን
¶	ምልክት ናይ ሕጥበ ጽሑፍ	ሕጥበ ጽሑፍ | ምልክት ናይ ሕጥበ ጽሑፍ | ኣሊንያ | ፒልስችሮው | ፓራፍ
·	ማእከላይ ዶት	ማእከላይ | ውሽጣዊ ስርዓተ-ነጥቢ | ዶት
¹	ልዕለ-ውራቕ ሓደ	ልዕለ-ውራቕ | ሓደ
»	ቅኑዕ ጕዊለመንት	ሓባሪ ምልክት | ሓጹር | ምጥቃስ | ቅኑዕ ጕዊለመንት | ቸቭሮን | ኩርናዕ | የማናይ
¿	ግምጣል ምልክት ሕቶ	ሕቶ | ምልክት ሕቶ | ግምጣል | ግምጣል ምልክት ሕቶ
×	ምልክት ምርባሕ	ምልክት ምርባሕ | ምርባሕ
÷	ምልክት ምምቃል	ምልክት ምምቃል | ምምቃል | ኦበልዩስ
֏	ኣርመንያዊ ድራም	
؋	ኣፍጋኒስታናዊ ኣፍጋን	
،	ናይ ዓረብ ኮማ	ናይ ዓረብ ኮማ | ኮማ | ዓረብ
؛	ናይ ዓረብ ነጥበ-ሰረዝ	ነጥበ-ሰረዝ | ናይ ዓረብ | ናይ ዓረብ ነጥበ-ሰረዝ
؟	ናይ ዓረብ ምልክት ሕቶ	ሕቶ | ምልክት ሕቶ | ናይ ዓረብ ምልክት ሕቶ | ዓረብ
৳	ባንግላደሻዊ ታካ	
฿	ታይላንዳዊ ባህ	
៛	ካምቦድያዊ ሪኤል	
‐	ሃይፈን	ሃይፈን | ዳሽ
–	አን ዳሽ	አን | ዳሽ
—	አም ዳሽ	አም | ዳሽ
―	ጎድናዊ ሽራጥ	መስመር | ሽራጥ | ዳሽ | ጎድናዊ ሽራጥ
‘	ጸጋማዊ ኣፖስትሮፍ	ምጥቃስ | በሊሕ ምጥቃስ | ንጽል ምጥቃስ | ኣፖስትሮፍ | ጸጋማዊ ኣፖስትሮፍ
’	ቅኑዕ ኣፖስትሮፍ	ምጥቃስ | ቅኑዕ ኣፖስትሮፍ | በሊሕ ምጥቃስ | ንጽል ምጥቃስ | ኣፖስትሮፍ
‚	ትሑት ቅኑዕ ኣፖስትሮፍ	ምጥቃስ | ትሑት ምጥቃስ | ትሑት ቅኑዕ ኣፖስትሮፍ | ኣፖስትሮፍ
“	ጸጋማይ ምልክት ጥቕሲ	ምጥቃስ | በሊሕ ምጥቃስ | ድርብ ምጥቃስ | ጸጋማይ ምልክት ጥቕሲ
”	ቅኑዕ ምልክት ጥቕሲ	ምጥቃስ | ቅኑዕ ምልክት ጥቕሲ | በሊሕ ምጥቃስ | ድርብ ምጥቃስ
„	ትሑት ቅኑዕ ምልክት ጥቕሲ	ምጥቃስ | በሊሕ ምጥቃስ | ትሑት ምልክት ጥቕሲ | ትሑት ቅኑዕ ምልክት ጥቕሲ | ድርብ ምጥቃስ
†	ምልክት ሽቶል	ሓወልቲ | ምልክት ሽቶል | ሽቶል | ኦበሉስ
‡	ድርብ ምልክት ሽቶል	ሓወልቲ | ሽቶል | ኦበሉስ | ድርብ | ድርብ ምልክት ሽቶል
•	ዓረር	ዓረር | ዶት
…	ግድፈተ-ቃላት	ዶት | ግድፈተ-ቃላት | ግድፈት
‧	ናይ ሃይፈን ነጥቢ	ሃይፈን | ነጥቢ | ናይ ሃይፈን ነጥቢ | ዳሽ
‰	አብ ማይል	mille | ሚል | ንነፍሲ ወከፍ | አብ ሚሌ | ፐርሚል
′	ቀዳማዊ	ቀዳማዊ
″	ድርብ ቀዳማዊ	ቀዳማዊ | ድርብ ቀዳማዊ
‴	ስሉሳዊ ቀዳማዊ	ስሉሳዊ ቀዳማዊ | ቀዳማዊ
‸	ሓባሪት ተውሳኽ	ሓባሪት ተውሳኽ
※	መወከሲ ምልክት	መወከሲ ምልክት
‼	ድርብ ምልክት ስምዒት	! | !! | ምልክት | ስምዒት | ባንግባንግ | ድርብ ምልክት ስምዒት
‽	ኢንተሮባንግ	ኢንተራባንግ | ኢንተሮባንግ
‾	ኣብ ላዕሊ መስመር	ቪንኩለም | ኣብ ላዕሊ ሕንጻጽ | ኣብ ላዕሊ መስመር
⁂	ስሉስ ኮኾብ	ስሉስ ኮኾብ | ኮኾብ | ጉጅለ ኮኾብ
⁄	ናይ ክፋል እዝባር	ሕንጻጽ | ናይ ክፋል እዝባር | ጋድም ሕንጻጽ
⁉	!	! | ቀይሕ ምልክት ሕቶ
⁻	ልዕለ-ውራቕ ምጉዳል	ልዕለ-ውራቕ | ምጉዳል
₡	ኮስታሪካ ኮሎን	
₢	ክሩዜሮ	BRB | ክሩዘይሮ | ገንዘብ
₣	ፈረንሳዊ ፍራንክ	ባጤራ | ፈረንሳዊ ቋንቋ | ፍራንክ
₤	ሊራ	ሊራ | ባጤራ
₥	ሚል	ሚል
₦	ናይጀርያዊ ናይራ	
₨	ሩፒ	ሩፒ | ባጤራ
₩	ዎን	KPW | KRW | ዎን
₪	እስራኤላዊ ሓድሽ ሸቃል	
₫	ቬትናማዊ ዶንግ	
€	ዩሮ	ዩሮ | ገንዘብ
₭	ላኦስያዊ ኪፕ	
₮	ሞንጎላዊ ቱግሪክ	
₰	ጀርመናዊ ሳንቲም	ሳንቲም | ባጤራ | ጀርመንኛ | ፕፍኒን
₱	ፐሶ	ፐሶ
₲	ፓራጓያዊ ጓራኒ	
₳	ኣውስትራልያዊ	ARA | ኣውስትራልያዊ | ገንዘብ
₴	ዩክሬናዊት ሪቭንያ	
₵	ጋናዊ ሴዲ	
₶	ሊቭሬ ቱርኖ	ሊቭሬ | ባጤራ | ቱርኖ
₷	ስፐስሚሎ	ባጤራ ስፐስሚሎ
₸	ካዛኪስታናዊ ተንገ	
₹	ሩቢ ናይ ሂንዲ	ሩቢ | ሩቢ ናይ ሂንዲ | ገንዘብ
₺	ቱርካዊ ሊራ	
₼	ኣዘርባጃናዊ ማናት	
₽	ሩብለ	ሩብለ | ገንዘብ
₾	ጆርጅያዊ ላሪ	
₿	ቢትኮይን	BTC | ቢትኮይን
℗	ምዕቃብ ድምጺ መሰል ደራሲ	መሰል ደራሲ | ምዕቃብ | ምዕቃብ ድምጺ መሰል ደራሲ | ድምጺ
™	ምልክት ንግዲ	tm | ምልክት | ምልክት ንግዲ
ℹ	ሓበሬታ	i | ሓበሬታ
←	ጸጋማይ-ጫፍ ምልክት	ምልክት | ጸጋማይ-ጫፍ ምልክት | ጸጋም
↑	ንላዕሊ-ጫፍ ምልክት	ምልክት | ንላዕሊ | ንላዕሊ-ጫፍ ምልክት
→	የማናይ-ጫፍ ምልክት	ምልክት | የማናይ | የማናይ-ጫፍ ምልክት
↓	ታሕተዋይ-ጫፍ ምልክት	ምልክት | ታሕተዋይ | ታሕተዋይ-ጫፍ ምልክት
↔	ምልክት ናብ-የማን ጸጋም	ምልክት | ምልክት ናብ-የማን ጸጋም
↕	ምልክት ናብ-ላዕሊ ታሕቲ	ምልክት | ምልክት ናብ-ላዕሊ ታሕቲ
↖	ምልክት ናብ-ጸጋማይ ላዕሊ	ምልክት | ምልክት ናብ-ጸጋማይ ላዕሊ | ሰሜናዊ ምዕራብ | ኣንፈት | ውሽጣዊ ናይ ካርዲናል
↗	ምልክት ናብ-የማናይ ላዕሊ	ምልክት | ምልክት ናብ-የማናይ ላዕሊ | ሰሜናዊ ምብራቅ | ኣንፈት | ውሽጣዊ ናይ ካርዲናል
↘	ምልክት ናብ-የማናይ ታሕቲ	ምልክት | ምልክት ናብ-የማናይ ታሕቲ | ኣንፈት | ውሽጣዊ ናይ ካርዲናል | ደቡባዊ ምብራቅ
↙	ምልክት ናብ-ጸጋማይ ታሕቲ	ምልክት | ምልክት ናብ-ጸጋማይ ታሕቲ | ኣንፈት | ውሽጣዊ ናይ ካርዲናል | ደቡባዊ ምዕራብ
↚	ንጸጋም ዝሕብር ፍላጻ ሕንጻጽ	ንጸጋም ዝሕብር ፍላጻ ሕንጻጽ
↛	ንየማን ዝሕብር ፍላጻ ሕንጻጽ	ንየማን ዝሕብር ፍላጻ ሕንጻጽ
↜	ንጸጋም ዝሕብር ተዓጻጻፊ ፍላጻ	ንጸጋም ዝሕብር ተዓጻጻፊ ፍላጻ
↝	ንየማን ዝሕብር ተዓጻጻፊ ፍላጻ	ንየማን ዝሕብር ተዓጻጻፊ ፍላጻ
↞	ንጸጋም ዝሕብር በዓል ክልተ ርእሲ ፍላጻ	ንጸጋም ዝሕብር በዓል ክልተ ርእሲ ፍላጻ
↟	ንላዕሊ ዝሕብር በዓል ክልተ ርእሲ ፍላጻ	ንላዕሊ ዝሕብር በዓል ክልተ ርእሲ ፍላጻ
↠	ንየማን ዝሕብር በዓል ክልተ ርእሲ ፍላጻ	ንየማን ዝሕብር በዓል ክልተ ርእሲ ፍላጻ
↡	ንታሕቲ ዝሕብር በዓል ክልተ ርእሲ ፍላጻ	ንታሕቲ ዝሕብር በዓል ክልተ ርእሲ ፍላጻ
↢	ንጸጋም ዝሕብር ፍላጻ ጭራ	ንጸጋም ዝሕብር ፍላጻ ጭራ
↣	ንየማን ዝሕብር ፍላጻ ጭራ	ንየማን ዝሕብር ፍላጻ ጭራ
↤	ንጸጋም ዝሕብር ፍላጻ ካብ ደረት	ንጸጋም ዝሕብር ፍላጻ ካብ ደረት
↥	ንላዕሊ ዝሕብር ፍላጻ ካብ ደረት	ንላዕሊ ዝሕብር ፍላጻ ካብ ደረት
↦	ንየማን ዝሕብር ፍላጻ ካብ ደረት	ንየማን ዝሕብር ፍላጻ ካብ ደረት
↧	ንታሕቲ ዝሕብር ፍላጻ ካብ ደረት	ንታሕቲ ዝሕብር ፍላጻ ካብ ደረት
↨	ንላዕሊን ታህትን ዝሕብር ፍላጻ ምስ ሰረት	ንላዕሊን ታህትን ዝሕብር ፍላጻ ምስ ሰረት
↩	የማናይ ምልክት ናብ ጸጋም ዝተጠውየ	ምልክት | የማናይ ምልክት ናብ ጸጋም ዝተጠውየ
↪	ጸጋማይ ምልክት ናብ የማን ዝተጠውየ	ምልክት | ጸጋማይ ምልክት ናብ የማን ዝተጠውየ
↫	ንጸጋም ዝሕብር ፍላጻ ዓንኬል	ንጸጋም ዝሕብር ፍላጻ ዓንኬል
↬	ንየማን ዝሕብር ፍላጻ ዓንኬል	ንየማን ዝሕብር ፍላጻ ዓንኬል
↭	ንጸጋምን የማንን ዝሕብር ተዓጻጻፊ ፍላጻ	ንጸጋምን የማንን ዝሕብር ተዓጻጻፊ ፍላጻ
↮	ንጸጋምን የማንን ዝሕብር ፍላጻ ሕንጻጽ	ንጸጋምን የማንን ዝሕብር ፍላጻ ሕንጻጽ
↯	ንታሕቲ ዝሕብር ጠምዝማዛ ፍላጻ	ንታሕቲ ዝሕብር ጠምዝማዛ ፍላጻ | ጠምዝማዛ
↰	ንላዕሊ ከይዱ ኣብ ጫፉ ንጸጋም ዝዕጸፍ ፍላጻ	ንላዕሊ ከይዱ ኣብ ጫፉ ንጸጋም ዝዕጸፍ ፍላጻ
↱	ንላዕሊ ከይዱ ኣብ ጫፉ ንየማን ዝዕጸፍ ፍላጻ	ንላዕሊ ከይዱ ኣብ ጫፉ ንየማን ዝዕጸፍ ፍላጻ
↲	ንታሕቲ ከይዱ ኣብ ጫፉ ንጸጋም ዝዕጸፍ ፍላጻ	ንታሕቲ ከይዱ ኣብ ጫፉ ንጸጋም ዝዕጸፍ ፍላጻ
↳	ንታሕቲ ከይዱ ኣብ ጫፉ ንየማን ዝዕጸፍ ፍላጻ	ንታሕቲ ከይዱ ኣብ ጫፉ ንየማን ዝዕጸፍ ፍላጻ
↴	ንየማን ከይዱ ኣብ ማእከሉ ንታሕቲ ዝዕጸፍ ፍላጻ	ንየማን ከይዱ ኣብ ማእከሉ ንታሕቲ ዝዕጸፍ ፍላጻ
↵	ንታሕቲ ከይዱ ኣብ ማእከሉ ንጸጋም ዝዕጸፍ ፍላጻ	ንታሕቲ ከይዱ ኣብ ማእከሉ ንጸጋም ዝዕጸፍ ፍላጻ
↶	ኣንጻር ሰዓታዊ ኣንፈት ዝሕብር ፍርቂ ክቢ ፍላጻ	ኣንጻር ሰዓታዊ ኣንፈት ዝሕብር ፍርቂ ክቢ ፍላጻ
↷	ሰዓታዊ ኣንፈት ዝሕብር ፍርቂ ክቢ ፍላጻ	ሰዓታዊ ኣንፈት ዝሕብር ፍርቂ ክቢ ፍላጻ
↸	ንሰሜናዊ ምዕራብ ዝሕብር ፍላጻ ነዊሕ ደረት	ንሰሜናዊ ምዕራብ ዝሕብር ፍላጻ ነዊሕ ደረት
↹	ንጸጋም ዝሕብር ኣብ ልዕሊ ንየማን ዝሕብር ፍላጻ ደረት	ንጸጋም ዝሕብር ኣብ ልዕሊ ንየማን ዝሕብር ፍላጻ ደረት
↺	ኣንጻር ሰዓታዊ ኣንፈት ዝሕብር ክፉት ክቢ ፍላጻ	ኣንጻር ሰዓታዊ ኣንፈት ዝሕብር ክፉት ክቢ ፍላጻ
↻	ሰዓታዊ ኣንፈት ዝሕብር ክፉት ክቢ ፍላጻ	ሰዓታዊ ኣንፈት ዝሕብር ክፉት ክቢ ፍላጻ
↼	ንጸጋም ዝሕብር ኮይኑ ንላዕዒ ዝተዓጽፈ ዓንቃሪቦ	ሰዓታዊ ኣንፈት ዝሕብር ክፉት ክቢ ፍላጻ | ንጸጋም ዝሕብር ኮይኑ ንላዕዒ ዝተዓጽፈ ዓንቃሪቦ
↽	ንጸጋም ዝሕብር ኮይኑ ንታሕቲ ዝተዓጽፈ ዓንቃሪቦ	ንጸጋም ዝሕብር ኮይኑ ንታሕቲ ዝተዓጽፈ ዓንቃሪቦ
↾	ንላዕሊ ዝሕብር ኮይኑ ንየማን ዝተዓጽፈ ዓንቃሪቦ	ንላዕሊ ዝሕብር ኮይኑ ንየማን ዝተዓጽፈ ዓንቃሪቦ | ዓንቃሪቦ
↿	ንላዕሊ ዝሕብር ኮይኑ ንጸጋም ዝተዓጽፈ ዓንቃሪቦ	ንላዕሊ ዝሕብር ኮይኑ ንጸጋም ዝተዓጽፈ ዓንቃሪቦ | ዓንቃሪቦ
⇀	ንጸጋም ዝሕብር ኮይኑ ንላዕሊ ዝተዓጽፈ ዓንቃሪቦ	ንየማን ዝሕብር ኮይኑ ንላዕሊ ዝተዓጽፈ ዓንቃሪቦ | ንጸጋም ዝሕብር ኮይኑ ንላዕሊ ዝተዓጽፈ ዓንቃሪቦ | ዓንቃሪቦ
⇁	ንየማን ዝሕብር ኮይኑ ንታሕቲዝተዓጽፈ ዓንቃሪቦ	ንየማን ዝሕብር ኮይኑ ንታሕቲ ዝተዓጽፈ ዓንቃሪቦ | ንየማን ዝሕብር ኮይኑ ንታሕቲዝተዓጽፈ ዓንቃሪቦ | ዓንቃሪቦ
⇂	ንታሕቲ ዝሕብር ኮይኑ ንየማን ዝተዓጽፈ ዓንቃሪቦ	ንታሕቲ ዝሕብር ኮይኑ ንየማን ዝተዓጽፈ ዓንቃሪቦ | ዓንቃሪቦ
⇃	ንታሕቲ ዝሕብር ኮይኑ ንጸጋም ዝተዓጽፈ ዓንቃሪቦ	ንታሕቲ ዝሕብር ኮይኑ ንጸጋም ዝተዓጽፈ ዓንቃሪቦ | ዓንቃሪቦ
⇄	ንየማን ዝሕብር ኣብ ልዕሊ ንጸጋም ዝሕብር ፍላጻ	ንየማን ዝሕብር ኣብ ልዕሊ ንጸጋም ዝሕብር ፍላጻ
⇅	ንላዕሊ-ጫፍ ኣብ ልዕሊ ታሕተዋይ-ጫፍ ምልክት	ምልክት | ታሕተዋይ | ንላዕሊ | ንላዕሊ-ጫፍ ኣብ ልዕሊ ታሕተዋይ-ጫፍ ምልክት
⇆	ጸጋማይ-ጫፍ ኣብ ልዕሊ የማናይ-ጫፍ ምልክት	ምልክት | የማን | ጸጋማይ-ጫፍ ኣብ ልዕሊ የማናይ-ጫፍ ምልክት | ጸጋም
⇇	ንጸጋም ዝሕብር ጽምዲ ፍላጻ	ንጸጋም ዝሕብር ጽምዲ ፍላጻ
⇈	ንላዕሊ ዝሕብር ጽምዲ ፍላጻ	ንላዕሊ ዝሕብር ጽምዲ ፍላጻ
⇉	ንየማን ዝሕብር ጽምዲ ፍላጻ	ንየማን ዝሕብር ጽምዲ ፍላጻ
⇊	ንታሕቲ ዝሕብር ጽምዲ ፍላጻ	ንታሕቲ ዝሕብር ጽምዲ ፍላጻ
⇋	ንጸጋም ዝሕብር ዓንቃሪቦ ኣብ ልዕሊ ንየማን ዝሕብር ዓንቃሪቦ	ንጸጋም ዝሕብር ዓንቃሪቦ ኣብ ልዕሊ ንየማን ዝሕብር ዓንቃሪቦ
⇌	ንየማን ዝሕብር ዓንቃሪቦ ኣብ ልዕሊ ንጸጋም ዝሕብር ዓንቃሪቦ	ንየማን ዝሕብር ዓንቃሪቦ ኣብ ልዕሊ ንጸጋም ዝሕብር ዓንቃሪቦ
⇍	ንጸጋም ዝሕብር ድርብ ፍላጻ ሕንጻጽ	ንጸጋም ዝሕብር ድርብ ፍላጻ ሕንጻጽ
⇎	ንጸጋምን የማንን ዝሕብር ድርብ ፍላጻ ሕንጻጽ	ንጸጋምን የማንን ዝሕብር ድርብ ፍላጻ ሕንጻጽ
⇏	ንየማን ዝሕብር ድርብ ፍላጻ ሕንጻጽ	ንየማን ዝሕብር ድርብ ፍላጻ ሕንጻጽ
⇐	ንጸጋም ዝሕብር ድርብ ፍላጻ	ንጸጋም ዝሕብር ድርብ ፍላጻ
⇑	ንላዕሊ ዝሕብር ድርብ ፍላጻ	ንላዕሊ ዝሕብር ድርብ ፍላጻ
⇒	ንየማን ዝሕብር ድርብ ፍላጻ	ንየማን ዝሕብር ድርብ ፍላጻ
⇓	ንታሕቲ ዝሕብር ድርብ ፍላጻ	ንታሕቲ ዝሕብር ድርብ ፍላጻ
⇔	ንጸጋምን የማንን ዝሕብር ድርብ ፍላጻ	ንጸጋምን የማንን ዝሕብር ድርብ ፍላጻ
⇖	ንሰሜናዊ ምዕራብ ዝሕብር ድርብ ፍላጻ	ንሰሜናዊ ምዕራብ ዝሕብር ድርብ ፍላጻ
⇗	ንሰሜናዊ ምብራቕ ዝሕብር ድርብ ፍላጻ	ንሰሜናዊ ምብራቕ ዝሕብር ድርብ ፍላጻ
⇘	ንደቡባዊ ምብራቕ ዝሕብር ድርብ ፍላጻ	ንደቡባዊ ምብራቕ ዝሕብር ድርብ ፍላጻ
⇙	ንደቡባዊ ምዕራብ ዝሕብር ድርብ ፍላጻ	ንደቡባዊ ምዕራብ ዝሕብር ድርብ ፍላጻ
⇚	ንጸጋም ዝሕብር በዓል ሰለስተ ፍላጻ	ንጸጋም ዝሕብር በዓል ሰለስተ ፍላጻ
⇛	ንየማን ዝሕብር በዓል ሰለስተ ፍላጻ	ንየማን ዝሕብር በዓል ሰለስተ ፍላጻ
⇜	ንጸጋም ዝሕብር ጠምዝማዛ ፍላጻ	ንጸጋም ዝሕብር ተዓጻጻፊ ፍላጻ | ንጸጋም ዝሕብር ጠምዝማዛ ፍላጻ
⇝	ንየማን ዝሕብር ጠምዝማዛ ፍላጻ	ንየማን ዝሕብር ተዓጻጻፊ ፍላጻ | ንየማን ዝሕብር ጠምዝማዛ ፍላጻ
⇞	ንላዕሊ ዝሕብር ፍላጻ ድርብ ሕንጻጽ	ንላዕሊ ዝሕብር ፍላጻ ድርብ ሕንጻጽ
⇟	ንታሕቲ ዝሕብር ፍላጻ ድርብ ሕንጻጽ	ንታሕቲ ዝሕብር ፍላጻ ድርብ ሕንጻጽ
⇠	ንጸጋም ዝሕብር ቁርጽራጽ ፍላጻ	ንጸጋም ዝሕብር ቁርጽራጽ ፍላጻ
⇡	ንላዕሊ ዝሕብር ቁርጽራጽ ፍላጻ	ንላዕሊ ዝሕብር ቁርጽራጽ ፍላጻ
⇢	ንየማን ዝሕብር ቁርጽራጽ ፍላጻ	ንየማን ዝሕብር ቁርጽራጽ ፍላጻ
⇣	ንታሕቲ ዝሕብር ቁርጽራጽ ፍላጻ	ንታሕቲ ዝሕብር ቁርጽራጽ ፍላጻ
⇤	ንጸጋም ዝሕብር ፍላጻ ደረት	ንጸጋም ዝሕብር ፍላጻ ደረት
⇥	ንየማን ዝሕብር ፍላጻ ደረት	ንየማን ዝሕብር ፍላጻ ደረት
⇦	ንጸጋም ዝሕብር ክፍቲ ፍላጻ	ንጸጋም ዝሕብር ክፍቲ ፍላጻ
⇧	ንላዕሊ ዝሕብር ክፍቲ ፍላጻ	ንላዕሊ ዝሕብር ክፍቲ ፍላጻ
⇨	ንየማን ዝሕብር ክፍቲ ፍላጻ	ንየማን ዝሕብር ክፍቲ ፍላጻ
⇩	ንታሕቲ ዝሕብር ክፍቲ ፍላጻ	ንታሕቲ ዝሕብር ክፍቲ ፍላጻ
⇪	ንላዕሊ ዝሕብር ክፍቲ ፍላጻ ካብ ደረት	ንላዕሊ ዝሕብር ክፍቲ ፍላጻ ካብ ደረት
⇵	ንታሕቲ ዝሕብር ፍላጻ ንላዕሊ ዝሕብር ፍላጻ	ንታሕቲ ዝሕብር ፍላጻ ንላዕሊ ዝሕብር ፍላጻ
∀	ንኹሎም	ንኹሎም | ኩሎም | ዓለምለኻዊ | ዝተውሃበ | ዝኾነ
∂	ብኸፊል ምፍልላይ	ምፍልላይ | ብኸፊል ምፍልላይ
∃	ኣብኡ ኣሎ	ኣብኡ ኣሎ
∅	ባዶ መስርዕ	ሕሳብ | መስርዕ ኦፐሬተር | ባዶ መስርዕ | ባዶ ምድላው
∆	ወሰኽ	ስሉስ ኩርናዕ | ወሰኽ
∇	ናብላ	ስሉስ ኩርናዕ | ናብላ
∈	ባእታ ናይ	ባእታ | ባእታ ናይ | ኣባልነት | እኩብ | የጠቃልል
∉	ረቛሒ ኣይኰነን	ረቛሒ | ረቛሒ ኣይኰነን
∋	ከም ኣባል ሒዙ	ረቛሒ | ከም ኣባል ሒዙ
∎	መወዳእታ መርትዖ	q.e.d. | qed | መወዳእታ መርትዖ | ምልክት መዛዘሚ | ምልክት መፈጸምታ
∏	n-ኣሃዱ መራብሒ	n-ኣሃዱ መራብሒ | መራብሒ | ስነ-መጎት
∑	n-ኣሃዱ ድምር	n-ኣሃዱ ድምር | ሕሳብ | ድምር
−	ምልክት ምጉዳል	ምልክት ምጉዳል | ምጉዳል
∓	ምጉዳል ወይ ምድማር	ምድማር-ምጉዳል | ምጉዳል ወይ ምድማር
∕	ናይ ምምቓል እዝባር	ሕንጻጽ | ናይ ምምቓል እዝባር | እዝባር | ጋድም ሕንጻጽ
∗	ምልክት ኮኾብ ኦፐሬተር	ምልክት ኮኾብ ኦፐሬተር | ኮኾብ
∘	ቀለቤታዊ ኦፐሬተር	ቀለቤታዊ ኦፐሬተር | ኣቀማምጣ | ኦፐሬተር
∙	ምልክት ነጥቢ ኦፐሬተር	ምልክት ነጥቢ ኦፐሬተር | ኦፐሬተር
√	ትርብዒት	መልሲ | ሱርድ | ትርብዒት | ትርብዒትe
∝	ተመጣጠንቲ	ተመጣጠንቲ | ተመጣጣኒነት
∞	ምልክት ደረት ኣልቦነት	ምልክት ደረት ኣልቦነት | ደረት ኣልቦነት
∟	ቅኑዕ ኩርናዕ	ሕሳብ | ቅኑዕ ኩርናዕ
∠	ኩርናዕ	ኩርናዕ | ዘይቅኑዕ
∣	ግኒንጎኒይመቕሎ	መቓሊ | ይመቕሎ | ግኒንጎኒይመቕሎ
∥	ግኒንጎኒ	ግኒንጎኒ
∧	ስነ-መጎት ከምኡ ውን	ac | atque | ስነ-መጎት ከምኡ ውን | ወሸለ
∩	ምምሕልላፍ	ምምሕልላፍ | እኩብ
∪	እኩብ	እኩብ
∫	ኢንተግራል	ኢንተግራል | ካልኩለስ
∬	ድርብ ኢንተግራል	ካልኩለስ | ድርብ ኢንተግራል
∮	ዓንኬል ኢንተግራል	ዓንኬል ኢንተግራል
∴	ስለዚ	ስለዚ | ስነ-መጎት
∵	ምኽንያቱ	ምኽንያቱ | ስነ-መጎት
∶	ምምዝዛን	ምምዝዛን
∷	ተመጣጠንቲ ዶት	ተመጣጠንቲ | ተመጣጠንቲ ዶት | ተመጣጣኒነት
∼	መጸውዒ ቃላት ኦፐሬተር	መጸውዒ ቃላት ኦፐሬተር | ኦፐሬተር
∽	ዝተገልበጠ መጸውዒ ቃላት	መጸውዒ ቃላት | ዝተገልበጠ መጸውዒ ቃላት
∾	ንጋድም ዝተገልበጠ s	ንጋድም ዝተገልበጠ s
≃	ንማዕረ ዝተጸግዐ	ሕሳብ | ንማዕረ ዝተጸግዐ | ዝተጸግዐ
≅	ዳርጋ ማዕረ	ሕሳብ | ማዕርነት | ምስምዕማዕ | ኣይዞሞርፊዝም | ዳርጋ ማዕረ
≈	ዳርጋ ልክዕ	ምቅርራብ | ተቃራራቢ | ዳርጋ ልክዕ
≌	ኩሉ ማዕረ	ሕሳብ | ማዕርነት | ኩሉ ማዕረ
≒	እቲ ምስሊ ዳርጋ ማዕረ	እቲ ምስሊ ዳርጋ ማዕረ
≖	ዓንኬል ኣብ ማዕረ	ሕሳብ | ማዕርነት | ዓንኬል ኣብ ማዕረ
≠	ልክዕ ዘይኮነ	ልክዕ ዘይኮነ | ማዕርነት
≡	ተመሳሳሊ ን	ልክዕ | ስልሲት | ተመሳሳሊ | ተመሳሳሊ ን
≣	ፍጹም ተመጣጣኒ	ሕሳብ | ማዕርነት | ፍጹም ተመጣጣኒ
≤	ይንእስ ወይ ማዕረ	ማዕረ | ማዕርነት | ይንእስ | ይንእስ ወይ ማዕረ
≥	ንላዕሊ ወይ ማዕረ	ማዕረ | ማዕርነት | ንላዕሊ ወይ ማዕረ
≦	ዝውሕድ ኣብ ልዕሊ ማዕረ	ሕሳብ | ዘይማዕረነት | ዝውሕድ ኣብ ልዕሊ ማዕረ
≧	ዝዓበየ ኣብ ልዕሊ ማዕረ	ሕሳብ | ዘይማዕረ | ዝዓበየ ኣብ ልዕሊ ማዕረ
≪	ዝያዳ ዝወሓደ	ሕሳብ | ዘይማዕረነት | ዝያዳ ዝወሓደ
≫	ዝያዳ ዝዓበየ	ሕሳብ | ዘይማዕረነት | ዝያዳ ዝዓበየ
≬	ኣብመንጎ	ኣብመንጎ
≮	ውሑድ ዘይኮነ	ሕሳብ | ውሑድ ዘይኮነ | ዘይማዕረነት
≯	ዓብዪ ዘይኮነ	ሕሳብ | ዓብዪ ዘይኮነ | ዘይማዕረነት
≳	ካብ ዝተመጣጠነ ዝዓበየ	ሕሳብ | ካብ ዝተመጣጠነ ዝዓበየ | ዘይማዕረ
≺	ዝቐደመ	ሕሳብ | መስርዕ ኦፐሬተር | ዝቐደመ
≻	ዝተኸተለ	ሕሳብ | መስርዕ ኦፐሬተር | ዝተኸተለ
⊁	ዘይተኸተለ	ሕሳብ | መስርዕ ኦፐሬተር | ዘይተኸተለ
⊂	ንኡስ እኩብ	ንኡስ እኩብ | ንኡስ እኩብ ናይ | እኩብ
⊃	ግዙፍ መስርዕ	ሕሳብ | መስርዕ ኦፐሬተር | ግዙፍ መስርዕ
⊆	ንኡስ መስርዕ ማዕረ	ንኡስ መስርዕ ማዕረ
⊇	ግዙፍ መስርዕ ማዕረ	ሕሳብ | ማዕርነት | ግዙፍ መስርዕ ማዕረ
⊕	ኣብ ዓንኬል ምድማር	ምድማር | ኣብ ዓንኬል ምድማር
⊖	ኣብ ዓንኬል ምጉዳል	ምድምሳስ | ንማዕረ ምክፋል | ኣብ ዓንኬል ምጉዳል
⊗	ኣብ ዓንኬል ምርባሕ	ምርባሕ | ኣብ ዓንኬል ምርባሕ | ውጥረት
⊘	ኣብ ዓንኬል ናይ ምምቃል እዝባር	ሕሳብ | ኣብ ዓንኬል ናይ ምምቃል እዝባር | ከም-ምምቃል
⊙	ኣብ ዓንኬል ናይ ነጥቢ ኦፐሬተር	XNOR | ኣብ ዓንኬል ናይ ነጥቢ ኦፐሬተር | ኦፐሬተር
⊚	ኣብ ዓንኬል ናይ ዓንኬል ኦፐሬተር	ኣብ ዓንኬል ናይ ዓንኬል ኦፐሬተር
⊛	ኣብ ዓንኬል ናይ ኮኾብ ኦፐሬተር	ምልክት ኮኾብ | ኣብ ዓንኬል ናይ ኮኾብ ኦፐሬተር | ኦፐሬተር
⊞	ኣብ ትርብዒት ምድማር	ሕሳብ | ኣብ ትርብዒት ምድማር | ከም-ምድማር
⊟	ኣብ ትርብዒት ምጉዳል	ሕሳብ | ኣብ ትርብዒት ምጉዳል | ከም-ምጉዳል
⊥	ካብ ደረት ንላዕሊ	eet | ካብ ደረት ንላዕሊ | ደረት | ፋልሱም
⊮	ኣይሕይሎን	ኣይሕይሎን
⊰	ኣብ ትሕቲ ርክብ ዝቀደመ	ሕሳብ | መስርዕ ኦፐሬተር | ኣብ ትሕቲ ርክብ ዝቀደመ
⊱	ኣብ ትሕቲ ርክብ ዝተኸተለ	ሕሳብ | መስርዕ ኦፐሬተር | ኣብ ትሕቲ ርክብ ዝተኸተለ
⊶	ናይ መጀመርታ	ናይ መጀመርታ
⊹	ብሕታዊ ዝተጣመረ ማትሪክስ	ሕሳብ | ብሕታዊ ዝተጣመረ ማትሪክስ | ትርብዒት ማትሪክስ | ዓርሰ-ምጥማር ማትሪክስ
⊿	ቅኑዕ ስሉስ ኩርናዕ	ሕሳብ | ስሉስ ኩርናዕ | ቅኑዕ ስሉስ ኩርናዕ
⋁	n-ኣሃዱ ስነ-መጎት ወይ	n-ኣሃዱ ስነ-መጎት ወይ | ስነ-መጎት | ዘይምትሕሓዝ
⋂	n-ኣሃዱ መራኽቦ	n-ኣሃዱ መራኽቦ | ሕሳብ | መራኽቦ | መስርዕ ኦፐሬተር
⋃	n-ኣሃዱ ምጽምባር	n-ኣሃዱ ምጽምባር | ሕሳብ | መስርዕ ኦፐሬተር | ምጽምባር
⋅	ነጥቢ ኦፐሬተር	ነጥቢ ኦፐሬተር | ኦፐሬተር
⋆	ኮኾብ ኦፐሬተር	ኦፐሬተር | ኮኾብ ኦፐሬተር
⋈	ተፈጥሮኣዊ ምስዓብ	ተፈጥሮኣዊ ምስዓብ | ናይ ክልተኣዊ ኦፐሬተር | ኣብ ክሳድ ምእሳር
⋒	ድርብ መራኽቦ	ሕሳብ | መራኽቦ | መስርዕ ኦፐሬተር | ድርብ መራኽቦ
⋘	ዝያዳ ዝያዳ ዝወሓደ	ሕሳብ | ዘይማዕረነት | ዝያዳ ዝያዳ ዝወሓደ
⋙	ዝያዳ ዝያዳ ዝዓበየ	ሕሳብ | ዘይማዕረነት | ዝያዳ ዝያዳ ዝዓበየ
⋭	ከም ልሙድ ዘይሓዘ ንኡስ ጉጅለ ማዕረ	ሕሳብ | ንኡስ ጉጅለ ክልስ-ሓሳብ | ከም ልሙድ ዘይሓዘ ንኡስ ጉጅለ ማዕረ
⋮	ንትኹል ወሳኺቶ	ሕሳብ | ንትኹል ወሳኺቶ | ወሳኺቶ
⋯	ኣብ ማእከል ንጋድም ወሳኺቶ	ኣብ ማእከል ንጋድም ወሳኺቶ | ወሳኺቶ
⋰	ንየማን ቄናን ወሳኺቶ	ሕሳብ | ንየማን ቄናን ወሳኺቶ | ወሳኺቶ
⋱	ንጸጋም ቄናን ወሳኺቶ	ሕሳብ | ንጸጋም ቄናን ወሳኺቶ | ወሳኺቶ
⌨	ቁልፊ ሰሌዳ	ቁልፊ ሰሌዳ | ኮምፒተር
⏏	መትፍኢ መልጎም	መትፍኢ መልጎም | ምትፋእ
⏭	መሰጋገሪ መልጎም	መሰጋገሪ መልጎም | መጻኢ ሙዚቃ | መጻኢ ሙዚቃ መልጎም | መጻኢ ርእየት | ምልክት | ስሉስ ኩርናዕ
⏮	ናይ መወዳእታ መልጎም	ሕሉፍ ሙዚቃ | ሕሉፍ ርእየት | ምልክት | ስሉስ ኩርናዕ | ናይ መወዳእታ መልጎም
⏯	መጻወቲ ወይ መዕጸዊ መልጎም	መጻወቲ ወይ መዕጸዊ መልጎም | ምልክት | ምዕጻው | ስሉስ ኩርናዕ | የማን | ጸወት መጻወቲ ወይ መዕጸዊ መልጎም
⏱	ሰዓት መትሓዚ	ሰዓት | ሰዓት መትሓዚ | ግዜ
⏲	ታይመር ሰዓት	ሰዓት | ታይመር
⏸	መዕጸዊ መልጎም	መዕጸዊ | መዕጸዊ መልጎም | ሽራጥ | ትኹል | ድርብ
⏹	መጥፍኢ መልጎም	መጥፍኢ መልጎም | ትርብዒት | ጠጠው | ጠጠው መበሊ መልጎም
⏺	መዐቀቢ መልጎም	መዐቀቢ መልጎም | ምዕቃብ | ዓንኬል
Ⓜ	ዓንኬላዊ M	m | ዓንኬላ | ዓንኬላዊ M | ዓንኬል M
■	ድፉን ትርብዒት	ድፉን ትርብዒት
□	ክፉት ትርብዒት	ክፉት ትርብዒት
▢	ክፉት ትርብዒት ምስ ክባዊ ኩርናዕ	ክፉት ትርብዒት ምስ ክባዊ ኩርናዕ
▣	ክፉት ትርብዒት ድፉን ትርብዒት ዝሓዘ	ክፉት ትርብዒት ድፉን ትርብዒት ዝሓዘ
▤	ትርብዒት ብጋድም ሕንጻጽ ዝመለአ	ትርብዒት ብጋድም ሕንጻጽ ዝመለአ
▥	ትርብዒት ብትኹል ሕንጻጽ ዝመለአ	ትርብዒት ብትኹል ሕንጻጽ ዝመለአ
▦	ትርብዒት ብትኹልን ግድምን ሕንጻጽ ዝመለአ	ትርብዒት ብትኹልን ግድምን ሕንጻጽ ዝመለአ
▧	ትርብዒት ብንየማን ቄናን ሕንጻጽ ዝመለአ	ትርብዒት ብንየማን ቄናን ሕንጻጽ ዝመለአ
▨	ትርብዒት ብንጸጋም ቄናን ሕንጻጽ ዝመለአ	ትርብዒት ብንጸጋም ቄናን ሕንጻጽ ዝመለአ
▩	ትርብዒት ብየማንን ጸጋምን ቄናን ሕንጻጽ ዝመለአ	ትርብዒት ብየማንን ጸጋምን ቄናን ሕንጻጽ ዝመለአ
▪	ጸሊም ንኢሽተይ ትርብዒት	ትርብዒት | ጂኦሜትሪክ | ጸሊም ንኢሽተይ ትርብዒት
▫	ጻዕዳ ንኢሽተይ ትርብዒት	ትርብዒት | ጂኦሜትሪክ | ጻዕዳ ንኢሽተይ ትርብዒት
▬	ድፉን ርቡዕ ኩርናዕ	ድፉን ርቡዕ ኩርናዕ
▭	ክፉት ርቡዕ ኩርናዕ	ክፉት ርቡዕ ኩርናዕ
▮	ድፉን ትኹል ርቡዕ ኩርናዕ	ድፉን ትኹል ርቡዕ ኩርናዕ
▰	ድፉን ተመዓራራዪ ርቡዕ ኩርናዕ	ድፉን ተመዓራራዪ ርቡዕ ኩርናዕ
▲	ንላዕሊ-ዝጠመተ ስሉስ ኩርናዕ መልአ	መልአ | ምልክት | ስሉስ ኩርናዕ | ንላዕሊ | ንላዕሊ-ዝጠመተ ስሉስ ኩርናዕ መልአ
△	ክፉት ንላዕሊ ዘመልክት ስሉስ ኩርናዕ	ክፉት ንላዕሊ ዘመልክት ስሉስ ኩርናዕ
▴	ድፉን ንላዕሊ ዘመልክት ንእሽቶ ስሉስ ኩርናዕ	ድፉን ንላዕሊ ዘመልክት ንእሽቶ ስሉስ ኩርናዕ
▵	ክፉት ንላዕሊ ዘመልክት ንእሽቶ ስሉስ ኩርናዕ	ክፉት ንላዕሊ ዘመልክት ንእሽቶ ስሉስ ኩርናዕ
▶	መጻወቲ መልጎም	መጻወቲ መልጎም | ምልክት | ስሉስ ኩርናዕ | የማን | ጸወታ
▷	ክፉት ንየማን ዘመልክት ስሉስ ኩርናዕ	ክፉት ንየማን ዘመልክት ስሉስ ኩርናዕ
▸	ድፉን ንየማን ዘመልክት ንእሽቶ ስሉስ ኩርናዕ	ድፉን ንየማን ዘመልክት ንእሽቶ ስሉስ ኩርናዕ
▹	ክፉት ንየማን ዘመልክት ንእሽቶ ስሉስ ኩርናዕ	ክፉት ንየማን ዘመልክት ንእሽቶ ስሉስ ኩርናዕ
►	ድፉን ንየማን ዘመልክት ጠቋሚ	ድፉን ንየማን ዘመልክት ጠቋሚ
▻	ክፉት ንየማን ዘመልክት ጠቋሚ	ክፉት ንየማን ዘመልክት ጠቋሚ
▼	ንታሕቲ-ዝጠመተ ስሉስ ኩርናዕ መልአ	መላአ | ምልክት | ንታሕቲ | ንታሕቲ-ዝጠመተ ስሉስ | ንታሕቲ-ዝጠመተ ስሉስ ኩርናዕ መልአ
▽	ክፉት ንታሕቲ ዘመልክት ስሉስ ኩርናዕ	ክፉት ንታሕቲ ዘመልክት ስሉስ ኩርናዕ
▾	ድፉን ንታሕቲ ዘመልክት ንእሽቶ ስሉስ ኩርናዕ	ድፉን ንታሕቲ ዘመልክት ንእሽቶ ስሉስ ኩርናዕ
▿	ክፉት ንታሕቲ ዘመልክት ንእሽቶ ስሉስ ኩርናዕ	ክፉት ንታሕቲ ዘመልክት ንእሽቶ ስሉስ ኩርናዕ
◀	መምለሲ መልጎም	መምለሲ መልጎም | ምልክት | ምምላስ | ስሉስ ኩርናዕ | ጸጋም
◁	ክፉት ንጸጋም ዘመልክት ስሉስ ኩርናዕ	ክፉት ንጸጋም ዘመልክት ስሉስ ኩርናዕ
◂	ድፉን ንጸጋም ዘመልክት ንእሽቶ ስሉስ ኩርናዕ	ድፉን ንጸጋም ዘመልክት ንእሽቶ ስሉስ ኩርናዕ
◃	ክፉት ንጸጋም ዘመልክት ንእሽቶ ስሉስ ኩርናዕ	ክፉት ንጸጋም ዘመልክት ንእሽቶ ስሉስ ኩርናዕ
◄	ድፉን ንጸጋም ዘመልክት ጠቋሚ	ድፉን ንጸጋም ዘመልክት ጠቋሚ
◅	ክፉት ንጸጋም ዘመልክት ጠቋሚ	ክፉት ንጸጋም ዘመልክት ጠቋሚ
◆	ድፉን ኣልማዝ	ድፉን ኣልማዝ
◇	ክፉት ኣልማዝ	ክፉት ኣልማዝ
◈	ክፉት ኣልማዝ ድፉን ኣልማዝ ዝሓዘ	ክፉት ኣልማዝ ድፉን ኣልማዝ ዝሓዘ
◉	ክፉት ዓንኬል ድፉን ዓንኬል ዝሓዘ	ኣብ ዉሽጡ ተወሳኺ ዝተደፈነ ዓንኬል | ኣብ ዓንኬል ነጥቢ | ክፉት ዓንኬል ድፉን ዓንኬል ዝሓዘ | ዓይኒ ዓሳ | ዝተኸለለ
◊	ሎዘንገ	ሎዘንገ | ሮምቡስ | ኣልማዝ
○	ክፉት ዓንኬል	ቀለቤት | ክፉት ዓንኬል | ዓንኬል
◌	ብነጥብታት ዝተሰርሓ ዓንኬል	ብነጥብታት ዝተሰርሓ ዓንኬል
◍	ዓንኬል ብትኹል ሕንጻጽ ዝመልአ	ዓንኬል ብትኹል ሕንጻጽ ዝመልአ
◎	ኣብ ዉሽጢ ተወሳኺ ዓንኬል	ኣብ ዉሽጢ ተወሳኺ ዓንኬል | ዕላማ | ድርብ ዓንኬል
●	ዓንኬል መልአ	ዓንኬል | ዓንኬል መልአ
◐	ጸጋማይ ፍርቁ ዝተደፈነ ዓንኬል	ጸጋማይ ፍርቁ ዝተደፈነ ዓንኬል
◑	የማናይ ፍርቁ ዝተደፈነ ዓንኬል	የማናይ ፍርቁ ዝተደፈነ ዓንኬል
◒	ታሕተዋይ ፍርቁ ዝተደፈነ ዓንኬል	ታሕተዋይ ፍርቁ ዝተደፈነ ዓንኬል
◓	ላዕለዋይ ፍርቁ ዝተደፈነ ዓንኬል	ላዕለዋይ ፍርቁ ዝተደፈነ ዓንኬል
◔	ላዕለዋይ የማናይ ርብዒት ዝተደፈነ ዓንኬል	ላዕለዋይ የማናይ ርብዒት ዝተደፈነ ዓንኬል
◕	ብዘይካ ላዕለዋይ ጸጋማይ ርብዒት ሙሉእ ዝተደፈነ ዓንኬል	ብዘይካ ላዕለዋይ ጸጋማይ ርብዒት ሙሉእ ዝተደፈነ ዓንኬል
◖	ድፉን ጸጋማይ ፍርቂ ዓንኬል	ድፉን ጸጋማይ ፍርቂ ዓንኬል
◗	ድፉን የማናይ ፍርቂ ዓንኬል	ድፉን የማናይ ፍርቂ ዓንኬል
◘	ዝተኸደነ ምልክት ነጥቢ	ዝተኸደነ ምልክት ነጥቢ
◙	ድፉን ትርብዒት ክፉት ዓንኬል ዝሓዘ	ዝተኸደነ ክፉት ዓንኬል | ድፉን ትርብዒት ክፉት ዓንኬል ዝሓዘ
◜	ላዕለዋይ ጸጋማይ ርብዒት ቁራጽ ዓንኬል	ላዕለዋይ ጸጋማይ ርብዒት ቁራጽ ዓንኬል
◝	ላዕለዋይ የማናይ ርብዒት ቁራጽ ዓንኬል	ላዕለዋይ የማናይ ርብዒት ቁራጽ ዓንኬል
◞	ታሕተዋይ የማናይ ርብዒት ቁራጽ ዓንኬል	ታሕተዋይ የማናይ ርብዒት ቁራጽ ዓንኬል
◟	ታሕተዋይ ጸጋማይ ርብዒት ቁራጽ ዓንኬል	ታሕተዋይ ጸጋማይ ርብዒት ቁራጽ ዓንኬል
◠	ላዕለዋይ ፍርቂ ዓንኬል	ላዕለዋይ ፍርቂ ዓንኬል
◡	ታሕተዋይ ፍርቂ ዓንኬል	ታሕተዋይ ፍርቂ ዓንኬል
◢	ድፉን ኣብ ታሕቲ ንየማን ዝኹርናዑ ስሉስ ኩርናዕ	ድፉን ኣብ ታሕቲ ንየማን ዝኹርናዑ ስሉስ ኩርናዕ | ድፉን ኣብ ታሕቲ ንጸጋም ዝኹርናዑ ስሉስ ኩርናዕ
◣	ድፉን ኣብ ታሕቲ ንጸጋም ዝኹርናዑ ስሉስ ኩርናዕ	ድፉን ኣብ ታሕቲ ንጸጋም ዝኹርናዑ ስሉስ ኩርናዕ
◤	ድፉን ኣብ ላዕሊ ንጸጋም ዝኹርናዑ ስሉስ ኩርናዕ	ድፉን ኣብ ላዕሊ ንጸጋም ዝኹርናዑ ስሉስ ኩርናዕ
◥	ድፉን ኣብ ላዕሊ ንየማን ዝኹርናዑ ስሉስ ኩርናዕ	ድፉን ኣብ ላዕሊ ንየማን ዝኹርናዑ ስሉስ ኩርናዕ
◦	ክፉት ምልክት ነጥቢ	ክፉት ምልክት ነጥቢ
◯	ዓቢ ክፉት ዓንኬል	ቀለቤት | ዓቢ ክፉት ዓንኬል | ዓንኬል
◳	ክፉት ትርብዒት ምስ ላዕለዋይ የማናይ ርብዒት	ክፉት ትርብዒት ምስ ላዕለዋይ የማናይ ርብዒት
◷	ቆፎ ዓንኬል ምስ ላዕለዋይ የማናይ ርብዒ	ላዕለዋይ | ልክዕ እዩ | ምስ | ርብዒ ዓመት | ቆፎ | ዓንኬል
◻	ጻዕዳ ማእከላይ ትርብዒት	ትርብዒት | ጂኦሜትሪክ | ጻዕዳ ማእከላይ ትርብዒት
◼	ጸሊም ማእከላይ ትርብዒት	ትርብዒት | ጂኦሜትሪክ | ጸሊም ማእከላይ ትርብዒት
◿	ታሕተዋይ የማናይ ስሉስ ኩርናዕ	ልክዕ እዩ | ስሉስ ኩርናዕ | ታሕተዋይ
☀	ጸሓይ	ቦታ | አየር | ድሙቕ | ጩራታት | ጸሓያዊ | ጸሓይ
☁	ደበና	ኩነታት ኣየር | ደበና
☂	ጽላል	ክዳውንቲ | ዝናብ ዝዘንብ | ጽላል
☃	ሰብ በረድ	ሰብ በረድ | ሰብኣይ | በረድ | ዝሑል
☄	ኮሜት	ኮሜት | ጠፈር
☎	ተለፎን	ስልኪ | ተለፎን
☑	ነቲ ሳንዱቕ ኣረጋግጾ	✓ | ሳንዱቕ | ነቲ ሳንዱቕ ኣረጋግጾ | ኣረጋግጾ
☘	ሻምሮክ	ሻምሮክ ዝበሃል ምዃኑ’ዩ | ተኽሊ | ኣየርላንዳዊ
☝	ጠቋሚ ናብ ላዕሊ ዝሕብር	ሓፍ | ነጥቢ | ኢንዴክስ | ኢድ | ኣጻብዕቲ | እናኣመልከተ | እዚ
☠	መመሳቕሎ ኣጽምቲ ዘለዎ ሽክና ርእሲ	መመሳቕሎ ኣጽምቲ | መመሳቕሎ ኣጽምቲ ዘለዎ ሽክና ርእሲ | ሞት | ገጽ | ጭራቕ
☢	ጸርገ-ንጥፈት	ምልክት | ጸርገ-ንጥፈት
☣	ናይ ሓደጋ	ምልክት | ናይ ሓደጋ
☦	ናይ ኦርቶዶክስ መስቀል	ሃይማኖት | መስቀል | ናይ ኦርቶዶክስ መስቀል | ክርስትያን
☪	ኮኾብ ከምኡ`ውን ቅርጺ ማዕጺድ	ሃይማኖት | ምስልምና | ሞስሊም | ኮኾብ ከምኡ`ውን ቅርጺ ማዕጺድ
☮	ናይ ሰላም ኣርማ	ሰላም | ናይ ሰላም ኣርማ
☯	ዪን ያንግ	ተኸታሊ ታኦ | ታኦ | እምነት | ዪን | ያንግ
☸	መንኮርኮር ናይ ዳርማ	መንኮርኮር | መንኮርኮር ናይ ዳርማ | ቡድሂስት | እምኘጥ | ዳርማ
☹	ዝተጨምገገ ገጽ	ምጭምጋግ | ዝተጨምገገ ገጽ | ገጽ
☺	ፍሽኽ ዝበለ ገጽ	ዓንኬል ዘለዎ | ዝተዛነየ | ገጽ | ፍሽኽ ዝበለ ገጽ | ፍሽኽታ
♀	ናይ ጋል-ኣንስተይቲ ምልክት	ሰበይቲ | ናይ ጋል-ኣንስተይቲ ምልክት
♂	ናይ ወዲ-ተባዕታይ ምልክት	ናይ ወዲ-ተባዕታይ ምልክት | ወዲ-ተባዕታይ
♟	ቸስ ወታደር	ምትላል | ቸስ | ዝውዕል | ፓውን
♠	ስፓድ ኮስትሞ	ሱፍ | ስፓድ | ካርድ | ጸወታ
♣	ክለብ ኮስትሞ	ሱፍ | ካርድ | ክለባት | ክለብ | ጸወታ
♥	ናይ ልቢ ኮስትሞ	ልቢ | ልብታት | ሱፍ | ስምዒት | ካርድ | ጸወታ
♦	ናይ ኣልማዝ ኮስትሞ	ሱፍ | ኣልማዝ | ካርድ | ጸወታ
♨	ውዑይ ምንጪ ማይ	ምሕንባስ | ምንጪታት | ውዑይ
♪	ሻሙናይ ጽሑፍ	ሙዚቃ | ሻሙናይ | ጽሑፍ
♭	ጸፊሕ	ሙዚቃ | በሞለ | ጸፊሕ | ጽሑፍ
♯	በሊሕ	ሙዚቃ | በሊሕ | ዴሲስ | ዴስ | ጽሑፍ
♻	ኣርማ ረሳይክል	ረሳይክል | ኣርማ ረሳይክል
♾	ደረት ኣልቦነት	መወዳእታ ዘይብሉ | ንዘልኣለም | ኣድማሳዊ | ደረት ኣልቦ
⚒	መዶሻን ምልቃምን ምግባር	መሳርሒ | መዶሻ | ምልቃም
⚔	ኣስያፍ ዝሰገሩ	ሰጊሩ | ኣስያፍ | ኣጽዋር
⚕	ኣርማ ሕክምና	ኣርማ ሕክምና | ኣስኩልፒዩስ | ኣባላት | ፈውሲ
⚖	ሚዛን ስኬል	መሳርሒ | ሚዛን | ስኬል | ክብደት | ዞድያክ ዝበሃል ምዃኑ ይፍለጥ | ፍትሒ
⚗	ኣለምቢክ	መሳርሒ | ኣለምቢክ | ኬሚስትሪ
⚙	ማርሺ	መሳርሒ | መንኰርኰር ስኒ | ማርሻ | ኮግ
⚛	ናይ ኣቶም ኣርማ	ናይ ኣቶም ኣርማ | ኣቴስት | ኣቶም
⚜	ፍሉር-ደ-ሊስ	ፍሉር-ደ-ሊስ
⚠	መጠንቀቕታ	መጠንቀቕታ
⚧	ጸታ ዝቀየሩ ምልክት	ጸታ ዝቀየሩ | ጸታ ዝቀየሩ ምልክት
⚰	ሳንዱቕ ሬሳ	ሞት | ሞይቱ | ሳንዱቕ ሬሳ | ቫምፓየር
⚱	ናይ ቀብሪ ሳንዱቕ	ሓሙኽሽቲ | ሞት | ሳንዱቕ | ስነ-ስርዓት ቀብሪ
⛈	ደበና ምስ በርቅን ዝናብን	በርቂ | ነጎዳ | ዝናብ ዝዘንብ | ደበና
⛏	ምልዓል	መሳርሒ | መዶሻ | ምልቃም | ዕደና
⛑	ቁራዕ ርእሲ ሰራሕተኛ ህይወት ኣድሕን	ሓገዝ | መስቀል | ምድሓን ህይወት | ሰራሕተኛ | ቁራዕ ርእሲ | ቆቢዕ | ገጽ
⛓	ሰንሰለታት	ሰንሰለታት | ሰንሰለት
⛩	ሺንቶ ዝበሃል መቕደስ	ሃይማኖት | መቕደስ | ሺንቶ
⛰	እምባ	እምባ | ከረን | ጎቦ
⛱	ጽላል ኣብ መሬት	መሬት | ዝናብ ዝዘንብ | ጸሓይ | ጽላል
⛴	ጃልባ	ተሳፋራይ | ጃልባ
⛷	ስኪዒ ገባሪ	ስኪ | በረድ | ተቐዳዳማይ ስኪዒት
⛸	በረድ ስኬት	ስኬት | ስኬት ምግባር | በረድ
⛹	ሰብ ኩዕሶ ዝብንጭር	ምብስባስ | ሰብ | ሻምፕዮንነት | ተጻዋታይ | ኣትሌቲክስ | ኩዕሶ | ኩዕሶ ሰኪዔት | ደርቢ | ድሪብል | ጽሩይ
✂	መቐሳት	መሳርሒ | መቑረጺ | ምቑራጽ | ቆሪጽካ | ወረቐት
✈	ነፋሪት	ምጉዓዝ | ነፋሪት | ዝነፍር | ጀት | ጽንጽያ
✉	መዐሸጊ	ኢ-መይል | ኢመይል | ደብዳበ | ፖስታ
✌	ኢድ ዓወት	ሰላም | ቪ | ኢድ | ዓወት
✍	ናይ ጽሕፈት ኢድ	ምጽሓፍ | ኢድ | ጽሓፍ
✏	ርሳስ	ርሳስ
✒	ጸሊም ኒብ	ቢሮ | ኒብ | ጸሊም
✔	ምልክት ኣረጋግጽ	✓ | ምልክት | ኣረጋግጽ
✖	ሕሳብ	× | x | ሕሳብ | ምልክት | ምርባሕ | ምጥፋእ
✝	ናይ ላቲን መስቀል	ሃይማኖት | መስቀል | ናይ ላቲን መስቀል | ክርስትያን
✡	ኮኾብ ናይ ዳዊት	ኣይሁድ | እምነት | ኮኾብ | ኮኾብ ናይ ዳዊት | ዳዊት
✳	ሻሙናይ-መሳልል ኣስተሪስክ	* | ሻሙናይ-መሳልል ኣስተሪስክ | ኣስተሪስክ
✴	ሻሙናይ-ነጥቢ ኮኾብ	* | ሻሙናይ-ነጥቢ ኮኾብ | ኮኾብ
❄	ንጣብ በረድ	በረድ | ንጣብ በረድ | አየር | ዝሑል
❇	ኣብለጭላጪ	* | ኣብለጭላጪ
❣	ቃለ ኣጋንኖ ልቢ	ምልክት | ስርዓተ ነጥቢ | ቃለ ኣጋንኖ ልቢ | ቃል ኣጋንኖ
❤	ቀይሕ ልቢ	ልቢ | ቀይሕ
➡	የማናይ ምልክት	ምልክት | ምብራቅ | ኣንፈት | ካርዲናል | የማናይ ምልክት
⤴	የማናይ ምልክት ናብ ላዕሊ ዝተጠውየ	ምልክት | የማናይ ምልክት ናብ ላዕሊ ዝተጠውየ
⤵	የማናይ ምልክት ናብ ታሕቲ ዝተጠውየ	ምልክት | ታሕቲ | የማናይ ምልክት ናብ ታሕቲ ዝተጠውየ
⨧	ተወሳኺ ትሕተ-ጽሑፍ ክልተ	ተወሳኺ | ትሕተ-ጽሑፍ | ክልተ
⨯	ቬክተር መስቀል ፍርያት	መስቀል | ቬክተር | ፍርያት
⨼	ውሽጣዊ ፍርያት	ውሽጣዊ ክፍሊ | ፍርያት
⩣	ሎጂካዊ ወይ ድርብ ትሕቲ መስመር	ስነመጎታዊ | ትሕቲ ባር | ወይ | ድርብ
⩽	ትሕቲ-ካብ ሸንኮለል ዝበለ ማዕረ	ማዕረ | ሸንኮለል ኢሉ | ትሕቲ-ካብ
⪍	ትሕቲ-ካብ ልዕሊ ተመሳሳሊ ማዕረ	ማዕረ | ተመሳሳሊ | ትሕቲ-ካብ | ኣብ ላዕሊ
⪚	ድርብ-መስመር ማዕረ ዝዓበየ-ካብ	ሒሳብ | ማዕረ | ዘይምዕሩይነት | ዝዓበየ-ካብ | ድርብ መስመር
⪺	ልዕሊ ዳርጋ ማዕረ ኣይኮነን ዝዕወት	ማዕረ | ኣብ ላዕሊ | ኣይኮነን | ይዕወት | ዳርጋ
⬅	ምልክት ናብ-ጸጋም	ምልክት | ምልክት ናብ-ጸጋም | ምዕራብ | ኣንፈት | ካርዲና፡
⬆	ምልክት ናብ ላዕሊ	ምልክት | ምልክት ናብ ላዕሊ | ሰሜን | ኣንፈት | ካርዲናል
⬇	ምልክት ናብ ታሕቲ	ምልክት | ምልክት ናብ ታሕቲ | ታሕቲ | ኣንፈት | ካአዲናል | ደቡብ
、	ኣይድዮ-ግኦግራፊክ ኮማ	ኣይድዮ-ግኦግራፊክ | ኮማ
。	ኣይድዮ-ግኦግራፊክ ጊዜ	ኣርባዕተ ነጥቢ | ኣይድዮ-ግኦግራፊክ | ጊዜ
〈	ክፉት ኩርናዕ ሓጹር	ሓጹር | ቱብለ | ቸቭሮን | ኣልማዛዊ ሓጹር | ኣመልካቲ ኩርናዕ ሓጹር | ኩርናዕ ሓጹር | ክፉት ኩርናዕ ሓጹር
〉	ዕጹው ኩርናዕ ሓጹር	ሓጹር | ቱብለ | ቸቭሮን | ኣልማዛዊ ሓጹር | ኣመልካቲ ኩርናዕ ሓጹር | ኩርናዕ ሓጹር | ዕጹው ኩርናዕ ሓጹር
《	ክፉት ድርብ ኩርናዕ ሓጹር	ሓጹር | ክፉት ድርብ ኩርናዕ ሓጹር | ድርብ ኩርናዕ ሓጹር
》	ዕጹው ድርብ ኩርናዕ ሓጹር	ሓጹር | ዕጹው ድርብ ኩርናዕ ሓጹር | ድርብ ኩርናዕ ሓጹር
「	ክፉት ናይ ኩርናዕ ሓጹር	ሓጹር | ኩርናዕ ሓጹር | ክፉት ናይ ኩርናዕ ሓጹር
」	ዕጹው ናይ ኩርናዕ ሓጹር	ሓጹር | ኩርናዕ ሓጹር | ዕጹው ናይ ኩርናዕ ሓጹር
『	ኣዚዩ ክፉት ኩርናዕ ሓጹር	ሓጹር | ኣዚዩ ክፉት ኩርናዕ ሓጹር | ክፉት ኩርናዕ ሓጹር
』	ኣዚዩ ዕጹው ኩርናዕ ሓጹር	ሓጹር | ኣዚዩ ዕጹው ኩርናዕ ሓጹር | ክፉት ኩርናዕ ሓጹር
【	ክፉት ጸሊም ናይ ለንስ ሓጹር	lenናይ ለንስ ሓጹር | ሓጹር | ናይ ለንስ ሓጹር | ክፉት ጸሊም ናይ ለንስ ሓጹር
】	ዕጹው ጸሊም ናይ ለንስ ሓጹር	lenናይ ለንስ ሓጹር | ሓጹር | ናይ ለንስ ሓጹር | ዕጹው ጸሊም ናይ ለንስ ሓጹር
〔	ክፉት ናይ ጎብየ ድርዒ ሓጹር	ሓጹር | ክፉት ናይ ጎብየ ድርዒ ሓጹር | ድርዒ ሓጹር | ጎብየ ድርዒ ሓጹር
〕	ዕጹው ናይ ጎብየ ድርዒ ሓጹር	ሓጹር | ዕጹው ናይ ጎብየ ድርዒ ሓጹር | ድርዒ ሓጹር | ጎብየ ድርዒ ሓጹር
〖	ኣዚዩ ክፉት ናይ ለንስ ሓጹር	ሓጹር | ናይ ለንስ ሓጹር | ኣዚዩ ክፉት ናይ ለንስ ሓጹር | ክፉት ናይ ለንስ ሓጹር
〗	ኣዚዩ ዕጹው ናይ ኩርናዕ ሓጹር	ሓጹር | ናይ ለንስ ሓጹር | ኣዚዩ ዕጹው ናይ ኩርናዕ ሓጹር | ክፉት ናይ ለንስ ሓጹር
〰	ሞገዳዊ ዳሽ	ሞገዳዊ | ስርዓተ-ነጥብታት | ዳሽ
〽	ኣማራጺ ምልክት ክፋል	ምልክት | ኣማራጺ ምልክት ክፋል | ክፋል
・	ማእከላይ ዶት ናይ ካታካና	ማእከላይ ዶት | ማእከላይ ዶት ናይ ካታካና | ካታካና | ውሽጣዊ ስርዓተ-ነጥቢ | ዶትስ
㊗	ናይ ጃፓን “እንቃዕ ሓጎሰኩም” መልጎም	“እንቃዕ ሓጎሰኩም” | ናይ ጃፓን | ናይ ጃፓን “እንቃዕ ሓጎሰኩም” መልጎም | ኣይድዮግራፍ | 祝
㊙	ናይ ጃፓን “ምስጢር” መልጎም	“ምስጢር” | ናይ ጃፓን | ናይ ጃፓን “ምስጢር” መልጎም | ኣይድዮግራፍ | 秘
﷼	ርያል	ርያል | ባጤራ
🅰	A መልጎም (ዓይነት ደም)	a | A መልጎም (ዓይነት ደም) | ዓይነት ደም
🅱	B መልጎም (ዓይነት ደም)	b | B መልጎም (ዓይነት ደም) | ዓይነት ደም
🅾	O መልጎም (ዓይነት ደም)	o | O መልጎም (ዓይነት ደም) | ዓይነት ደም
🅿	P መልጎም	P መልጎም | ፓርኪን
🈂	ናይ ጃፓን “ክፍሊት ኣገልግሎት” መልጎም	“ክፍሊት ኣገልግሎት” | ናይ ጃፓን | ናይ ጃፓን “ክፍሊት ኣገልግሎት” መልጎም | ካታካና | サ
🈷	ናይ ጃፓን “ወርሓዊ ድምር” መልጎም	“ወርሓዊ ድምር” | ናይ ጃፓን | ናይ ጃፓን “ወርሓዊ ድምር” መልጎም | ኣይድዮግራፍ | 月
🌡	ተርሞሜተር	ሙቐት | ተርሞሜተር
🌤	ጸሓይ ብድሕሪ ንእሽቶ ደበና	ብድሕሪ | አየር | ደበና | ጸሓይ
🌥	ጸሓይ ብድሕሪ ዓቢ ደበና	ብድሕሪ | አየር | ደበና | ጸሓይ
🌦	ጸሓይ ብድሕሪ ዝናብ ደበና	ብድሕሪ | አየር | ዝናብ ዝዘንብ | ደበና | ጸሓይ
🌧	ደበና ምስ ዝናብ	አየር | ዝናብ ዝዘንብ | ደበና
🌨	ደበና ምስ በረድ	በረድ | አየር | ዝሑል | ደበና
🌩	ደበና ምስ በርቂ	በርቂ | አየር | ደበና
🌪	ህቦብላ ንፋስ	ንፋስ ዕንፍሩር | ኩነታት ኣየር | ዕስለ ኣንበጣ | ደበና
🌫	ግመ	አየር | ዕንበባ | ደበና
🌬	ንፋስ ገጽ	ንፋስ | ደበና | ገጽ | ጽፍዒት
🌶	ውዑይ በርበረ	ቅሙም | በርበረ | ተኽሊ | ውዑይ
🍽	ፋርኬታን ካራን ምስ ጻሕሊ	ምብላዕ | ምብሳል ምግቢ | ሸሓነ | ካራ | ድራር | ፋርኬታ
🎖	ወተሃደራዊ መዳልያ	መዳልያ | ሽልማት | ወተሃደራዊ ኣገልግሎት | ጽምብል
🎗	መዘኻኸሪ ሪባን	መዘኻኸሪ | ሪባን | ጽምብል
🎙	ናይ ስቱድዮ ማይክሮፎን	ሙዚቃ | ማይክ | ማይክሮፎን | ስቱድዮ
🎚	ደረጃ ስላይደር	ሙዚቃ | ስላይደር | ደረጃ
🎛	ናይ ምቁጽጻር መቆጻጸሪታት	መቆጻጸሪታት | ሙዚቃ | ቁጽጽር
🎞	ፊልም ፍሬማት	ሲነማ | ፊልሚ | ፊልም | ፍሬማት
🎟	ናይ መእተዊ ትኬት	መእተዊ | ትኬት
🏋	ሰብ ክብደት ምልዓል	ሃናጺ ኣካላት | ሚዛናት | ምልዓል | ምንቅስቓስ | ምዉት ምልዓል | ሰብ | ባርቤል | ኣልዓልቲ | ክብደት | ፓወርሊፍቲንግ
🏌	ሰብ ጎልፍ ዝጻወት	ምዝዋር መኪና | ሬንጅ | ሰብ | ቀጠልያ | በርዲ | ቲ | ኩዕሶ | ካዲ | ጎልፍ | ጎልፍ ጸወታ | ፑት | ፒጂኤ
🏍	ሞተር ሳይክል	ሞተር ሳይክል | ውድድር
🏎	ናይ ውድድር መኪና	መኪና | ውድድር | ዙም ምግባር
🏔	ብበረድ ዝተሸፈነ እምባ	በረድ | በረድ ዝተሸፈነ | እምባ | ዝሑል
🏕	ካምፒንግ ምግባር	ካምፒንግ ምግባር
🏖	ገማግም ባሕሪ ምስ ጽላል	ገማግም ባሕሪ | ጽላል
🏗	ህንጸት ህንጻ	ህንጸት | ህንጻ | ክሬን
🏘	ገዛውቲ	ህንጻ | ምኽታም | ክትምና | ገዛውቲ
🏙	መልክዕ ከተማ	መልክዕ ከተማ | ከተማ
🏚	ዝተደርበየ ገዛ	ዝተደርበየ | ገዛ
🏛	ክላሲካል ህንጻ	ህንጻ | ክላሲካል
🏜	ምድረ በዳ	ሑጻ | ምድረ በዳ | ምድረበዳ
🏝	ምድረ በዳዊ ደሴት	ምድረ በዳዊ ደሴት | ምድረበዳዊ ደሴት | ደሴት | ደሴት ምድረ በዳ
🏞	ሃገራዊ መናፈሻ	ሃገራዊ | ሕዛእቲ | መናፈሻ | ፓርክ
🏟	ስታድዩም	ስታድዩም | ስታድዮም
🏳	ጻዕዳ ባንዴራ	ምውጥዋጥ | ባንዴራ | ፃዕዳ
🏵	ሮዘት	ሮዘት | ተኽሊ
🏷	መፍለዪ	ምልጣፍ | ስያመ
🐿	ምጹጽላይ	ምጹጹላይ | ምጹጽላይ | እንስሳ
👁	ዓይኒ	1 | ሓደ | ኣካል | ዓይኒ
📽	ፊልም ፕሮጀክተር	ሲነማ | ቪዲዮ | ፊልም | ፕሮጀክተር
🕉	om	om | ሂንዱ | እምነት
🕊	ርግቢት	ርግቢት | ሰላም | እንስሳ | ዑፍ
🕯	ሽምዓ	ሽምዓ | ብርሃን
🕰	ማንቴልፒስ ሰዓት	መንጠልጠሊ መንኮርኮር | ሰዓት | ግዜ
🕳	ነዃል	ነዃል | ጉድጓድ
🕴	ኮስትሞ ዝለበሰ ሰብ ምልዓል	ምልዓል | ሰብ | ሱፍ | ንግዲ
🕵	መርማሪ	መርማሪ | ሰላዪ | ስሉጥ
🕶	መነጽር ጸሓይ	መነጽር | መነጽር ጸሓይ | ናይ ዓይኒ መነጽር | ዓይኒ | ጸልማት
🕷	ሳሬት	ሳሬት
🕸	ዓለባ ሳሬት	ዓለባ ሳሬት
🕹	ጆይስቲክ	ቪድዮ | ጆይስቲክ | ጸወታ
🖇	ዝተኣሳሰሩ ናይ ወረቐት መቐመጢታት	ሊንክ | መቐመጢ ወረቐት | ናይ ወረቐት መትሓዚ | ዝተኣሳሰረ
🖊	ቢሮ	ቢሮ | ብርዒ
🖋	ፈልፋሊ ብርዒ	ቢሮ | ፈልፋሊ ማይ
🖌	ብራሽ ቀለም	ስእሊ | ናይ ቀለም ብራሽ
🖍	ክራዮን	ክራዮን
🖐	ኢድ ኣጻብዕቲ ተዘርጊሑ	ተዘርጊሑ | ኢድ | ኣልዒሉ | ኣጻብዕቲ | ደው በል
🖥	ናይ ዴስክቶፕ ኮምፒተር	ምቁጽጻር | ኮምፒተር | ዴስክቶፕ
🖨	ሓታሚት	ሓታሚት | ኮምፕዩተር
🖱	ናይ ኮምፒተር ማውስ	ማውስ | ኮምፒተር
🖲	ትራክቦል ዝበሃል ጸወታ	ትራክቦል | ኮምፒተር
🖼	ኣብ ፍሬም ዝተቐመጠ ስእሊ	ስነ ጥበብ | ስእሊ | ቤተ መዘክር | ፍሬም | ፍሬም ዝገበረ
🗂	ካርድ ኢንዴክስ መከፋፈልቲ	መከፋፈልቲ | ኢንዴክስ | ካርድ
🗃	ናይ ካርድ ፋይል ሳጹን	መዝገብ | ሳንዱቕ | ካርድ
🗄	ፋይል ካቢነ	ካቢነ | ወረቐት | ፋይል | ፋይል ምግባር
🗑	መሶብ ጎሓፍ	ብኽነት | ይኽእል እዩ | ጉሓፍ | ጐሓፍ መሶብ | ጓሓፍ
🗒	ስፓይራል ኖትፓድ	መተሓሳሰቢ | መዘኻኸሪ ጽሑፍ | ስፓይራል | ፓድ
🗓	ስፓይራል ካላንደር	ስፓይራል | ዓውደ ኣዋርሕ | ፓድ
🗜	ምጭባጥ	መሳርሒ | መትሓዚ | ምክትል ምክትል | ምጽቃጥ
🗝	ናይ ቀደም መፍትሕ	መዕጸዊ | መፍትሕ | ዓብይ | ፍንጪ
🗞	ዝተጠቕለለ ጋዜጣ	ተጠቕሊሉ | ተጠቕሊሉ-ዝተጠቕለለ | ወረቐት | ዜና | ጋዜጣ
🗡	ዳጋር	ኣጽዋር | ካራ | ዳጋር
🗣	ዝዛረብ ርእሲ	ምዝራብ | ርእሲ | ሲልሆት | ገጽ
🗨	ዓፍራ ናይ ጸጋም ዝርርብ	ዓፍራ | ዓፍራ ናይ ጸጋም ዝርርብ | ዝርርብ | ፍሕኛ
🗯	የማናይ ናይ ሕርቃን ዓፍራ	ሕርቃን | ብስጭት | ዓፍራ | ዓፍራ ናይ ጸጋም ዝርርብ | ዝርርብ | የማናይ ናይ ሕርቃን ዓፍራ | ፍሕኛ
🗳	ሳንዱቕ ድምጺ ምስ ድምጺ ምሃብ	ሳንዱቕ | ናይ ድምጺ ወረቐት
🗺	ካርታ ዓለም	ካርታ | ዓለማዊ ካርታ | ዓለም
🛋	ሶፋን ላምባን	ሆቴል | መብራህቲ | ሶፋ
🛍	ናይ ዕዳጋ ቦርሳታት	ሆቴል | ምዕዳግ | ቦርሳ | ቦርሳታት
🛎	ቤልሆፕ ደወል	ሆቴል | ቤልሆፕ | ደወል
🛏	ዓራት	ሆቴል | ዓራት | ደቅስ
🛠	መዶሻን መፍትሕን	መሳርሒ | መዶሻ | መፍትሕ | ስፓነር
🛡	ዋልታ	ኣጽዋር | ዋልታ
🛢	ዘይቲ ከበሮ	ከበሮ | ዘይቲ
🛣	ጽርግያ	መንገዲ | ሞተር ዌይ | ጽርግያ
🛤	መስመር ባቡር	መንገዲ ባቡር | ባቡር | ትራክ
🛥	ሞተር ጃልባ	ሞተር | ጃልባ
🛩	ንእሽቶ ነፋሪት	ነፋሪት | ንኡስ
🛰	ሳተላይት	ሳተላይት | ጠፈር
🛳	ናይ ተሳፈርቲ መርከብ	መርከብ | ናይ ተሳፈርቲ
