# CLDR symbol names for uk: symbol, tts name, keywords
# cldr-version	48
# source	https://unicode.org/Public/cldr/48/cldr-common-48.zip
# sha256	06c7c698d6fd8d67cefac15a0206b0109b00e0ef1636f86f84449fa959561f74
# Generated by tools/cldr_symbol_names.py; do not edit.
!	знак оклику	знак оклику | оклик
#	символ решітки	ґратка | дієз | октоторп | решітка | символ решітки | хештег | шарп
$	долар	USD | гроші | долар | песо
%	відсоток	відсоток | процент
&	амперсанд	амперсанд | і | та
'	прямий апостроф	апостроф | лапки | одинарні лапки | прямий апостроф
)	закривна дужка	дужка | закривна | кругла дужка
*	зірочка	астериск | зірочка | знак підстановки
+	знак плюса	додавання | плюс
,	кома	кома
-	знак "мінус"	дефіс | знак "мінус" | мінус
.	крапка	крапка | точка
/	скісна риска	скісна риска | слеш
:	двокрапка	дві крапки | двокрапка
;	крапка з комою	крапка з комою | середник
<	менше ніж	відкрити тег | менше ніж | тег
=	знак рівності	дорівнює | знак рівності
>	більше ніж	більше ніж | закрити тег | тег
?	знак питання	запитання | знак питання | питання
@	комерційне ет	вухо | знак ет | знак пошти | комерційне ет | равлик | собака
[	відкривна квадратна дужка	відкривна квадратна дужка | дужка | квадратна дужка
\	обернена скісна риска	бекслеш | обернена скісна риска
]	закривна квадратна дужка	дужка | закривна | закривна квадратна дужка | квадратна дужка
^	циркумфлекс	дашок | циркумфлекс | циркумфлексний наголос
_	підкреслення	нижнє тире | підкреслення | символ підкреслення
`	гравіс	гравіс | зворотний апостроф
{	відкривна фігурна дужка	відкривна | відкривна фігурна дужка | фігурна дужка
|	вертикальна риска	вертикальна лінія | вертикальна риска | лінія | пайп | штрих Шеффера
}	закривна фігурна дужка	закривна | закривна фігурна дужка | фігурна дужка
~	тильда	тильда
¡	перевернутий знак оклику	знак оклику | оклик | перевернутий | перевернутий знак оклику
¢	цент	цент
£	фунт	EGP | GBP | британський фунт | валюта | єгипетський фунт | фунт | фунт стерлінгів
¤	невідома грошова одиниця	
¥	єна	CNY | JPY | валюта | єна | китайський юань | юань | японська єна
§	розділ	абзац | знак розділу | розділ | частина
¨	дієрезис	діерезис | дієрезис | трема | умлаут
©	авторське право	авторське право | копірайт | с
«	ліва шевронна лапка	дужки | карет | кут | лапки | ліва шевронна лапка | ліво | шеврон
¬	заперечення	заперечення | не
®	зареєстрована торговельна марка	зареєстрована торговельна марка | зареєстровано
°	ступінь	година | доведення | доказ | ступінь
±	плюс-мінус	плюс-мінус
²	надрядкова двійка	верхній індекс | верхній регістр | два | двійка | надрядкова двійка | у квадраті
³	надрядкова трійка	верхній індекс | верхній регістр | надрядкова трійка | три | трійка | у кубі
´	акут	акут | акутовий наголос
µ	знак мікро	μ | вимірювати | знак мікро | мк | мю
¶	знак абзацу	абзац | знак абзацу | символ абзацу | символ кінця абзацу
·	середня крапка	інтерпункт | крапка | середній | середня крапка
¹	надрядкова одиниця	верхній індекс | верхній регістр | надрядкова одиниця | одиниця
»	права шевронна лапка	дужки | карет | кут | лапки | права шевронна лапка | право | шеврон
¿	перевернутий знак питання	знак питання | перевернутий | перевернутий знак питання | питання
×	знак множення	знак множення | множення | множити | раз
÷	знак ділення	ділення | ділити | знак ділення | обелюс
֏	вірменський драм	
؋	афганський афгані	
،	арабська кома	арабська кома | кома
؛	арабська крапка з комою	арабська крапка з комою | крапка з комою
؟	арабський знак питання	арабський | арабський знак питання | знак питання | питання
৳	бангладеська така	
฿	таїландський бат	
៛	камбоджійський рієль	
‐	дефіс	дефіс | риска
–	коротке тире	коротке | тире
—	довге тире	довге | тире
―	тире	горизонтальна лінія | лінія | тире
‘	лівий апостроф	апостроф | лапки | лівий апостроф | одинарні лапки
’	правий апостроф	апостроф | лапки | одинарні лапки | правий апостроф
‚	нижні праві лапки	лапки | нижні лапки | нижні одинарні лапки | нижні праві лапки
“	ліві подвійні лапки	лапки | ліві подвійні лапки | подвійні лапки
”	праві подвійні лапки	лапки | праві лапки | праві подвійні лапки
„	нижні праві подвійні лапки	лапки | нижні лапки | нижні праві подвійні лапки | подвійні лапки
†	друкарський хрестик	друкарський знак | друкарський хрестик | обелюс
‡	подвійний друкарський хрестик	друкарський знак | друкарський хрестик | обелюс | подвійний | подвійний друкарський хрестик
•	маркер	крапка | маркер | маркованний список
…	три крапки	крапки | пропуск | три крапки
‧	розділова крапка	дефіс | крапка | розділова
‰	проміле	проміле | промілле | проміль
′	штрих	штрих
″	подвійні лапки	подвійний штрих | подвійні лапки
‴	потрійні лапки	потрійний штрих | потрійні лапки
‸	дашок	дашок | каретка
※	розпізнавальний знак	опорний символ | розпізнавальний знак
‼	подвійний знак оклику	! | !! | бенгбенг | знак оклику | лігатура | оклик | подвійний знак оклику | розділовий знак
‽	інтеробанг	інтеробанг
‾	риска згори	вінкулум | риска згори
⁂	три зірочки	зірки | потрійний | три
⁄	скісна риска дробу	ділити | дріб | поділ
⁉	знак оклику і питання	! | !? | ? | інтеробенг | не зрозуміло | оклик | питання | пунктуація | розділовий знак
⁻	надрядковий мінус	верхній | мінус | надрядковий мінус
₡	костариканський колон	
₢	крузейро	валюта | крузейро
₣	французький франк	валюта | франк | французький франк
₤	ліра	валюта | ліра
₥	міль	mil | міль
₦	нігерійська найра	
₧	іспанська песета	
₨	рупія	валюта | рупія
₩	вон	KRW | вон
₪	ізраїльський новий шекель	
₫	вʼєтнамський донг	
€	євро	EUR | валюта | євро
₭	лаоський кіп	
₮	монгольський тугрик	
₰	німецький пфенінг	валюта | німецький пфенінг | пфенінг
₱	песо	песо
₲	парагвайський гуарані	
₳	аустраль	аустраль | валюта
₴	українська гривня	
₵	ганський седі	
₶	турський лівр	валюта | турський лівр
₷	спесміло	валюта | спесміло
₸	казахстанський тенге	
₹	індійська рупія	валюта | індійська рупія | рупія
₺	турецька ліра	
₼	азербайджанський манат	
₽	рубль	валюта | рубль
₾	грузинський ларі	
₿	біткоїн	BTC | біткоїн
℗	авторське право на звукозапис	авторське право | авторське право на звукозапис | запис | звук
™	торговельна марка	tm | марка | торговельна марка
ℹ	джерело інформації	i | джерело інформації | довідка | довідкове бюро | інформація
←	стрілка ліворуч	вліво | ліворуч | стрілка ліворуч
↑	стрілка догори	вгору | догори | стрілка догори
→	стрілка праворуч	право | праворуч | стрілка праворуч
↓	стрілка донизу	вниз | донизу | стрілка донизу
↔	стрілка вліво-вправо	стрілка | стрілка вліво-вправо | стрілка праворуч і ліворуч | стрілки
↕	стрілка вгору-вниз	стрілка | стрілка вгору та вниз | стрілка вгору-вниз
↖	стрілка вгору вліво	напрям | північно-західний | проміжний | стрілка | стрілка вгору вліво | стрілка вгору та ліворуч
↗	стрілка вгору вправо	на північний схід | напрям | північно-східний | стрілка | стрілка вгору вправо | четвертинний румб
↘	стрілка вниз управо	напрям | південно-східний | проміжний | стрілка | стрілка вниз і праворуч | стрілка вниз управо
↙	стрілка вниз уліво	діагональна стрілка донизу | напрям | південно-західний | проміжний | стрілка | стрілка вниз і ліворуч | стрілка вниз уліво
↚	стрілка вліво з рискою навскіс	стрілка вліво з рискою навскіс
↛	стрілка вправо з рискою навскіс	стрілка вправо з рискою навскіс
↜	хвиляста стрілка вліво	хвиляста стрілка вліво
↝	хвиляста стрілка вправо	хвиляста стрілка вправо
↞	стрілка вліво з подвійним наконечником	стрілка вліво з подвійним наконечником
↟	стрілка вгору з подвійним наконечником	стрілка вгору з подвійним наконечником
↠	стрілка вправо з подвійним наконечником	стрілка вправо з подвійним наконечником
↡	стрілка вниз із подвійним наконечником	стрілка вниз із подвійним наконечником
↢	стрілка вліво з хвостиком	ліворуч | стріла | хвостик
↣	стрілка вправо з півкола	вправо | півколо | стрілка
↤	стрілка вліво з риски	ліворуч | риска | стріла
↥	стрілка вгору з риски	догори | риска | стріла
↦	стрілка вправо з риски	вправо | риска | стрілка
↧	стрілка вниз із риски	донизу | риска | стріла
↨	стрілка вгору і вниз із горизонтальною рискою під нею	двоспрямована | догори | донизу | риска
↩	стрілка вправо з вигином уліво	стрілка | стрілка вправо з вигином уліво | стрілка повернути | стрілка праворуч із поворотом ліворуч
↪	стрілка вліво з вигином управо	стрілка | стрілка вліво з вигином управо | стрілка ліворуч із поворотом праворуч
↫	стрілка вліво з петлею	закручена | ліворуч | петля
↬	стрілка вправо з петлею	закручена | петля | праворуч
↭	двонапрямлена хвиляста стрілка	вліво | вправо | хвиля
↮	стрілка вліво і вправо з рискою навскіс	стрілка вліво і вправо з рискою навскіс
↯	зигзаг униз	донизу | стрілка
↰	стрілка вгору із загином вліво	догори | згин | ліворуч
↱	стрілка вгору із загином вправо	догори | згин | праворуч
↲	стрілка вниз із загином вліво	донизу | згин | ліворуч
↳	стрілка вниз із загином вправо	донизу | згин | праворуч
↴	стрілка кутиком вправо вниз	донизу | згин | праворуч
↵	стрілка кутиком вниз вліво	донизу | згин | ліворуч
↶	стрілка верхнім півколом проти годинникової стрілки	вліво | зігнута | коло | крива | ліворуч
↷	стрілка верхнім півколом за годинниковою стрілкою	вправо | зігнута | коло | крива | праворуч
↸	стрілка вліво вгору із довгою рискою	діагональ | догори
↹	стрілка вліво в риску над стрілкою вправо в риску	ліворуч | напрям | обмеження | праворуч
↺	стрілка розімкнутим колом проти годинникової стрілки	вліво | коло | ліворуч | незамкнене
↻	стрілка розімкнутим колом за годинниковою стрілкою	вправо | коло | незамкнене | праворуч
↼	гарпун вліво із зазубцем вгору	догори | ліворуч
↽	гарпун вліво із зазубцем униз	донизу | ліворуч
↾	гарпун вгору із зазубцем вправо	догори | праворуч
↿	гарпун вгору із зазубцем вліво	догори | ліворуч
⇀	гарпун вправо із зазубцем вгору	догори | праворуч
⇁	гарпун вправо із зазубцем униз	донизу | праворуч
⇂	гарпун униз із зазубцем вправо	донизу | праворуч
⇃	гарпун униз із зазубцем вліво	донизу | ліворуч
⇄	стрілка вправо над стрілкою вліво	дві | двонапрямлена | подвійна | різні боки | стрілки
⇅	стрілки догори та донизу	вгору | вниз | догори | донизу | стрілки догори та донизу
⇆	стрілка ліворуч над стрілкою праворуч	вліво | вправо | ліворуч | праворуч | стрілка ліворуч над стрілкою праворуч
⇇	дві стрілки вліво	ліворуч | подвійна
⇈	дві стрілки вгору	догори | подвійна
⇉	дві стрілки вправо	подвійна | праворуч
⇊	дві стрілки вниз	донизу | подвійна
⇋	гарпун вліво над гарпуном вправо	дві | ліворуч | над | праворуч
⇌	гарпун вправо над гарпуном вліво	дві | ліворуч | над | праворуч
⇍	перекреслена подвійна стрілка вліво	ліворуч
⇎	перекреслена двонапрямлена подвійна стрілка	вліво | вправо | закреслена | подвійна | стрілка
⇏	перекреслена подвійна стрілка вправо	вправо | закреслена | подвійна | стрілка
⇐	подвійна стрілка вліво	ліворуч
⇑	подвійна стрілка вгору	догори
⇒	подвійна стрілка вправо	вправо | подвійна | стрілка
⇓	подвійна стрілка вниз	донизу
⇔	двонапрямлена подвійна стрілка	вліво | вправо | подвійна | стрілка
⇖	подвійна стрілка вліво вгору	діагональ | догори | ліворуч
⇗	подвійна стрілка вправо вгору	діагональ | догори | праворуч
⇘	подвійна стрілка вправо вниз	діагональ | донизу | праворуч
⇙	подвійна стрілка вліво вниз	діагональ | донизу | ліворуч
⇚	потрійна стрілка вліво	ліворуч | три
⇛	потрійна стрілка вправо	праворуч | три
⇜	стрілка зигзагом вліво	ламана | ліворуч
⇝	стрілка зигзагом вправо	ламана | праворуч
⇞	двічі перекреслена стрілка вгору	догори
⇟	двічі перекреслена стрілка вниз	донизу
⇠	пунктирна стрілка вліво	ліворуч
⇡	пунктирна стрілка вгору	догори
⇢	пунктирна стрілка вправо	праворуч
⇣	пунктирна стрілка вниз	донизу
⇤	стрілка вліво в риску	ліворуч | обмеження
⇥	стрілка вправо в риску	обмеження | праворуч
⇦	порожниста стрілка вліво	контур | ліворуч | порожня
⇧	порожниста стрілка вгору	догори | контур | порожня
⇨	порожниста стрілка вправо	контур | порожня | праворуч
⇩	порожниста стрілка вниз	донизу | контур | порожня
⇪	порожниста стрілка вгору з риски	догори | контур | порожня
⇵	стрілка вниз перед стрілкою вгору	вгору | вниз | подвійна | стрілка
∀	для будь-якого	будь-які | всі | універсально
∂	часткова похідна	диференціал | частка
∃	існує	є | наявний
∅	порожня множина	математика | множини | набір | оператор | порожній
∆	збільшення	збільшення | трикутник
∇	набла	набла | трикутник
∈	елемент	елемент | компонент | містить | набір | складник | членство
∉	не належить	входить | за межами | не | поза
∋	містить	входить | є членом | у межах
∎	кінець доведення	q.e.d. | qed | доказ | кінець
∏	добуток	n-ний | логіка | множення
∑	сума	додавання | математика | сумарно
−	знак мінуса	віднімання | знак мінуса | мінус
∓	мінус-плюс	плюс-мінус
∕	скісна риска ділення	ділити | дріб | поділ
∗	символ зірочки	добуток | зірочка | множення | оператор
∘	кільце	математика | оператор
∙	маркер списку	буліт | оператор
√	квадратний корінь	ірраціональний | квадрат | квадратний корінь | корінь | радикальний
∝	знак пропорційності	пропорційно | пропорція
∞	знак нескінченності	знак нескінченності | нескінченність
∟	прямий кут	90 градусів | математика
∠	кут	гострий | кутовий
∣	ділить	ділення | роздільник | розділювач
∥	символ паралельності	паралельно
∧	логічне "і"	and | логіка | оператор
∩	знак перетину	знак перетину | набір | перетин
∪	обʼєднання	набір | обʼєднання | поєднання | союз | сполука
∫	інтеграл	інтегрування
∬	подвійний інтеграл	алгебра | два | інтегрування
∮	контурний інтеграл	алгебра | інтегрування | контур
∴	тому	випливає | висновок | логіка
∵	оскільки	бо | логіка | тому що
∶	відношення	порівняння | пропорція
∷	пропорція	порівняння | пропорційно
∼	знак тильди	оператор | приблизно | тильда
∽	обернена тильда	навпаки | обернути | оператор | тильда
∾	обернена лінива s	горизонтально | ес | обернути
≃	асимптотично дорівнює	асимптота | математика | рівність
≅	приблизно дорівнює	близько | майже | математика | нерівність | рівність
≈	приблизна рівність	майже рівні | приблизна рівність
≌	усі дорівнюють	математика | рівність
≒	приблизно дорівнює фігурі	близько | майже | математика | рвність | фігура
≖	кільце у знаку рівності	кільце | коло | матиматика | рівність
≠	нерівність	нерівні | нерівність
≡	тотожність	однаковий | потрійний | тотожний | тотожність | точний
≣	цілком тотожні	еквівалентність | математика | повністю | рівно | суворо | тотожність
≤	менше або дорівнює	менше або дорівнює | не більше ніж
≥	більше або дорівнює	більше або дорівнює | не менше ніж
≦	менше ніж над знаком рівності	математика | нерівність | рівність
≧	більше ніж над знаком рівності	математика | нерівність | рівність
≪	набагато менше	математика | набагато | нерівність
≫	набагато більше	математика | набагато | нерівність
≬	між	проміжок
≮	не менше	математика | менше ніж | не | нерівність
≯	не більше	більше ніж | математика | не | нерівність
≳	більше ніж або еквівалентний	більше або дорівнює | більше чи дорівнює | математика | нерівність
≺	передувати	математика | набір | оператор | перед | попереду
≻	слідувати за	за | математика | набір | оператор | після
⊁	не слідує за	за | математика | набір | не | оператор | після
⊂	підмножина	набір | підмножина
⊃	строга надмножина	математика | набір | над | оператор
⊆	є підмножиною	входить | дорівнює | математика | набір | належить | оператор
⊇	надмножина	входить | математика | набір | належить | оператор | рівність
⊕	плюс у колі	коло | круг | плюс
⊖	мінус у колі	коло | круг | мінус
⊗	тензорний добуток	добуток | коло | круг | множення
⊘	скісна риска в колі	коло | математика | навскіс | перекреслене
⊙	крапка в колі	XNOR | коло | оператор | точка
⊚	кільце в колі	кільце | коло | оператор
⊛	зірочка в колі	зірка | коло | оператор
⊞	плюс у квадраті	додавання | квадратний | математика
⊟	мінус у квадраті	віднімання | квадратний | математика
⊥	перпендикуляр	вгору | висота | прямий
⊮	не викликає	не призводить | не спричиняє
⊰	передує у відношенні	відношення | математика | менше | набір | оператор
⊱	слідує у відношенні	відношення | математика | менше | набір | оператор
⊶	прообраз	оригінал
⊹	ермітово-спряжена матриця	ерміт | квадрат | математика | матриця | самоспряжений | спряжений
⊿	правий прямокутний трикутник	вправо | прямий | справа
⋁	логічне "або"	n-ний | дизʼюнкція | логіка | логічний | чи
⋂	n-арний перетин	n-ний | математика | набір | оператор
⋃	n-арне обʼєднання	n-ний | математика | набір | оператор
⋅	оператор точки	крапка | множення | точка | цятка
⋆	символ "зірочка"	зірка | оператор
⋈	природне зʼєднання	бінарний | логіка | математика | оператор
⋒	подвійний перетин	два | логіка | математика | оператор
⋘	дуже суттєво менше	математика | набагато | нерівність | сильно
⋙	дуже суттєво більше	математика | набагато | нерівність | сильно
⋭	не містить як нормальну підгрупу або дорівнює	входить | група | математика | ні | нормальний | підгрупа | рівний | рівність | теорія | як
⋮	вертикальна трикрапка	вертикально | крапка | три
⋯	горизонтальна трикрапка по центру	горизонтально | еліпсис | крапки | посередині | три
⋰	діагональна трикрапка вправо вгору	діагональ | еліпсис | крапки | три
⋱	діагональна трикрапка вправо вниз	діагональ | еліпсис | крапки | три
⌨	клавіатура	клавіатура | комп’ютер
⏏	кнопка витягання	вийняти | кнопка «Вийняти» | кнопка витягання
⏭	кнопка наступної композиції	кнопка «Наступна композиція» | кнопка наступної композиції | наступна композиція | наступна сцена | стрілка | трикутник
⏮	кнопка повернення до попередньої композиції	кнопка «Остання композиція» | кнопка повернення до попередньої композиції | попередня композиція | попередня пісня | попередня сцена | стрілка | трикутник
⏯	кнопка «Відтворити або призупинити»	відтворити | кнопка «Відтворити або призупинити» | пауза | правий | призупинити | стрілка | трикутник
⏱	секундомір	будильник | годинник | секундомір
⏲	таймер	годинник | секундомер | таймер
⏸	кнопка паузи	вертикальна | дві | кнопка «Призупинити» | кнопка паузи | лінія | пауза
⏹	кнопка стоп	зупинити | квадрат | кнопка «Припинити» | кнопка стоп | припинити
⏺	кнопка запису	запис | кнопка «Запис» | кнопка запису | коло
Ⓜ	коло з літерою «м»	коло | коло з літерою «м» | м | метро
■	заповнений квадрат	прямокутник | суцільний
□	порожнистий квадрат	порожній | прямокутник
▢	порожнистий квадрат зі скругленими кутами	заокруглений | порожній | прямокутник
▣	суцільний квадрат у контурному квадраті	заповнений | контур | рамка
▤	горизонтально заштрихований квадрат	штрихування
▥	вертикально заштрихований квадрат	штрихування
▦	квадрат зі штрихуванням "решітка"	клітинка
▧	квадрат, заштрихований діагонально вправо вниз	заштрихований діагонально вправо вниз | квадрат | квадрат, заштрихований діагонально вправо вниз
▨	квадрат, заштрихований діагонально вліво вниз	заштрихований діагонально вліво вниз | квадрат | квадрат, заштрихований діагонально вліво вниз
▩	квадрат із діагональним штрихуванням "решітка"	діагональ | клітинка
▪	малий чорний квадрат	геометричний | квадрат | малий чорний квадрат | чорний квадрат
▫	малий білий квадрат	геометричний | квадрат | малий білий квадрат
▬	заповнений прямокутник	суцільний
▭	порожнистий прямокутник	порожній
▮	заповнений вертикальний прямокутник	суцільний
▰	заповнений паралелограм	суцільний
▲	заповнений трикутник, обернений угору	заповнений | заповнений трикутник, обернений угору | обернений угору | стрілка | трикутник | угору
△	порожнистий спрямований вгору трикутник	догори | порожній
▴	маленький суцільний трикутник вершиною вгору	догори | заповнений
▵	маленький контурний трикутник вершиною вгору	догори | порожній
▶	кнопка відтворення	відтворити | вправо | кнопка «Відтворити» | кнопка відтворення | праворуч | стрілка | трикутник
▷	порожнистий спрямований вправо трикутник	вправо | порожній | трикутник
▸	маленький суцільний трикутник вершиною вправо	заповнений | праворуч
▹	маленький порожнистий спрямований вправо трикутник	порожній | праворуч
►	заповнений вказівник управо	праворуч | суцільний
▻	контурний вказівник управо	порожній | праворуч
▼	заповнений трикутник, обернений униз	заповнений | заповнений трикутник, обернений униз | обернений униз | стрілка | трикутник | униз
▽	порожнистий спрямований вниз трикутник	донизу | порожній
▾	маленький заповнений спрямований вліво трикутник	ліворуч | суцільний
▿	маленький порожнистий спрямований вниз трикутник	донизу | порожній
◀	кнопка реверсу	вліво | кнопка «Назад» | кнопка реверсу | назад | попередня пісня | стрілка | стрілка ліворуч | трикутник
◁	порожнистий спрямований вліво трикутник	вліво | порожній | трикутник
◂	маленький суцільний трикутник вершиною вліво	заповнений | ліворуч
◃	маленький порожнистий спрямований вліво трикутник	ліворуч | порожній
◄	заповнений вказівник уліво	ліворуч | суцільний
◅	контурний вказівник уліво	ліворуч | порожній
◆	заповнений ромб	квадрат | суцільний
◇	порожнистий ромб	квадрат | порожній
◈	порожнистий ромб із заповненим ромбом	всередині | квадрат | порожній | суцільний
◉	порожнисте коло з кругом	концентричні | око | порожній
◊	ромб	діамант | ромб
○	порожнє коло	кільце | коло | порожнє коло
◌	коло крапками	контурний | круг | пунктир | штрих
◍	заштриховане вертикально коло	круг
◎	концентричні кола	круг | мішень | подвійне | ціль
●	заповнене коло	заповнене коло | коло
◐	заповнене зліва коло	круг | ліворуч | півколо | суцільне
◑	заповнене справа коло	круг | півколо | праворуч | суцільне
◒	заповнене знизу коло	донизу | круг | півколо | суцільне
◓	заповнене зверху коло	догори | круг | півколо | суцільне
◔	коло із заповненою правою верхньою чвертю	четверта | четвертинка
◕	коло із порожнистою лівою верхньою чвертю	три чверті | четверта | четвертинка
◖	лівий півкруг	вліво | ліворуч | півколо | половина
◗	правий півкруг	півколо | половина | право | праворуч
◘	незаповнений квадратик маркування	галочка | порожній | прапорець
◙	коло в заповненому квадраті	вписаний | всередині | круг | суцільний
◜	ліва верхня чверть кола	дуга
◝	права верхня чверть кола	дуга
◞	права нижня чверть кола	дуга
◟	ліва нижня чверть кола	дуга
◠	верхнє півколо	дуга
◡	нижнє півколо	дуга
◢	заповнений трикутник із прямим кутом унизу справа	донизу | прямокутний | суцільний
◣	заповнений трикутник із прямим кутом унизу зліва	донизу | ліворуч | прямокутний | суцільний
◤	заповнений трикутник із прямим кутом угорі зліва	догори | ліворуч | прямокутний | суцільний
◥	заповнений трикутник із прямим кутом угорі справа	догори | праворуч | прямокутний | суцільний
◦	маркер-кільце	коло | круг | порожній
◯	велике порожнє коло	велике порожнє коло | кільце | коло
◳	контурний квадрат із виділеним правим верхнім квадрантом	вписаний | всередині | порожній
◷	коло з виділеним правим верхнім квадрантом	вписаний | всередині | порожній | сектор
◻	середній білий квадрат	геометричний | квадрат | середній білий квадрат
◼	середній чорний квадрат	геометричний | квадрат | середній чорний квадрат | чорний квадрат
◿	контурний трикутник із прямим кутом унизу справа	внизу | кут | прямий | прямокутний | справа
☀	сонце	космос | погода | промені | сонце | сонячний | яскравий
☁	хмара	погода | хмара
☂	парасолька	дощ | одяг | парасолька | погода
☃	сніговик	зима | погода | сніг | сніговик | холодний
☄	комета	астероїд | комета | космос
☎	телефон	телефон
☑	клітинка з галочкою	✓ | бюлетень | відмічена клітинка | галочка | клітина | клітинка з галочкою | позначка | поставити прапорець | прапорець
☘	трилисник	ірландський | конюшина | листя | рослина | трилисник
☝	вказівний палець, що вказує вгору	вгору | вказівний | зауважте | палець | рука | увага | угору | указувати | хвилинку | цей
☠	череп і кістки	кістки | монстр | обличчя | перехрещені | пірати | скелет | смерть | тіло | череп
☢	радіаційна небезпека	знак | опромінення | радіаційна небезпека | радіоактивний | радіоактивні матеріали | радіоактивність
☣	біологічна загроза	біологічна загроза | біологічна небезпека | знак
☦	православний хрест	правовірний | православний | релігія | хрест | християнин | Християнство
☪	зірка і півмісяць	зірка і півмісяць | іслам | мусульманин | релігія
☮	символ миру	мир | символ миру
☯	інь-ян	дао | даосизм | інь | інь-ян | релігія | янь
☸	колесо дхарми	буддист | дхарма | колесо | колесо дхарми | релігія
☹	похмуре обличчя	злий | незадоволений | обличчя | похмуре обличчя | розчарований | сумний
☺	усміхнене обличчя	задоволений | обличчя | посмішка | спокійний | усмішка
♀	символ жінки	жінка | жіноча стать | знак жінки | символ жінки
♂	символ чоловіка	знак чоловіка | символ чоловіка | чоловік | чоловіча стать
♟	пішак	пішак | пішка | фігура | шахи | шахмати
♠	піка	азарт | гра | карта | карти | масть | піка | пікова дама
♣	трефа	гра | карта | масть | трефа | трефи
♥	чирва	гра | карта | масть | чирва | чирви
♦	бубна	бубна | бубни | гра | карта | масть
♨	гарячі джерела	гарячий | гарячі джерела | джерело | паруючі
♪	восьма нота	восьма | нота | одна восьма
♭	бемоль	бемоль | музика
♯	дієз	діез | дієз
♻	символ утилізації	переробка | символ утилізації | утилізація
♾	нескінченність	безкінечність | горизонтальна вісімка | нескінченність | універсальність
⚒	молоток і кирка	інструмент | кирка | молоток | молоток і кирка
⚔	схрещені мечі	зброя | мечі | перехрещений | схрещені мечі
⚕	символ медицини	ескулап | медицина | медичний символ | персонал | символ медицини
⚖	ваги	вага | ваги | знаряддя | зодіак | правосуддя | рівновага | справедливість | терези
⚗	перегінний куб	дистилятор | знаряддя | перегінний куб | хімічна реакція | хімія
⚙	шестірня	інструмент | налаштування | параметри | шестірня
⚛	символ атома	атеїст | атом | символ атома
⚜	геральдична лілія	геральдична лілія
⚠	попередження	застереження | попередження | увага
⚧	трансгендерний символ	трансгендер | трансгендерний символ
⚰	труна	вампір | похорон | смерть | труна
⚱	урна для тліну	ваза | поховальна урна | похорон | смерть | урна | урна для тліну
⛈	хмара з блискавкою та дощем	грім | дощ | погода | хмара | хмара з блискавкою та дощем
⛏	кирка	інструмент | кирка | шахта
⛑	каска рятувальника	допомога | захист | каска з білим хрестом | каска рятувальника | правила безпеки | робота | хрест | шапка | шолом
⛓	ланцюги	ланцюг | ланцюги
⛩	синтоїстський храм	релігія | святиня | синтоїстський | синтоїстський храм
⛰	гора	гора
⛱	пляжна парасолька	дощ | парасолька | пляж | пляжна парасолька | погода | сонце
⛴	пором	пором | човен
⛷	лижник	лижі | лижник | сніг | спорт
⛸	ковзан	катання на ковзанах | ковзан | лід | спорт
⛹	людина, що веде мʼяч	баскетбол | баскетболіст | вести мʼяч | гравець | людина | мʼяч | спортсмен | точний кидок
✂	ножиці	вирізати | інструмент | ножиці | папір
✈	літак	літак | транспорт
✉	конверт	електронний | емейл | конверт | лист | пошта
✌	жест перемоги	V | жест перемоги | перемога | рука | тіло
✍	рука, що пише	писати | рука | рука, що пише | тіло | що пише
✏	олівець	олівець
✒	кінчик чорнильного пера	кінчик чорнильного пера | перо | перо старомодної чорнильної ручки | ручка | чорнила
✔	галочка	✓ | відмітка | галочка | готово | позначка
✖	множення	× | знак | кратність | множення | помножити | скасувати | х
✝	латинський хрест	католицький хрест | латинський хрест | релігія | хрест | християнин
✡	зірка Давида	давид | єврей | єврейський | зірка | зірка Давида | Іудаїзм | релігія
✳	восьмикутний астериск	* | астериск | восьмикутна зірка | восьмикутний астериск | зірочка | знак
✴	восьмикінцева зірка	* | вісім виступів | восьмикінечна зірка | восьмикінцева зірка | зірка
❄	сніжинка	погода | сніг | сніжинка | холод | холодний
❇	блискітка	* | блискітка
❣	знак оклику у формі серця	жирний | знак | оклику | пунктуація | розділовий | серце | серця | стилізований | форма
❤	червоне серце	емоція | кохання | любов | серце | червоне
➡	стрілка вправо	напрям | праворуч | сторона | стрілка | стрілка вправо | східний
⤴	стрілка вправо з вигином угору	стрілка | стрілка вгору | стрілка вправо з вигином угору | стрілка праворуч із поворотом угору
⤵	стрілка вправо з вигином униз	вниз | стрілка | стрілка вправо з вигином униз | стрілка праворуч із поворотом униз
⨧	плюс із нижнім індексом два	двійка | індекс | нижній
⨯	знак множення "хрестик"	добуток | ікс | множення
⨼	внутрішнє множення	внутрішній | добуток | множення
⩣	логічне "або" з подвійним нижнім підкресленням	двічі | логіка | підкреслення | подвійне
⩽	менше або дорівнює скісне	нахил | нерівність | рівність
⪍	менше над асимптотично дорівнює	асимптота | нерівність | рівність
⪚	дорівнює над більше	нерівність | рівність
⪺	слідує над не дорівнює приблизно	вище | майже | над | нерівність | ні | рівність
⬅	стрілка вліво	західний | напрям | сторона | стрілка вліво | стрілка ліворуч
⬆	стрілка вгору	на північ | напрям | північ | сторона світу | стрілка | стрілка вгору
⬇	стрілка вниз	напрям | південний | сторона | стрілка | стрілка вниз
、	ідеографічна кома	ідеографічна кома | кома
。	ідеографічна крапка	ідеографічна | крапка | порожня крапка
〈	відкривна кутова дужка	відкривна | відкривна кутова дужка | кутова дужка
〉	закривна кутова дужка	закривна дужка | закривна кутова дужка | кутова
《	відкривна подвійна кутова дужка	відкривна | відкривна подвійна кутова дужка | кутова дужка | подвійна
》	закривна подвійна кутова дужка	закривна | закривна подвійна кутова дужка | подвійна кутова дужка
「	ліва верхня квадратна дужка	кутова дужка | ліва верхня | ліва верхня квадратна дужка
」	права нижня квадратна дужка	кутова дужка | права нижня | права нижня квадратна дужка
『	відкривна квадратна верхня дужка з просвітом	відкривна | відкривна квадратна верхня дужка з просвітом | дужка з просвітом | квадратна дужка
』	закривна квадратна нижня дужка з просвітом	дужка з просвітом | закривна | закривна квадратна нижня дужка з просвітом | квадратна дужка
【	відкривна лінзоподібна дужка	відкривна дужка | відкривна лінзоподібна дужка | лінза | лінзоподібна
】	закривна лінзоподібна дужка	закривна дужка | закривна лінзоподібна дужка | лінза | лінзоподібна
〔	відкривна гексагонова дужка	відкривна | відкривна «черепахова» дужка | відкривна гексагонова дужка | гексагонова дужка
〕	закривна гексагонова дужка	відкривна | гексагонова дужка | закривна «черепахова» дужка | закривна гексагонова дужка
〖	відкривна порожня лінзоподібна дужка	відкривна дужка | відкривна порожня лінзоподібна дужка | лінза | лінзоподібна
〗	закривна порожня лінзоподібна дужка	закривна дужка | закривна порожня лінзоподібна дужка | лінза | лінзоподібна
〰	хвилясте тире	пунктуація | тире | хвилясте тире | хвилястий
〽	японський знак початку частини пісні	значок | частина | японський знак початку частини пісні
・	інтерпункт	внутрішньорядкова крапка | інтерпункт | катакана
㊗	кнопка "вітання" японською	вітання | ідеограма | ієрогліф | китайський | кнопка "вітання" японською | привітання | Японський
㊙	кнопка "секрет" японською	ідеограма | ієрогліф | китайський | кнопка "секрет" японською | секрет | Японія
﷼	реал	валюта | реал
🅰	кнопка A (IІ група крові)	1 | a | i | кнопка «група крові а» | кнопка A (IІ група крові) | кров | літера А
🅱	кнопка B (III група крові)	2 | b | ii | група крові | кнопка «група крові b» | кнопка B (III група крові) | кров
🅾	кнопка O (І група крові)	4 | iv | o | група крові | група крові 0 | група крові O | кнопка «група крові 0» | кнопка «група крові o» | кнопка «І група крові» | кнопка O (І група крові) | кров
🅿	кнопка «паркування»	кнопка «паркування» | паркування
🈂	кнопка "сервісний збір" японською	ієрогліф | квадрат з ідеограмою «сервіс» | кнопка "сервісний збір" японською | японський
🈷	кнопка "щомісяця" японською	ієрогліф | квадрат з ідеограмою «місяць» | кнопка "щомісяця" японською | японський
🌡	термометр	погода | температура | термометр
🌤	сонце за хмаркою	незначна хмарність | погода | сонце | сонце за хмаркою | хмара
🌥	сонце за хмариною	погода | сонце | сонце за хмариною | сонце за хмарою | хмара
🌦	сонце за дощовою хмарою	дощ | погода | сонце | сонце за дощовою хмарою | хмара
🌧	хмара з дощем	дощ | погода | хмара | хмара з дощем
🌨	хмара зі снігом	погода | сніг | хмара | хмара зі снігом | холодний | холодно
🌩	хмара з блискавкою	блискавка | погода | хмара | хмара з блискавкою
🌪	торнадо	погода | торнадо | ураган | хмара
🌫	туман	погода | туман | хмара
🌬	обличчя, що дме	вітер | віяти | обличчя | обличчя, що дме | погода | хмара | що дме
🌶	гострий перець	гострий | перець | приправа | чилі
🍽	виделка, ніж і тарілка	вечеря | виделка | виделка, ніж і тарілка | кулінарія | ніж | ніж і тарілка | обід | сніданок | тарілка
🎖	військова медаль	відзнака | військова медаль | військовий | медаль | нагорода | святкування
🎗	стрічка на згадку	пам’ятна стрічка | пам’ятний | святкування | стрічка | стрічка на згадку
🎙	студійний мікрофон	мікрофон | музичний | студійний мікрофон | студія
🎚	повзунок рівня	бігунець рівня | гучність | музичний | повзунок | повзунок рівня | рівень | рівень гучності
🎛	обертові регулятори	елемент керування | кнопки керування | круглі регулятори | музичний | обертові регулятори | плита
🎞	кадри кіноплівки	кадр на плівці | кадри | кадри кіноплівки | кіно | плівка | фільм
🎟	вхідні квитки	вхідний | вхідні квитки | дозвіл | квиток
🏋	важкоатлет	бодібілдер | важкоатлет | людина | людина піднімає штангу | паверліфтинг | спорт | спортсмен | станова тяга | тягар
🏌	людина, що грає в гольф	гольф | гольфіст | ключка | клюшка | людина | м’яч | поле | спортсмен | удар
🏍	мотоцикл	мотоцикл | перегони
🏎	cпортивний автомобіль	cпортивний автомобіль | автомобіль | перегони
🏔	гора із засніженою верхівкою	Альпи | гора | гора із засніженою верхівкою | Еверест | Ельбрус | засніжена гора | сніг | холодний
🏕	кемпінг	кемпінг | похід
🏖	пляж і парасолька	відпочинок | парасоля | пляж | пляж і парасолька
🏗	спорудження будівлі	будівля | спорудження | спорудження будівлі
🏘	група будинків	будинок | будівля | вулиця | група будинків
🏙	міський краєвид	будівля | вечір | краєвид міста | місто | міський краєвид | сутінки в місті
🏚	занедбаний будинок	будинок | будівля | заброшений | занедбаний будинок | покинутий | сарай | стара будівля
🏛	антична будівля	антична будівля | будівля | доричні колони | класичний | колони
🏜	пустеля	оаза | пустеля
🏝	безлюдний острів	безлюдний | берег | острів | пальма
🏞	національний парк	картина | ландшафт | національний парк | парк
🏟	стадіон	вболівальники | гра | стадіон | футбол
🏳	білий прапор	білий прапор | майорить
🏵	розета	бутон | квітка | розета | розетка | рослина | чорнобривець
🏷	бирка	бейдж | бірка | мітка | ярлик
🐿	бурундук	білка | бурундук | вивірка | тварина
👁	око	око | тіло
📽	кінопроектор	відео | кіно | кінопроектор | перегляд | проектор | фільм
🕉	звук ом	звук ом | індуїзм | Індуїзм | ом | релігія
🕊	голуб	голуб | голуб миру | літати | мир | птах
🕯	свічка	світло | свічка
🕰	камінний годинник	годинник | годинник для камінної полички | камінний годинник | час
🕳	лунка	діра | лунка
🕴	чоловік у діловому костюмі, що левітує	бізнес | костюм | чоловік | чоловік у діловому костюмі | чоловік у діловому костюмі, що левітує | чоловік у костюмі | що левітує
🕵	детектив	детектив | робота | розслідування | сищик | шпигун
🕶	сонцезахисні окуляри	око | окуляри | сонцезахисні окуляри | темний
🕷	павук	комаха | павук
🕸	павутиння	павук | павутина | павутиння
🕹	джойстик	відеогра | гра | джойстик
🖇	зчеплені скріпки	зчеплений | зчеплені скріпки | скріпка
🖊	кулькова ручка	кулькова | маркер | ручка
🖋	чорнильна ручка	ручка | чорнила | чорнильна
🖌	пензель	малювання | пензель
🖍	пастель	крайон | крейда | олівець | пастель | фломастер | червона крейда | червоний олівець
🖐	піднята рука з розведеними пальцями	долоня | палець | пальці | піднята рука з розведеними пальцями | розчепірений | рука | тіло
🖥	комп’ютер	комп’ютер | монітор | настільний
🖨	принтер	комп’ютер | принтер
🖱	комп’ютерна миша	комп’ютер | комп’ютерна миша | миша
🖲	трекбол	комп’ютер | трекбол
🖼	картина в рамці	картина | картина в рамці | мистецтво | музей | рама | рама з картиною
🗂	роздільники в картотеці	картка | картотека | нумерація | роздільник | розділювач
🗃	скринька для карток	коробка | коробка з файлами | скринька для карток | файли
🗄	шафа для документів	реєстратор | сейф | шафа | шафа для документів | шафа-реєстратор
🗑	сміттєвий кошик	кошик | смітник | сміття
🗒	блокнот на спіралі	блокнот | блокнот на спіралі | на спіралі
🗓	календар на спіралі	блокнот | зайнята | зайнятий | зустріч | календар | календар на спіралі | на спіралі | планування
🗜	затискач	затискач | знаряддя | кліщі
🗝	старовинний ключ	замок | ключ | підказка | старий | старовинний ключ
🗞	скручена газета	газета | згорнута | новини | папір | скручена газета
🗡	кинджал	зброя | кинджал | меч | ніж
🗣	голова, що говорить	віщати | говорити | обличчя | оголошення | оголошувати | силует
🗨	хмаринка з текстом зліва	діалог | розмова | хмаринка з текстом зліва
🗯	булька із сердитою реплікою	злий | розлючений | хмаринка
🗳	урна для голосування і бюлетень	бюлетень | вибори | голосування | урна
🗺	карта світу	карта | карта світу | світ
🛋	канапа й торшер	готель | диван | канапа й торшер | лампа
🛍	сумки для покупок	покупки | сумка | сумки для покупок | шопінг
🛎	готельний дзвоник	готель | готельний дзвоник | дзвоник | сервіс
🛏	ліжко	готель | ліжко | сон | спати
🛠	молоток і гайковий ключ	гайковий ключ | інструмент | інструменти | молоток | молоток і гайковий ключ
🛡	щит	зброя | щит
🛢	бочка для нафти	бочка | бочка для нафти | бочка з паливом | паливо
🛣	автомагістраль	автомагістраль | дорога | шосе
🛤	залізнична колія	залізниця | залізнична колія | поїзд | потяг
🛥	моторний човен	корабель | моторний | транспорт | човен
🛩	малий літак	летіти | літак | літачок | малий літак | транспорт
🛰	супутник	космос | супутник | транспорт
🛳	пасажирський корабель	вояж | корабель | круїз | пасажир | пасажирський корабель | транспорт
