# CLDR symbol names for uz: symbol, tts name, keywords
# cldr-version	48
# source	https://unicode.org/Public/cldr/48/cldr-common-48.zip
# sha256	06c7c698d6fd8d67cefac15a0206b0109b00e0ef1636f86f84449fa959561f74
# icu-version	78.3
# unicode-version	17.0
# Generated by tools/cldr_symbol_names.py; do not edit.
!	Undov belgisi	belgi | tinish belgisi | undov | Undov belgisi
#	panjara belgisi	funt | heshteg | panjara | panjara belgisi | raqam
$	dollar	dollar | peso | pul | valyuta
%	foiz	foiz | protsent
&	ampersand	ampersand | va
'	yozuv mashinkasi apostrofi	apostrof | bir tirnoq | tutuq belgisi | yozuv mashinkasi apostrofi
)	yopiluvchi qavs	qavs | qavsni yopish | yopiluvchi qavs
*	yulduzcha	asterisk | yulduz | yulduzcha
+	plus belgisi	plus | plus belgisi | qoʻshish
,	vergul	vergul
-	minus-chiziqcha	chiziqcha | minus | minus-chiziqcha | tire
.	nuqta	davr | nuqra | nuqta
/	qiya chiziq	qiya | qiya chiziq | slesh
:	ikki nuqta	ikki nuqta | ikki-nuqta
;	nuqtali vergul	nuqta-vergul | nuqtali vergul
<	kichik	kichik | kichikroq | taqqoslash | teg | tegni ochish
=	teng	barobar | teng
>	katta	katta | kattaroq | taqqoslash | teg | tegni yopish
?	soʻroq belgisi	soʻroq | soʻroq belgisi
@	at belgisi	at belgisi | kuchuk | kuchukcha | tijoriy at
[	ochiluvchi kvadrat qavs	kvadrat qavs | ochiluvchi kvadrat qavs | qavsni ochish
\	teskari qiya chiziq	bekslesh | chiziq | qiya | teskari
]	yopiluvchi kvadrat qavs	kvadrat qavs | qavsni yopish | yopiluvchi kvadrat qavs
^	simkumfleks	kuch | nazorat | simkumfleks | sirkumfleks | tom | urgʻu | uycha
_	pastki chiziqcha	liniya | pastki chiziq | pastki chiziqcha | pastki tire
`	gravis	gravis | urgʻu
{	ochiluvchi figurali qavs	figurali qavs | ochiluvchi figurali qavs | oqcharloq qanoti | qanotli qavs
|	vertikal chiziq	bar | ustun | vertikal chiziq | vertikal liniya
}	yopiluvchi figurali qavs	figurali qavs | oqcharloq qanoti | qanotli qavs | yopiluvchi figurali qavs
~	tilda	tilda | toʻlqinli chiziq
¡	teskari undov belgisi	belgi | teskari | teskari undov belgisi | tinish belgisi | undov | undov belgisi
¢	sent	sent
£	funt sterling	EGP | funt sterling | GBP | valyuta
¤	Noma’lum valyuta	
¥	yena	CNY | JPY | valyuta | yena | yuan
§	bo‘lim	bo‘lim | paragraf
¨	diyerezis	diyerezis | trema | umlaut
©	mualliflik huquqi	c | mualliflik huquqi
«	chap bosma qo‘shtirnoq	burchak | chap | chap bosma qo‘shtirnoq | ikkitali burchakli qo‘shtirnoq | kare belgisi | qavs | quote
¬	inkor	inkor | yoʻq
®	qayd qilingan	qayd qilingan | r
°	daraja	daraja | isbot | soat
±	plus-minus	plus-minus
²	satr ustidagi ikki soni	ikki soni | kvadrat belgisi | satr ustida | satr ustidagi ikki soni
³	satr ustidagi uch soni	kub belgisi | satr ustidagi | satr ustidagi uch soni | uch soni
´	akut	akut | urgʻu
µ	mikron ishorasi	mikron ishorasi | o‘lchov birligi
¶	xatboshi belgisi	abzats | belgi | paragraf | pilkrou | xatboshi | xatboshi belgisi
·	o‘rtadagi nuqta	chiziqcha | nuqta | o‘rtadagi
¹	satr ustidagi bir soni	bir soni | satr ustidagi | satr ustidagi bir soni
»	o‘ng bosma qo‘shtirnoq	burchak | ikkitali burchakli qo‘shtirnoq | kare belgisi | o‘ng | o‘ng bosma qo‘shtirnoq | qavs | quote
¿	teskari soʻroq belgisi	soʻroq | soʻroq belgisi | teskari | teskari soʻroq belgisi
×	ko‘paytirish belgisi	ko‘paytirish | ko‘paytirish belgisi | marta
÷	bo‘lish belgisi	bo‘linish | bo‘lish | bo‘lish belgisi | obelus belgisi
֏	Armaniston drami	
؋	Afg‘oniston afg‘oniysi	
،	arabcha vergul	arabcha | vergul
؛	arabcha nuqtali vergul	arabcha | arabcha nuqtali vergul | nuqta-vergul | nuqtali vergul
؟	arabcha soʻroq belgisi	arabcha | arabcha soʻroq belgisi | soʻroq | soʻroq belgisi
৳	Bangladesh takasi	
฿	Tailand bati	
៛	Kambodja rieli	
‐	chiziqcha	chiziqcha | defis
–	qisqa tire	qisqa tire
—	uzun tire	uzun tire
―	tire	gorizontal chiziq | liniya | tire
‘	chap apostrof	apostrof | bir tirnoq | chap apostrof | iqtibos | tutuq belgisi
’	oʻng apostrof	apostrof | bir tirnoq | iqtibos | oʻng apostrof | tutuq belgisi
‚	pastki oʻng apostrof	apostrof | pastki oʻng apostrof | pastki tirnoq
“	chap qoʻshtirnoq belgisi	chap qoʻshtirnoq belgisi | iqtibos | qoʻshtirnoq
”	Oʻng qoʻshtirnoq belgisi	iqtibos | Oʻng qoʻshtirnoq belgisi | qoʻshtirnoq
„	pastki oʻng qoʻshtirnoq belgisi	iqtibos | pastki oʻng qoʻshtirnoq belgisi | pastki qoʻshtirnoq | qoʻshtirnoq
†	dragger belgisi	dagger | dragger belgisi | obelisk | obelus belgisi
‡	ikkitali dragger belgisi	dagger | ikkitali | ikkitali dragger belgisi | obelisk | obelus belgisi
•	qalin nuqta	nuqta | qalin nuqta | tugma
…	uch nuqta	koʻp nuqta | nuqtalar | uch nuqta
‧	boʻgʻin koʻchirish nuqtasi	boʻgʻin koʻchirish | boʻgʻin koʻchirish nuqtasi | chiziqcha | nuqta
‰	promille	milliondan bir | promille
′	kertma	kertma | prim | shtrix
″	qoʻsh kertma	ikkitalik kertma | kertma | qoʻsh kertma
‴	uchtalik kertma	uch kertma | uchtalik kertma
‸	karet	karet
※	havola belgisi	belgi | havola | havola belgisi
‼	juft undov belgisi	! | !! | belgi | juft undov belgisi | paq-puq | undov
‽	interrobang	interabang | interrobang
‾	ustki chiziq	ustidan chop etish | ustki chiziq | vinkulum
⁂	uch yulduz	uch yulduz | yulduzchalar | yulduzlar
⁄	kasr qiyshiq chiziq	chiziq | kasr qiyshiq chiziq
⁉	undov soʻroq belgisi	! | !? | ? | belgi | savol | tinish belgisi | undov | undov soʻroq belgisi
⁻	satr ustidagi ayirish belgisi	ayirish belgisi | satr ustidagi | satr ustidagi ayirish belgisi
₡	Kosta-Rika koloni	
₢	kruzeyro	BRB | kruzeyro | valyuta
₣	fransuz franki	frank | fransuz franki | valyuta
₤	lira	lira | valyuta
₥	mill	mil | mill
₦	Nigeriya nayrasi	
₨	rupiya	rupiya | valyura
₩	von	Janubiy Koreya voni | Koreya Respublikasi voni | KPW | KRW | KXDR voni | Shimoliy Koreya voni | von
₪	Isroil yangi shekeli	
₫	Vyetnam dongi	
€	yevro belgisi	EUR | valyuta | yevro | yevro belgisi
₭	Laos kipi	
₮	Mongoliya tugriki	
₰	nemis pennisi	nemis pennisi | pfennig | valyuta
₱	peso	peso | pul
₲	Paragvay guaranisi	
₳	avstral	ARA | avstral | valyuta
₴	Ukraina grivnasi	
₵	Gana sedisi	
₶	tur livri	tur livri | valyuta
₷	spesmilo	spesmilo | valyuta
₸	Qozog‘iston tengesi	
₹	hind rupiysi	hind rupiysi | rupiy | valyuta
₺	Turk lirasi	
₼	Ozarbayjon manati	
₽	rubl	rubl | valyuta
₾	Gruziya larisi	
₿	bitkoin	bitkoin | BTC
℗	ovozli yozuv mualliflik huquqi belgisi	mualliflik huquqi | ovozli | ovozli yozuv mualliflik huquqi belgisi | yozuv
™	savdo belgisi	belgi | savdo belgisi | tm
ℹ	axborot manbasi	axborot | axborot manbasi | ma’lumot
←	chapga qaragan chiziq	chapga | chapga qaragan chiziq | chiziq
↑	yuqoriga qaragan chiziq	chiziq | yuqoriga | yuqoriga qaragan chiziq
→	o‘ngga qaragan chiziq	chiziq | o‘ngga | o‘ngga qaragan chiziq
↓	pastga qaragan chiziq	chiziq | pastga | pastga qaragan chiziq
↔	chapga-o‘ngga strelka	chapga-o‘ngga strelka | chapga-o‘ngga yo‘nalish | chiziq | strelka
↕	tepa-pastga strelka	chiziq | strelka | tepa-pastga strelka | tepa-pastga yo‘nalish | yoʻnalish
↖	chap yuqoriga strelka	chap yuqoriga strelka | chap yuqoriga yo‘nalish | chiziq | shimoli g‘arb | shimoli-g‘arb | yo‘nalish
↗	o‘ng-yuqoriga strelka	chiziq | o‘ng-yuqoriga strelka | o‘ng-yuqoriga yo‘nalish | shimoli sharq | shimoli-sharq | yo‘nalish
↘	o‘ng-pastga strelka	chiziq | janubi sharq | janubi-sharq | o‘ng-pastga strelka | o‘ng-pastga yo‘nalish | yo‘nalish
↙	past-chapga strelka	chiziq | janubi g‘arb | past-chapga strelka | past-chapga yo‘nalish | yo‘nalish
↚	qayta chizilgan chapga strelka	qayta chizilgan chapga strelka
↛	qayta chizilgan oʻngga strelka	qayta chizilgan oʻngga strelka
↜	toʻlqinli chapga strelka	toʻlqinli chapga strelka
↝	toʻlqinli oʻngga strelka	toʻlqinli oʻngga strelka
↞	ikki boshli chapga strelka	ikki boshli chapga strelka
↟	ikki boshli yuqoriga strelka	ikki boshli yuqoriga strelka
↠	ikki boshli oʻngga strelka	ikki boshli oʻngga strelka
↡	ikki boshli pastga strelka	ikki boshli pastga strelka
↢	dumli chapga strelka	dumli chapga strelka
↣	dumli oʻngga strelka	dumli oʻngga strelka
↤	tekis dumli chapga strelka	tekis dumli chapga strelka
↥	tekis dumli yuqoriga strelka	tekis dumli yuqoriga strelka
↦	tekis dumli oʻngga strelka	tekis dumli oʻngga strelka
↧	tekis dumli pastga strelka	tekis dumli pastga strelka
↨	asosi bilan yuqoriga-pastga strelka	asosi bilan yuqoriga-pastga strelka
↩	o‘ngdan chapga qayrilish	chiziq | o‘ngdan chapga qayrilish | strelka
↪	chapdan o‘ngga qayrilish	chapdan o‘ngga qayrilish | chiziq | strelka
↫	ilmoqli chapga strelka	ilmoqli chapga strelka
↬	ilmoqli oʻngga strelka	ilmoqli oʻngga strelka
↭	toʻlqinli chapga-oʻngga strelka	toʻlqinli chapga-oʻngga strelka
↮	qayta chizilgan chapga-oʻngga strelka	qayta chizilgan chapga-oʻngga strelka
↯	zigzagsimon pastga strelka	zigzagsimon pastga strelka
↰	chapga burilgan yuqoriga strelka	chapga burilgan yuqoriga strelka
↱	oʻngga burilgan yuqoriga strelka	oʻngga burilgan yuqoriga strelka
↲	chapga burilgan pastga strelka	chapga burilgan pastga strelka
↳	oʻngga burilgan pastga strelka	oʻngga burilgan pastga strelka
↴	burchak ostida pastga burilgan oʻngga strelka	burchak ostida pastga burilgan oʻngga strelka
↵	burchak ostida chapga burilgan pastga strelka	burchak ostida chapga burilgan pastga strelka
↶	soat miliga qarshi yarim aylana strelka	soat miliga qarshi yarim aylana strelka
↷	soat mili boʻyicha yarim aylana strelka	soat mili boʻyicha yarim aylana strelka
↸	uzun chiziq ostida shimoli-gʻarbga strelka	uzun chiziq ostida shimoli-gʻarbga strelka
↹	perpendikulyar chiziqli oʻngga strelka ostidagi chapga strelka	perpendikulyar chiziqli oʻngga strelka ostidagi chapga strelka
↺	soat miliga qarshi ochiq aylana strelka	soat miliga qarshi ochiq aylana strelka
↻	soat mili boʻyicha ochiq aylana strelka	soat mili boʻyicha ochiq aylana strelka
↼	tishi yuqoriga qaragan chapga nayza	nayza | tishi yuqoriga qaragan chapga nayza
↽	tishi pastga qaragan chapga nayza	tishi pastga qaragan chapga nayza
↾	tishi oʻngga qaragan yuqoriga nayza	nayza | tishi oʻngga qaragan yuqoriga nayza
↿	tishi chapga qaragan yuqoriga nayza	nayza | tishi chapga qaragan yuqoriga nayza
⇀	tishi yuqoriga qaragan oʻngga nayza	nayza | tishi yuqoriga qaragan oʻngga nayza
⇁	tishi pastga qaragan oʻngga nayza	nayza | tishi pastga qaragan oʻngga nayza
⇂	tishi oʻngga qaragan pastga nayza	nayza | tishi oʻngga qaragan pastga nayza
⇃	tishi chapga qaragan pastga nayza	nayza | tishi chapga qaragan pastga nayza
⇄	chapga strelka ustidagi oʻngga strelka	chapga strelka ustidagi oʻngga strelka
⇅	yuqoriga va pastga qaragan chiziqlar	chiziq | pastga | yuqoriga | yuqoriga va pastga qaragan chiziqlar
⇆	o‘ngga qaragan chiziq ustidagi chapga qaragan chiziqlar	chapga | chiziq | o‘ngga | o‘ngga qaragan chiziq ustidagi chapga qaragan chiziq | o‘ngga qaragan chiziq ustidagi chapga qaragan chiziqlar
⇇	chapga juft strelka	chapga juft strelka
⇈	yuqoriga juft strelka	yuqoriga juft strelka
⇉	oʻngga juft strelka	oʻngga juft strelka
⇊	pastga juft strelka	pastga juft strelka
⇋	oʻngga nayza ustidagi chapga nayza	oʻngga nayza ustidagi chapga nayza
⇌	chapga nayza ustidagi oʻngga nayza	chapga nayza ustidagi oʻngga nayza
⇍	chiziq tortilgan chapga qoʻsh strelka	chiziq tortilgan chapga qoʻsh strelka
⇎	chiziq tortilgan chapga-oʻngga qoʻsh strelka	chiziq tortilgan chapga-oʻngga qoʻsh strelka
⇏	chiziq tortilgan oʻngga qoʻsh strelka	chiziq tortilgan oʻngga qoʻsh strelka | oʻngga qoʻsh strelka
⇐	chapga qoʻsh strelka	chapga qoʻsh strelka
⇑	yuqoriga qoʻsh strelka	yuqoriga qoʻsh strelka
⇒	oʻngga qoʻsh strelka	oʻngga qoʻsh strelka
⇓	pastga qoʻsh strelka	pastga qoʻsh strelka
⇔	chapga-oʻngga qoʻsh strelka	chapga-oʻngga qoʻsh strelka
⇖	shimoli-gʻarbga qoʻsh strelka	shimoli-gʻarbga qoʻsh strelka
⇗	shimoli-sharqqa qoʻsh strelka	shimoli-sharqqa qoʻsh strelka
⇘	janubi-sharqqa qoʻsh strelka	janubi-sharqqa qoʻsh strelka
⇙	janubi-gʻarbga qoʻsh strelka	janubi-gʻarbga qoʻsh strelka
⇚	chapga uch strelka	chapga uch strelka
⇛	oʻngga uch strelka	oʻngga uch strelka
⇜	egri-bugri chapga strelka	egri-bugri chapga strelka
⇝	egri-bugri oʻngga strelka	egri-bugri oʻngga strelka
⇞	qoʻsh chiziqli yuqoriga strelka	qoʻsh chiziqli yuqoriga strelka
⇟	qoʻsh chiziqli pastga strelka	qoʻsh chiziqli pastga strelka
⇠	nuqtali chapga strelka	nuqtali chapga strelka
⇡	nuqtali yuqoriga strelka	nuqtali yuqoriga strelka
⇢	nuqtali oʻngga strelka	nuqtali oʻngga strelka
⇣	nuqtali pastga strelka	nuqtali pastga strelka
⇤	chiziqqa taqaluvchi chapga strelka	chiziqqa taqaluvchi chapga strelka
⇥	chiziqqa taqaluvchi oʻngga strelka	chiziqqa taqaluvchi oʻngga strelka
⇦	ichi boʻsh chapga strelka	ichi boʻsh chapga strelka
⇧	ichi boʻsh yuqoriga strelka	ichi boʻsh yuqoriga strelka
⇨	ichi boʻsh oʻngga strelka	ichi boʻsh oʻngga strelka
⇩	ichi boʻsh pastga strelka	ichi boʻsh pastga strelka
⇪	toʻgʻri toʻrtburchakli ichi boʻsh yuqoriga strelka	toʻgʻri toʻrtburchakli ichi boʻsh yuqoriga strelka
⇵	yuqoridan pastga va pastdan yuqoriga strelka	yuqoridan pastga va pastdan yuqoriga strelka
∀	hamma uchun	barcha | berilgan | hamma | hamma uchun | universal
∂	qisman differensial	differensial | qisman differensial
∃	mavjud	mavjud
∅	boʻsh toʻplam	boʻsh toʻplam | matematika
∆	ortish belgisi	ortish belgisi | uchburchak
∇	nabla	nabla | uchburchak
∈	element	a’zolik | element | elementi hisoblanadi | tashkil topadi | to‘plam
∉	element emas	element | element emas
∋	aʼzo sifatida kiradi	aʼzo sifatida kiradi | element
∎	yakuniy dalil	qabrtosh | qora tosh | yakuniy dalil
∏	asar	asar | mahsulot | mantiq
∑	summa	matematika | summa
−	minus belgisi	ayirish | minus | minus belgisi
∓	minus yoki plyus	minus yoki plyus | plyus-minus
∕	ajratuvchi belgi	ajratuvchi belgi | chiziq | slesh
∗	yulduzcha operatori	yulduz | yulduzcha operatori
∘	halqa operatori	halqa operatori | kompozitsiya | operator
∙	bullet operatori	bullet operatori | operator
√	kvadrat ildiz	ildiz | ildiz belgisi | irratsional son | kvadrat | radiks
∝	proporsional	proporsional | proporsionallik
∞	cheksizlik belgisi	cheksizlik | cheksizlik belgisi
∟	toʻgʻri burchak	matematika | toʻgʻri burchak
∠	oʻtkir burchak	oʻtkir burchak | parallel
∣	boʻlish belgisi	boʻlish belgisi | boʻluvchi
∥	parallel	parallel
∧	mantiqiy va	choʻqqi | mantiqiy va | pona
∩	kesishma	kesishma | to‘plam
∪	birlashtirish belgisi	birlashma | birlashtirish belgisi | kolleksiya | to‘plam
∫	integral	integral | matematik tahlil
∬	qoʻsh integral	matematik tahlil | qoʻsh integral
∮	konturli integral	konturli integral
∴	shuning uchun	mantiq | shuning uchun
∵	chunki	chunki | mantiq
∶	nisbat	nisbat
∷	proporsiya	mutanosiblik | proporsionallik | proporsiya
∼	tilda operatori	operator | tilda operatori
∽	teskari tilda	teskari tilda | tilda
∾	teskari ravon s	teskari ravon s
≃	asimptotik teng belgisi	asimptotik | asimptotik teng belgisi | matematika
≅	taxminiy teng belgisi	izomorfizm | matematika | taxminiy teng belgisi
≈	deyarli teng	deyarli teng | taxminan
≌	hammasi teng belgisi	hammasi teng belgisi | matematika | tenglik
≒	taxminiy teng belgisi tasviri	taxminiy teng belgisi tasviri
≖	teng belgisidagi halqa	matematika | teng belgisidagi halqa | tenglik
≠	teng emas	teng emas | tengsizlik | tengsizlik belgisi
≡	bir xillik belgisi	aniq | bir xil | bir xillik belgisi | uchta chiziqli
≣	qatʼiy ekvivalent	matematika | qatʼiy ekvivalent | tenglik
≤	kichik yoki teng	kichik | kichik yoki teng | taqqoslash | teng | tenglik
≥	katta yoki teng	katta | katta yoki teng | taqqoslash | teng | tenglik
≦	teng ustidagi kichik belgisi	matematika | teng ustidagi kichik belgisi | tenglik
≧	teng ustidagi katta belgisi	matematika | teng ustidagi katta belgisi | tenglik
≪	nisbatan kichik	matematika | nisbatan kichik | tenglik
≫	nisbatan katta	matematika | nisbatan katta | tenglik
≬	orasida	orasida
≮	kichik emas	kichik emas | matematika | tengsizlik
≯	katta emas	katta emas | matematika | tengsizlik
≳	ekvivalentdan katta	ekvivalentdan katta | matematika | tenglik
≺	oldin keladi	matematika | oldin keladi | tenglik operatori
≻	keyin keladi	keyin keladi | matematika | tenglik operatori
⊁	keyin kelmaydi	keyin kelmaydi | matematika
⊂	ichki toʻplam	ichki toʻplam | toʻplam
⊃	superset	matematika | superset
⊆	subset teng	subset teng
⊇	superset teng	matematika | superset teng | tenglik
⊕	aylanadagi plyus	aylanadagi plyus | plyus
⊖	aylanadagi minus	aylanadagi minus | simmetrik ayirma
⊗	aylanadagi koʻpaytirish belgisi	aylanadagi iks | aylanadagi koʻpaytirish | aylanadagi koʻpaytirish belgisi | tenzorbelgisi
⊘	aylanadagi kasr chizigʻi	aylanadagi kasr chizigʻi | matematika
⊙	aylanadagi nuqta operatori	aylanadagi nuqta operatori | operator | XNOR
⊚	aylanadagi halqa operatori	aylanadagi halqa operatori
⊛	aylanadagi yulduzcha operatori	aylanadagi yulduzcha operatori | operator | yulduzcha
⊞	kvadratdagi plyus	kvadratdagi plyus | matematika | plyus belgisi
⊟	kvadratdagi minus	kvadratdagi minus | matematika | minus belgisi
⊥	teskari T	chap berish | teskari T
⊮	qiziqmaydi	qiziqmaydi
⊰	nisbatan oldin keladi	matematika | nisbatan oldin keladi | operator
⊱	nisbatan keyin keladi	matematika | nisbatan keyin keladi | operator
⊶	original	original
⊹	tutashgan hermit matritsasi	kvadrat matritsasi | matematika | tutashgan hermit matritsasi
⊿	oʻng uchburchak	matematika | oʻng burchakli uchburchak | oʻng uchburchak
⋁	n-simon mantiqiy yoki	dizyunksiya | mantiq | n-simon mantiqiy yoki
⋂	n-simon kesishish	kesishish | matematika | n-simon kesishish | operator
⋃	n-simon birlashuv	birlashuv | matematika | n-simon birlashuv | operator
⋅	nuqta operatori	nuqta operatori | operator
⋆	yulduz operatori	operator | yulduz operatori
⋈	tabiiy qoʻshilish	ikkilik operator | tabiiy qoʻshilish
⋒	qoʻsh kesishuv	kesishish | matematika | operator | qoʻsh kesishuv
⋘	juda kichik	juda kichik | matematika | tengsizlik
⋙	juda katta	juda katta | matematika | tengsizlik
⋭	normal quyi guruhga kirmaydigan tenglik	guruh nazariyasi | matematika | normal quyi guruhga kirmaydigan tenglik
⋮	vertikal koʻpnuqta	koʻpnuqta | matematika | vertikal koʻpnuqta
⋯	satr ichidagi gorizontal koʻpnuqta	koʻpnuqta | satr ichidagi gorizontal koʻpnuqta
⋰	yuqoriga-oʻngga diagonal koʻpnuqta	koʻpnuqta | matematika | yuqoriga-oʻngga diagonal koʻpnuqta
⋱	pastga-oʻngga diagonal koʻpnuqta	koʻpnuqta | matematika | pastga-oʻngga diagonal koʻpnuqta
⌨	klaviatura	klaviatura | kompyuter | terish | tugmalar
⏏	chiqarish tugmasi	chiqarish | chiqarish tugmasi
⏭	keyingi qo‘shiq tugmasi	chiziq | keyingi qo‘shiq | keyingi qo‘shiq tugmasi | keyingi sahna | uchburchak
⏮	oldingi qo‘shiq tugmasi	chiziq | oldingi qo‘shiq | oldingi qo‘shiq tugmasi | oldingi sahna | uchburchak
⏯	ijro yoki pauza tugmasi	chiziq | ijro | ijro yoki pauza tugmasi | o‘ng | pauza | uchburchak
⏱	sekundomer	sekundomer | soat
⏲	taymer soat	soat | taymer
⏸	pauza tugmasi	ikkita | pauza | pauza tugmasi | tik | ustun
⏹	to‘xtatish tugmasi	kvadrat | to‘xtatish | to‘xtatish tugmasi
⏺	ovoz yozish tugmasi	aylana | doira | ovoz yozish tugmasi | yozish
Ⓜ	aylana ichidagi m harfi	aylana | aylana ichidagi m harfi | m
■	boʻyalgan kvadrat	boʻyalgan kvadrat
□	ichi boʻsh kvadrat	ichi boʻsh kvadrat
▢	burchaklari yumaloqlangan ichi boʻsh kvadrat	burchaklari yumaloqlangan ichi boʻsh kvadrat
▣	boʻsh kvadrat ichidagi boʻyalgan kvadrat	boʻsh kvadrat ichidagi boʻyalgan kvadrat
▤	gorizontal shtrixli kvadrat	gorizontal shtrixli kvadrat
▥	vertikal shtrixli kvadrat	vertikal shtrixli kvadrat
▦	ortogonal kesishma shtrixli kvadrat	ortogonal kesishma shtrixli kvadrat
▧	chapga-oʻngga diagonal shtrixli kvadrat	chapga-oʻngga diagonal shtrixli kvadrat
▨	oʻngga-chapga diagonal shtrixli kvadrat	oʻngga-chapga diagonal shtrixli kvadrat
▩	diagonal kesishma shtrixli kvadrat	diagonal kesishma shtrixli kvadrat
▪	kichik qora kvadrat	geometrik | kichik qora kvadrat | kvadrat
▫	kichik oq kvadrat	geometrik | kichik oq kvadrat | kvadrat
▬	boʻyalgan toʻgʻri toʻrtburchak	boʻyalgan toʻgʻri toʻrtburchak
▭	ichi boʻsh toʻgʻri toʻrtburchak	ichi boʻsh toʻgʻri toʻrtburchak
▮	boʻyalgan vertikal toʻgʻri toʻrtburchak	boʻyalgan vertikal toʻgʻri toʻrtburchak
▰	boʻyalgan parallelogram	boʻyalgan parallelogram
▲	ichi boʻyalgan yuqoriga qaragan uchburchak	chiziq | ichi boʻyalgan yuqoriga qaragan uchburchak | ichi to‘ldirilgan | ichi to‘ldirilgan yuqoriga qaragan uchburchak | uchburchak | yuqoriga
△	yuqoriga qaragan ichi boʻsh uchburchak	yuqoriga qaragan ichi boʻsh uchburchak
▴	yuqoriga qaragan boʻyalgan kichik uchburchak	yuqoriga qaragan boʻyalgan kichik uchburchak
▵	yuqoriga qaragan ichi boʻsh kichik uchburchak	yuqoriga qaragan ichi boʻsh kichik uchburchak
▶	ijro tugmasi	chiziq | ijro | ijro tugmasi | o‘ng | uchburchak
▷	oʻngga qaragan ichi boʻsh uchburchak	oʻngga qaragan ichi boʻsh uchburchak
▸	oʻngga qaragan boʻyalgan kichik uchburchak	oʻngga qaragan boʻyalgan kichik uchburchak
▹	oʻngga qaragan ichi boʻsh kichik uchburchak	oʻngga qaragan ichi boʻsh kichik uchburchak
►	oʻngga qaragan boʻyalgan koʻrsatkich	oʻngga qaragan boʻyalgan koʻrsatkich
▻	oʻngga qaragan ichi boʻsh koʻrsatkich	oʻngga qaragan ichi boʻsh koʻrsatkich
▼	ichi to‘ldirilgan pastga qaragan uchburchak	chiziq | ichi to‘ldirilgan | ichi to‘ldirilgan pastga qaragan uchburchak | pastga | uchburchak
▽	pastga qaragan ichi boʻsh uchburchak	pastga qaragan ichi boʻsh uchburchak
▾	pastga qaragan boʻyalgan kichik uchburchak	pastga qaragan boʻyalgan kichik uchburchak
▿	pastga qaragan ichi boʻsh kichik uchburchak	pastga qaragan ichi boʻsh kichik uchburchak
◀	orqaga o‘tkazish tugmasi	chap | chiziq | orqaga | orqaga o‘tkazish tugmasi | uchburchak
◁	chapga qaragan ichi boʻsh uchburchak	chapga qaragan ichi boʻsh uchburchak
◂	chapga qaragan boʻyalgan kichik uchburchak	chapga qaragan boʻyalgan kichik uchburchak
◃	chapga qaragan ichi boʻsh kichik uchburchak	chapga qaragan ichi boʻsh kichik uchburchak
◄	chapga qaragan boʻyalgan koʻrsatkich	chapga qaragan boʻyalgan koʻrsatkich
◅	chapga qaragan ichi boʻsh koʻrsatkich	chapga qaragan ichi boʻsh koʻrsatkich
◆	boʻyalgan olmos	boʻyalgan olmos
◇	ichi boʻsh olmos	ichi boʻsh olmos
◈	boʻsh olmos ichidagi boʻyalgan olmos	boʻsh olmos ichidagi boʻyalgan olmos
◉	boʻsh aylana ichidagi boʻyalgan aylana	aylana ichidagi nuqta | baliq koʻzi | boʻsh aylana ichidagi boʻyalgan aylana
◊	romb	marvarid | romb
○	ichi bo‘sh doira	doira | halqa | ichi bo‘sh doira
◌	nuqtali aylana	nuqtali aylana
◍	vertikal shtrixli aylana	vertikal shtrixli aylana
◎	konsentrik aylana	konsentrik aylana | nishon | qoʻsh aylana
●	ichi to‘ldirilgan doira	doira | ichi to‘ldirilgan doira
◐	chap yarmi boʻyalgan aylana	chap yarmi boʻyalgan aylana
◑	oʻng yarmi boʻyalgan aylana	oʻng yarmi boʻyalgan aylana
◒	pastki yarmi boʻyalgan aylana	pastki yarmi boʻyalgan aylana
◓	yuqori yarmi boʻyalgan aylana	yuqori yarmi boʻyalgan aylana
◔	yuqori oʻng choragi boʻyalgan aylana	yuqori oʻng choragi boʻyalgan aylana
◕	yuqori chap choragi boʻsh aylana	yuqori chap choragi boʻsh aylana
◖	aylananing chap yarmi boʻyalgan	aylananing chap yarmi boʻyalgan
◗	aylananing oʻng yarmi boʻyalgan	aylananing oʻng yarmi boʻyalgan
◘	teskari bullet	teskari bullet
◙	boʻyalgan kvadrat ichidagi boʻsh aylana	boʻyalgan kvadrat ichidagi boʻsh aylana | teskari ichi boʻsh aylana
◜	yuqori-chap kvadrant aylana yoyi	yuqori-chap kvadrant aylana yoyi
◝	yuqori-oʻng kvadrant aylana yoyi	yuqori-oʻng kvadrant aylana yoyi
◞	pastki-oʻng kvadrant aylana yoyi	pastki-oʻng kvadrant aylana yoyi
◟	pastki-chap kvadrant aylana yoyi	pastki-chap kvadrant aylana yoyi
◠	yuqori yarim aylana	yuqori yarim aylana
◡	pastki yarim aylana	pastki yarim aylana
◢	pastga boʻyalgan oʻng uchburchak	pastga boʻyalgan oʻng uchburchak
◣	pastga boʻyalgan chap uchburchak	pastga boʻyalgan chap uchburchak
◤	yuqoriga boʻyalgan chap uchburchak	yuqoriga boʻyalgan chap uchburchak
◥	yuqoriga boʻyalgan oʻng uchburchak	yuqoriga boʻyalgan oʻng uchburchak
◦	ichi boʻsh bullet	ichi boʻsh bullet
◯	yirik ichi bo‘sh doira	doira | halqa | yirik ichi bo‘sh doira
◳	yuqori-oʻng kvadrantli ichi boʻsh kvadrat	yuqori-oʻng kvadrantli ichi boʻsh kvadrat
◷	yuqori-oʻng kvadrantli ichi boʻsh aylana	yuqori-oʻng kvadrantli ichi boʻsh aylana
◻	o‘rtacha oq kvadrat	geometrik | kvadrat | o‘rtacha oq kvadrat | toʻrtburchak
◼	o‘rtacha qora kvadrat	geometrik | kvadrat | o‘rtacha qora kvadrat | toʻrtburchak
◿	pastki-oʻng uchburchak	pastki-oʻng uchburchak
☀	quyosh	koinot | nurlar | ob-havo | quyosh | quyosh nurlari | quyoshli | yorug‘lik
☁	bulut	bulut | ob-havo
☂	soyabon	kiyim | ob-havo | soyabon | yomg‘ir
☃	qorbobo va qor	ob-havo | qor | qorbobo | qorbobo va qor | sovuq
☄	kometa	koinot | kometa | osmon | samo
☎	telefon	qizil telefon | simli telefon | telefon | uy telefoni
☑	belgilangan belgilash maydonchasi	✓ | bajarilgan | belgilangan belgilash maydonchasi | belgilash | maydoncha | tekshirilgan | tekshiruv
☘	sebarga	o‘simlik | sebarga | uchbarg
☝	ko‘rsatkich barmoq tepada	barmoq | ko‘rsatkich | ko‘rsatkich barmog‘i tepaga qarab turgan qo‘l | ko‘rsatkich barmoq tepada | qo‘l | tana | tepaga | yo‘naltirish
☠	bosh suyagi va suyaklar	bosh suyagi | bosh suyagi va suyaklar | maxluq | o‘lim | oʻlgan | suyaklar | tana | yuz
☢	radioaktiv	belgi | radioaktiv
☣	biologik xavf	belgi | biologik xavf
☦	pravoslav xoch	din | nasroniylik | pravoslav xoch | xoch
☪	yulduz va yarim oy	din | islom | muslim | yulduz va yarim oy
☮	tinchlik ramzi	tinchlik | tinchlik ramzi
☯	yin yang	din | tao | taoist | yang | yin
☸	dharma g‘ildiragi	budda | buddist | dharma g‘ildiragi | din | g‘ildirak
☹	arazlagan yuz	arazlagan yuz | arazlamoq | xafa | yuz
☺	kulayotgan yuz	kulayotgan yuz | tabassum | xotirjam | yuz
♀	ayol belgisi	ayol | ayol belgisi
♂	erkak belgisi	erkak | erkak belgisi
♟	piyoda	dona | piyoda | shaxmat | shaxmat donasi | shaxmat toshlari | toshlar
♠	qarg‘a kartasi	karta | o‘yin | qarg‘a | qarg‘a kartasi
♣	chillik kartasi	chillik | chillik kartasi | karta | o‘yin
♥	tappon kartasi	karta | o‘yin | tappon kartasi | yurak | yuraklar
♦	g‘ishtin kartasi	g‘ishtin | g‘ishtin kartasi | gʻisht | karta | o‘yin | q‘ishtin | qarta | romb
♨	issiq buloq	bug‘ | bugʻlanish | bugʻlash | buloq | issiq
♪	sakkizinchi nota	musiqa | nota | sakkizinchi
♭	bemol	bemol | musiqa | nota
♯	diyez	diyez | musiqa | nota
♻	qayta ishlash belgisi	chiqindi | qayta ishlash | qayta ishlash belgisi | utilizatsiya
♾	cheksizlik	abadiy | cheksizilik | cheksizlik | cheksizlik belgisi | doimiy | muntazam
⚒	bolg‘a va uchli bolg‘a	asbob | bolg‘a | bolg‘a va uchli bolg‘a
⚔	kesishgan qilichlar	kesishgan | qilichlar | qurol
⚕	tibbiy ramz	eskulap | tibbiy ramz | tibbiyot | xodimlar
⚖	tarozi	adolat | burj | muvozanat | odil | ogʻirlik | oʻlchov | tarozi | Tarozi
⚗	haydash kimyoviy shishasi	asbob | haydash kimyoviy shishasi | kimyo | tajriba
⚙	tishli g‘ildirak	shesternya | tish | tishli g‘ildirak | tishli gʻildirak | uskuna
⚛	atom belgisi	ateist | atom | atom belgisi
⚜	gulsapsar	gerb | gulsapsar | shakl
⚠	ogohlantirish	diqqat | ogohlantirish
⚧	transseksuallik belgisi	transgender | transseksual | transseksuallik belgisi
⚰	tobut	o‘lim | oʻlik | qabr | tobut | vampir
⚱	dafn ko‘zasi	dafn | dafn ko‘zasi | koʻza | oʻlim | vafot | xok
⛈	bulut, chaqmoq va yomg‘ir	bulut | bulut, chaqmoq va yomg‘ir | chaqmoq | chaqmoq va yomg‘ir | ob-havo | yomg‘ir
⛏	uchli bolg‘a	asbob | kon | uchli bolg‘a
⛑	oq xochli dubulg‘a	bosh kiyim | dubulg‘a | kaska | oq xochli dubulg‘a | qutqaruvchi | shlem | xoch | yordam | yuz
⛓	zanjirlar	zanjir | zanjirlar
⛩	shinto shrin	din | maqbara | shinto | shrin | ziyoratgoh
⛰	tog‘	tog‘
⛱	qumga qadalgan soyabon	ob-havo | qumga qadalgan soyabon | quyosh | soyabon | yomg‘ir
⛴	parom	parom | passajir | qayiq
⛷	chang‘ichi	chang‘i | chang‘ichi | qor | sport
⛸	konki	konki | konki uchish | muz
⛹	odam va to‘p	basketbol | basketbolchi | koptok | odam va koptok | odam va to‘p | sportchi | to‘p
✂	qaychi	asbob | kesish | qaychi
✈	samolyot	parvoz | samolyot | sayohat | transport | uchish
✉	konvert	e-pochta | elektron xat | email | konvert
✌	v harfini ko‘rsatib turgan qo‘l	gʻalaba | qoʻl | v | v harfini ko‘rsatib turgan qo‘l
✍	yozayotgan qo‘l	qo‘l | ruchka | tana | xat | yozayotgan qo‘l | yozish
✏	qalam	chizish | qalam | yozish
✒	qora pero	pero | qora pero | ruchka | xat
✔	belgilash belgisi	✓ | belgi | belgilash | belgilash belgisi
✖	koʻpaytiruv	× | bekor qilish | belgi | koʻpaytirish | koʻpaytirish belgisi | koʻpaytiruv | x
✝	lotin xoch	din | lotin xoch | nasroniylik | xoch
✡	dovud yulduzi	din | dovud | dovud yulduzi | ibroniy | yahudiy | yulduz
✳	sakkiz qirrali yulduz	* | sakkiz qirrali yulduz | yulduzcha
✴	sakkiz burchakli yulduz	* | sakkiz burchakli yulduz | yulduz
❄	qor parchasi	ob-havo | qor | qor parchasi | sovuq
❇	uchqun	* | uchqun
❣	yurak shaklidagi undov belgisi	belgi | tinish belgisi | undov | yurak shaklidagi undov | yurak shaklidagi undov belgisi
❤	qizil yurak	qizil yurak | sevgi | yurak
➡	oʻngga strelka	chiziq | o‘ngga strelka | o‘ngga yo‘nalish | oʻngga strelka | sharq | strelka | yo‘nalish
⤴	o‘ngdan yuqoriga qayrilish	chiziq | o‘ngdan yuqoriga qayrilish | strelka
⤵	o‘ngdan pastga qayrilish	chiziq | o‘ngdan pastga qayrilish | pastga | strelka
⨧	plyus ikki indeks	plyus ikki indeks
⨯	vektor kesishmasi	vektor kesishmasi
⨼	ichki tomon	ichki tomon
⩣	mantiqiy yoki pastki qoʻsh chiziq	mantiqiy yoki pastki qoʻsh chiziq
⩽	qiya tengdan kichik	qiya tengdan kichik
⪍	oʻxshash tengdan kichik	oʻxshash tengdan kichik
⪚	ikki chiziqli tengdan katta	ikki chiziqli tengdan katta | matematika | tengsizlik
⪺	biroz oshadi, lekin teng emas	biroz oshadi | biroz oshadi, lekin teng emas | lekin teng emas
⬅	chapga strelka	chapga strelka | chapga yo‘nalish | chiziq | g‘arb | strelka | yo‘nalish
⬆	yuqoriga strelka	chiziq | shimol | strelka | yo‘nalish | yuqoriga strelka | yuqoriga yo‘nalish
⬇	pastga strelka	chiziq | janub | pastga | strelka | yo‘nalish
、	ideografik vergul	ideografik | vergul
。	ideografik nuqta	gap oxiri | ideografik | nuqta
〈	ochiluvchi uchburchak qavs	ochiluvchi uchburchak qavs | olmos qavs | qirrali qavs | uchburchak qavs
〉	yopiluvchi uchburchak qavs	olmos qavs | qirrali qavs | uchburchak qavs | yopiluvchi uchburchak qavs
《	ochiluvchi juft uchburchak qavs	juft uchburchak qavs | ochiluvchi juft uchburchak qavs | qavs
》	yopiluvchi juft uchburchak qavs	juft uchburchak qavs | qavs | yopiluvchi juft uchburchak qavs
「	ochiluvchi burchakli qavs	burchakli qavs | ochiluvchi burchakli qavs | qavs
」	yopiluvchi burchakli qavs	burchakli qavs | qavs | yopiluvchi burchakli qavs
『	ochiluvchi boʻsh burchakli qavs	boʻsh burchakli qavs | ochiluvchi boʻsh burchakli qavs | qavs
』	yopiluvchi boʻsh burchakli qavs	boʻsh burchakli qavs | qavs | yopiluvchi boʻsh burchakli qavs
【	ochiluvchi qora linzali qavs	linzali qavs | ochiluvchi qora linzali qavs | qavs
】	yopiluvchi qora linzali qavs	linzali qavs | qavs | yopiluvchi qora linzali qavs
〔	ochiluvchi yoysimon toshbaqakosa qavs	ochiluvchi yoysimon toshbaqakosa qavs | qavs | toshbaqakosa qavs | yoysimon qavs
〕	yopiluvchi yoysimon toshbaqakosa qavs	qavs | toshbaqakosa qavs | yopiluvchi yoysimon toshbaqakosa qavs | yoysimon qavs
〖	ochiluvchi boʻsh linzali qavs	boʻsh linzali qavs | ochiluvchi boʻsh linzali qavs | qavs
〗	yopiluvchi boʻsh linzali qavs	boʻsh linzali qavs | qavs | yopiluvchi boʻsh linzali qavs
〰	to‘lqinli chiziq	defis | tinish | to‘lqinli | to‘lqinli chiziq
〽	ovoz almashinuvi belgisi	belgi | ovoz almashinuvi belgisi | qism
・	katakanada oraliq nuqta	katakana | katakanada oraliq nuqta | nuqta | oraliq
㊗	aylana ichidagi bayram iyeroglifi	aylana ichidagi bayram iyeroglifi | iyeroglif | qutlash | tabrik | tabriklash | xitoycha | yaponcha
㊙	yaponcha “maxfiy” belgisi	aylana ichida iyeroglif yozuvidagi maxfiy belgisi | iyeroglif | maxfiy | sir | xitoycha | yaponcha “maxfiy” belgisi
﷼	riyol	riyol | valyuta
🅰	a tugmasi	a | a tugmasi | a tugmasi (qon turi) | qon
🅱	b tugmasi	b | b tugmasi | b tugmasi (qon turi) | qon | qon turi
🅾	o tugmasi	o | o tugmasi | o tugmasi (qon turi) | qon
🅿	p tugmasi	avtoto‘xtash | p | p tugmasi | parking | tugma
🈂	kvadrat ichidagi katakana sa morasi	katakana | kvadrat ichidagi katakana sa morasi | yaponcha
🈷	kvadrat ichidagi oy iyeroglifi	kvadrat ichidagi oy iyeroglifi | yaponcha
🌡	termometr	ob-havo | termometr
🌤	kichik bulut ortidagi quyosh	bulut | kichik bulut ortidagi quyosh | ob-havo | quyosh
🌥	bulutlar ortidagi quyosh	bulut | bulutlar ortidagi quyosh | ob-havo | quyosh
🌦	yomg‘irli bulutlar ortidagi quyosh	bulut | ob-havo | quyosh | yomg‘ir | yomg‘irli bulutlar ortidagi quyosh
🌧	yomg‘irli bulut	bulut | ob-havo | yomg‘ir | yomg‘irli bulut
🌨	qor yog‘ayotgan bulut	bulut | ob-havo | qor | qor yog‘ayotgan bulut | sovuq
🌩	chaqmoq chaqayotgan bulut	bulut | chaqmoq | chaqmoq chaqayotgan bulut | momaqaldiroq | ob-havo | yashin
🌪	quyun	bulut | dovul | ob-havo | quyun | shamol | tornado
🌫	tuman	bulut | bulutli | ob-havo | tuman | tumanli
🌬	shamol qiyofasi	bulut | esish | ob-havo | puflash | shamol | shamol qiyofasi | yuz
🌶	achchiq qalampir	achchiq | garmdori | o‘simlik | qalampir
🍽	sanchqi, pichoq va likopcha	likopcha | pichoq | pichoq va likopcha | sanchqi | sanchqi, pichoq va likopcha | taom
🎖	harbiy medal	bayram | harbiy | medal
🎗	eslatma lentasi	bayram | eslatma | eslatma lentasi | lenta | xotira | xotira lentasi
🎙	studiya mikrofoni	mikrofon | musiqa | studiya | studiya mikrofoni
🎚	daraja slayderi	daraja | daraja slayderi | musiqa | slayder
🎛	ovoz boshqarish paneli	boshqarish | burama | musiqa | ovoz boshqarish paneli | panel
🎞	film kadri	film | film kadri | kadrlar | kinematograf | kino | kinoplyonka | plyonka
🎟	kirish chiptalari	chipta | kirish | kirish chiptalari
🏋	og‘ir atletikachi	atletikachi | bodibilder | mashq | og‘ir | tosh koʻtarayotgan erkak | tosh koʻtarish | vazn
🏌	golf o‘ynovchi	golf | golf o‘ynovchi | koptok | shar | to‘p | yashil
🏍	mototsikl	mototsikl | poyga
🏎	poyga mashinasi	mashina | poyga | poyga mashinasi
🏔	qor qoplagan tog‘	qor | qor qoplagan tog‘ | qorli togʻ | sovuq | tog‘ | togʻlar
🏕	tabiat qo‘ynida dam	dam olish | hordiq chiqarish | tabiat qo‘ynida dam
🏖	qirg‘oq va soyabon	dengiz boʻyi | plyaj | qirg‘oq | qirg‘oq va soyabon | soyabon
🏗	bino qurilishi	bino | bino qurilishi | kran | qurilish
🏘	uylar	bino | uy | uylar
🏙	shahar manzarasi	bino | shahar | shahar manzarasi
🏚	tashlandiq uy	bino | tashlandiq | uy
🏛	qadimiy bino	bino | qadimiy
🏜	sahro	choʻl | sahro
🏝	cho‘l orol	cho‘l | choʻl oroli | orol | sahro
🏞	istirohat bog‘i	bog‘ | istirohat bog‘i | milliy bogʻ | park | qoʻriqxona
🏟	stadion	stadion
🏳	hilpiragan oq bayroq	hilpirab turgan | hilpiragan oq bayroq
🏵	to‘pbarggul	o‘simlik | to‘pbarggul
🏷	yorliq	etiketka | maʼlumot | yorliq
🐿	burunduq	burunduq | olmaxon
👁	ko‘z	1 koʻz | bitta koʻz | ko‘z | tana
📽	film proyektori	film | film proyektori | kino | proyektor | video
🕉	om	din | hind | om
🕊	kabutar	kabutar | kaptar | qush | tinchlik | uchish
🕯	sham	shagʻam | sham | yorug‘lik
🕰	tosh soat	soat | tosh soat | vaqt
🕳	teshik	darcha | kovak | teshik | tuynuk
🕴	kostyum kiygan muallaq holatdagi kishi	erkak | ish | kostyum | kostyum kiygan kishi | kostyum kiygan muallaq holatdagi kishi
🕵	izquvar	agent | detektiv | izquvar | josus | tekshiruv
🕶	quyoshdan himoyalaydigan ko‘zoynak	ko‘z | ko‘zoynak | qorong‘i | qorong‘u | quyoshdan himoyalaydigan ko‘zoynak
🕷	o‘rgimchak	hasharot | o‘rgimchak | xasharot
🕸	o‘rgimchak to‘ri	o‘rgimchak to‘ri | oʻrgimchak | oʻrgimchak toʻri | toʻr
🕹	joystik	boshqarish tutqichi | joystik | o‘yin | video o‘yin
🖇	ulangan qistirgichlar	bog‘langan | bogʻlangan | qog‘oz qistirgich | skrepka | ulangan qistirgichlar
🖊	ruchka	ruchka | sharikli ruchka | xat
🖋	peroli ruchka	pero | peroli ruchka | ruchka | xat
🖌	mo‘yqalam	boʻyash | mo‘yqalam | rassom
🖍	rangli qalam	flomaster | qizil | rang | rangli qalam
🖐	barmoqlari yoyilgan qoʻl	barmoq | barmoqlari yoyilgan holatda ko‘tarilgan qo‘l | barmoqlari yoyilgan qoʻl | qo‘l | tana | toʻxta | yoyilgan
🖥	ish stoli kompyuteri	ish stoli kompyuteri | kompyuter | monitor
🖨	printer	chop etish | kompyuter | printer
🖱	kompyuter sichqonchasi	3 | kompyuter | kompyuter sichqonchasi | sichqoncha | tugma | uch
🖲	trekbol	kompyuter | shar | trekbol
🖼	ramkali surat	hoshiya | muzey | ramka | ramkali surat | rasm | rassomlik | san’at
🗂	fayllarni ajratuvchi	ajratuvchilar | fayllarni ajratuvchi | indeks | kartochka
🗃	fayl qutisi	fayl | fayl qutisi | karta | kartochka | quti
🗄	fayllar javoni	fayl | fayl yaratish | fayllar javoni | javon
🗑	qog‘oz chiqitdoni	chiqitdon | qog‘oz chiqitdoni
🗒	spiralli yon daftarcha	qayd | spiral | spiralli yon daftarcha | yon daftarcha
🗓	ilma taqvim	ilma | sana | spiral | taqvim | vaqt
🗜	kompressor	asbob | kompressor | qisqich
🗝	qadimiy kalit	eski | kalit | qadimiy | qulf
🗞	o‘ralgan gazeta	gazeta | o‘ralgan | qog‘oz | yangiliklar
🗡	xanjar	pichoq | qurol | xanjar
🗣	gapirayotgan bosh	baqirish | bosh | gapirayotgan bosh | gapirish | nutq | siluet | yuz
🗨	chap nutq pufakchasi	chap nutq pufakchasi | dialog | nutq | pufak | shar
🗯	o‘ng burchakli pufakcha	hafa | jahl | jaxl | o‘ng burchakli pufakcha | pufak | shar | xafa
🗳	quti va saylov byulleteni	quti | quti va saylov byulleteni | saylov qutisi
🗺	dunyo xaritasi	dunyo | dunyo xaritasi | olam | xarita
🛋	divan va lampa	chiroq | divan | divan va lampa | lampa | mehmonxona
🛍	xarid sumkalari	mehmonxona | sumka | xarid | xarid sumkalari
🛎	pochtachi qo‘ng‘irog‘i	mehmonxona | pochtachi | pochtachi qo‘ng‘irog‘i | qabulxona | qo‘ng‘iroqcha
🛏	karavot	karavot | mehmonxona | uxlash | uyqu
🛠	bolg‘a va gayka kaliti	asbob | bolg‘a | bolg‘a va gayka kaliti | gayka kaliti
🛡	qalqon	himoya | qalqon | qurol | xavfsizlik
🛢	neft bochkasi	bochka | neft | neft bochkasi
🛣	avtomobil yo‘li	avtomobil yo‘li | ko‘cha | trassa | yo‘l
🛤	temiryo‘l	poyezd | temir yoʻl | temiryo‘l
🛥	motorli qayiq	motorli qayiq | qayiq | transport
🛩	kichik samolyot	kichik samolyot | samolyot | transport
🛰	sun’iy yo‘ldosh	fazo | koinot | sun’iy yo‘ldosh | transport
🛳	yo‘lovchi kemasi	kema | passajir | passajir kemasi | transport | yo‘lovchi | yo‘lovchi kemasi
