# CLDR symbol names for yue: symbol, tts name, keywords
# cldr-version	48
# source	https://unicode.org/Public/cldr/48/cldr-common-48.zip
# sha256	06c7c698d6fd8d67cefac15a0206b0109b00e0ef1636f86f84449fa959561f74
# icu-version	78.3
# unicode-version	17.0
# Generated by tools/cldr_symbol_names.py; do not edit.
!	感嘆號	感嘆 | 感嘆號 | 爆炸
#	井號	井號 | 井號標記 | 數字 | 磅 | 鎊
$	貨幣符號	披索 | 美元 | 美金 | 貨幣符號 | 錢
%	百分比	百分比
&	同埋	同 | 同埋 | 和 | 連字號
'	打字機撇號	單引號 | 引述 | 打字機撇號 | 撇
)	閂括弧	圓括弧 | 括弧 | 括號 | 閂括弧
*	星號	星形 | 星號 | 萬用字元
+	加號	加 | 加號
,	逗號	逗號
-	破折號-減號	橫線 | 減號 | 破折號 | 破折號-減號
.	句號	句號 | 點
/	斜線	傾斜 | 實線 | 斜線
:	冒號	冒號
;	分號	分號
<	小過	小過 | 標籤 | 開標籤
=	等號	相等 | 等於 | 等號
>	大過	大過 | 標籤 | 閂標籤
?	問號	問號 | 問題
@	at 符號	@ | at 符號 | 商業 at | 安培
[	開方括號	括號 | 方括號 | 開方括號
\	反斜線	反斜實線 | 反斜線
]	閂方括號	括號 | 方括號 | 閂方括號
^	抑揚音符號	帽 | 抑揚 | 抑揚音符號 | 指針 | 控制 | 插入符 | 次方 | 音
_	底線	底線 | 橫線 | 線
`	重音符	調子 | 重音 | 重音符
{	開波形括號	大括號 | 括號 | 波形括號 | 開波形括號
|	垂直線	垂直線 | 棒 | 管 | 線
}	閂波形括號	大括號 | 括號 | 波形括號 | 閂波形括號
~	波浪符號	波浪符號
¡	倒轉嘅感嘆號	倒轉 | 倒轉嘅感嘆號 | 感嘆 | 感嘆號 | 爆炸
¢	分錢	分錢
£	英鎊	埃及鎊 | 英鎊 | 貨幣 | 鎊
¤	未知貨幣	
¥	日圓	人民幣 | 日圓 | 貨幣
§	部分	分節 | 分節符號 | 段落 | 部分
¨	分音符號	分音 | 分音符號 | 變音
©	版權	版權
«	左雙書名號	人字形 | 向左 | 左雙書名號 | 引用 | 括號 | 脫字符 | 角
¬	否定符號	不 | 否定符號
®	註冊	註冊
°	度	小時 | 度 | 證明
±	加減號	加減號
²	上標二	上標 | 上標二 | 二 | 二次方
³	上標三	三 | 三次方 | 上標 | 上標三
´	尖音符	尖音 | 尖音符 | 音符
µ	微單位標誌	微單位標誌 | 量度
¶	段落標記	副詞 | 段落 | 段落標記 | 稻草人
·	中點	中間 | 中點 | 間隔號 | 點
¹	上標一	一 | 上標 | 上標一
»	右雙書名號	人字形 | 右雙書名號 | 向右 | 引用 | 括號 | 脫字符 | 角
¿	倒轉嘅問號	倒轉 | 倒轉嘅問號 | 問號 | 問題
×	乘號	乘 | 乘數 | 乘法 | 乘號
÷	除號	除 | 除法 | 除號
֏	亞美尼亞德拉姆	
؋	阿富汗尼	
،	阿拉伯逗號	逗號 | 阿拉伯 | 阿拉伯逗號
؛	阿拉伯分號	分號 | 阿拉伯 | 阿拉伯分號
؟	阿拉伯問號	問號 | 問題 | 阿拉伯 | 阿拉伯問號
৳	孟加拉塔卡	
฿	泰銖	
៛	柬埔寨瑞爾	
‐	破折號	橫線 | 破折號
–	短破折號	en | 短破折號 | 破折號
—	長破折號	em | 破折號 | 長破折號
―	水平線	橫線 | 水平線 | 破折號 | 線
‘	左撇	單引號 | 左撇 | 引言 | 引述 | 撇
’	右撇	右撇 | 單引號 | 引言 | 引述 | 撇
‚	右下撇	下引號 | 右下撇 | 引號 | 撇
“	左引號	左引號 | 引號 | 引言 | 引述 | 雙引號
”	右引號	右引號 | 引號 | 引述 | 智慧 | 雙引號
„	下右雙引號	下右雙引號 | 下引號 | 引用 | 引號 | 引言 | 雙引號
†	劍標	劍標 | 短劍號
‡	雙劍標	劍標 | 短劍號 | 雙劍標 | 雙重
•	要點	要點 | 點
…	省略號	省掉 | 省略號 | 點
‧	連字點	列點 | 橫線 | 破折號 | 連字點
‰	千分比	千分比 | 千分比符號
′	角分符號	角分符號
″	角秒符號	角分符號 | 角秒符號
‴	三撇符號	三撇符號 | 角分符號
‸	插入符號	插入符號
※	參考標記	參考標記
‼	雙感歎號	! | !! | 嘭嘭 | 感歎號 | 標點符號 | 符號 | 雙感歎號
‽	疑問感嘆號	疑問感嘆號
‾	上橫線	上橫線
⁂	三星符號	三星符號
⁄	分數斜線	分數斜線
⁉	感歎問號	! | !? | ? | 問題 | 感歎問號 | 感歎號 | 標誌 | 標點符號
⁻	上標減號	上標 | 上標減號 | 減號
₡	哥斯大黎加科朗	
₢	克魯塞羅	克魯塞羅
₣	法國法郎	法國法郎
₤	里拉	里拉
₥	密爾	密爾
₦	奈及利亞奈拉	
₧	西班牙陪士特	
₨	盧比	盧比
₩	韓圜	北韓圜 | 韓圜
₪	以色列新謝克爾	
₫	越南盾	
€	歐羅	歐元 | 歐羅 | 貨幣
₭	寮國基普	
₮	蒙古圖格里克	
₰	德國便士	德國便士
₱	披索	披索
₲	巴拉圭瓜拉尼	
₳	奧斯特拉爾	奧斯特拉爾
₴	烏克蘭格里夫納	
₵	迦納塞地	
₶	圖爾里弗爾	圖爾里弗爾
₷	斯貝斯米羅	斯貝斯米羅
₸	卡扎克斯坦坦吉	
₹	印度盧比	印度盧比 | 盧比 | 貨幣
₺	新土耳其里拉	
₼	亞塞拜然馬納特	
₽	盧布	盧布 | 貨幣
₾	喬治亞拉里	
₿	比特幣	比特幣
℗	錄音版權	版權 | 聲音 | 錄音 | 錄音版權
™	商標	tm | 商標 | 標記
ℹ	資訊	i | 資訊
←	指向左嘅箭咀	向左 | 向左箭咀 | 指向左嘅箭咀 | 箭咀
↑	指向上嘅箭咀	向上 | 向上箭咀 | 指向上嘅箭咀 | 箭咀
→	指向右嘅箭咀	向右 | 向右箭咀 | 指向右嘅箭咀 | 箭咀
↓	指向下嘅箭咀	向下 | 向下箭咀 | 指向下嘅箭咀 | 箭咀
↔	左右箭咀	左右箭咀 | 箭咀
↕	上下箭咀	上下箭咀 | 箭咀
↖	向左上箭咀	向左上箭咀 | 基點間 | 方向 | 箭咀 | 西北
↗	向右上箭咀	向右上箭咀 | 基點間 | 方向 | 東北 | 箭咀
↘	向右下箭咀	向右下箭咀 | 基點間 | 方向 | 東南 | 箭咀
↙	向左下箭咀	向左下箭咀 | 基點間 | 方向 | 箭咀 | 西南
↚	向左箭咀連斜棟	向左箭咀連斜棟
↛	向右箭咀連斜棟	向右箭咀連斜棟
↜	向左波浪箭咀	向左波浪箭咀
↝	向右波浪箭咀	向右波浪箭咀
↞	向左雙頭箭咀	向左雙頭箭咀
↟	向上雙頭箭咀	向上雙頭箭咀
↠	向右雙頭箭咀	向右雙頭箭咀
↡	向下雙頭箭咀	向下雙頭箭咀
↢	向左有尾箭咀	向左有尾箭咀
↣	向右有尾箭咀	向右有尾箭咀
↤	尾後有短線嘅向左箭咀	尾後有短線嘅向左箭咀
↥	尾後有短線嘅向上箭咀	尾後有短線嘅向上箭咀
↦	尾後有短線嘅向右箭咀	尾後有短線嘅向右箭咀
↧	尾後有短線嘅向下箭咀	尾後有短線嘅向下箭咀
↨	有底線嘅上下箭咀	有底線嘅上下箭咀
↩	向右箭咀彎向左	向右箭咀彎向左 | 箭咀
↪	向左箭咀彎向右	向左箭咀彎向右 | 箭咀
↫	轉圈嘅向左箭咀	轉圈嘅向左箭咀
↬	轉圈嘅向右箭咀	轉圈嘅向右箭咀
↭	左右波浪箭咀	左右波浪箭咀
↮	左右箭咀連斜棟	左右箭咀連斜棟
↯	向下之字形箭咀	之字形 | 向下之字形箭咀
↰	箭頭轉左嘅向上箭咀	箭頭轉左嘅向上箭咀
↱	箭頭轉右嘅向上箭咀	箭頭轉右嘅向上箭咀
↲	箭頭轉左嘅向下箭咀	箭頭轉左嘅向下箭咀
↳	箭頭轉右嘅向下箭咀	箭頭轉右嘅向下箭咀
↴	向右再轉下嘅箭咀	向右再轉下嘅箭咀
↵	向下再轉左嘅箭咀	向下再轉左嘅箭咀
↶	逆時針上半圓箭咀	逆時針上半圓箭咀
↷	順時針上半圓箭咀	順時針上半圓箭咀
↸	指向西北嘅長箭咀	指向西北嘅長箭咀
↹	向左箭咀喺向右箭咀上面 (箭頭有短線)	向右 | 向左箭咀喺向右箭咀上面 (箭頭有短線) | 短線 | 箭咀
↺	逆時針開口環形箭嘴	逆時針開口環形箭嘴
↻	順時針開口環形箭嘴	順時針開口環形箭嘴
↼	倒鉤向上嘅向左魚叉	倒鉤 | 倒鉤向上嘅向左魚叉
↽	倒鉤向下嘅向左魚叉	倒鉤向下嘅向左魚叉
↾	倒鉤向右嘅向上魚叉	倒鉤向右嘅向上魚叉
↿	倒鉤向左嘅向上魚叉	倒鉤 | 倒鉤向左嘅向上魚叉
⇀	倒鉤向上嘅向右魚叉	倒鉤 | 倒鉤向上嘅向右魚叉
⇁	倒鉤向下嘅向右魚叉	倒鉤 | 倒鉤向下嘅向右魚叉
⇂	倒鉤向右嘅向下魚叉	倒鉤 | 倒鉤向右嘅向下魚叉
⇃	倒鉤向左嘅向下魚叉	倒鉤 | 倒鉤向左嘅向下魚叉
⇄	向右箭咀喺向左箭咀上面	向右箭咀喺向左箭咀上面
⇅	向左箭咀在向右箭咀上面	向上 | 向上向下箭咀 | 向下 | 向左箭咀在向右箭咀上面 | 箭咀
⇆	向左箭咀喺向右箭咀上面	向右 | 向左 | 向左箭咀喺向右箭咀上面 | 箭咀
⇇	一對向左箭咀	一對向左箭咀
⇈	一對向上箭咀	一對向上箭咀
⇉	一對向右箭咀	一對向右箭咀
⇊	一對向下箭咀	一對向下箭咀
⇋	向左魚叉喺向右魚叉上面	向左魚叉喺向右魚叉上面
⇌	向右魚叉喺向左魚叉上面	向右魚叉喺向左魚叉上面
⇍	有刪除線嘅向左雙箭咀	有刪除線嘅向左雙箭咀
⇎	有刪除線嘅左右雙箭咀	有刪除線嘅左右雙箭咀
⇏	有刪除線嘅向右雙箭咀	有刪除線嘅向右雙箭咀
⇐	向左雙箭咀	向左雙箭咀
⇑	向上雙箭咀	向上雙箭咀
⇒	向右雙箭咀	向右雙箭咀
⇓	向下雙箭咀	向下雙箭咀
⇔	左右雙箭咀	左右雙箭咀
⇖	指向西北嘅雙箭咀	指向西北嘅雙箭咀
⇗	指向東北嘅雙箭咀	指向東北嘅雙箭咀
⇘	指向東南嘅雙箭咀	指向東南嘅雙箭咀
⇙	指向西南嘅雙箭咀	指向西南嘅雙箭咀
⇚	向左三箭咀	向左三箭咀
⇛	向右三箭咀	向右三箭咀
⇜	向左曲線箭咀	向左曲線箭咀
⇝	向右曲線箭咀	向右曲線箭咀
⇞	有雙劃線嘅向上箭咀	有雙劃線嘅向上箭咀
⇟	有雙劃線嘅向下箭咀	有雙劃線嘅向下箭咀
⇠	向左虛線箭咀	向左虛線箭咀
⇡	向上虛線箭咀	向上虛線箭咀
⇢	向右虛線箭咀	向右虛線箭咀
⇣	向下虛線箭咀	向下虛線箭咀
⇤	箭頭有短線嘅向左箭咀	箭頭有短線嘅向左箭咀
⇥	箭頭有短線嘅向右箭咀	箭頭有短線嘅向右箭咀
⇦	向左空心箭咀	向左空心箭咀
⇧	向上空心箭咀	向上空心箭咀
⇨	向右空心箭咀	向右空心箭咀
⇩	向下空心箭咀	向下空心箭咀
⇪	有底線嘅向上空心箭咀	有底線嘅向上空心箭咀
⇵	向下箭咀喺向上箭咀左邊	向下箭咀喺向上箭咀左邊
∀	全稱量詞符號	全稱量詞 | 全稱量詞符號 | 全部 | 對任何 | 對所有
∂	偏導數符號	偏導數符號
∃	存在量詞符號	存在量詞符號
∅	空集	空集
∆	遞增	三角形 | 遞增
∇	拉普拉斯算子	三角 | 拉普拉斯算子
∈	元素	元素 | 包含 | 成員 | 集
∉	唔屬於	元素 | 唔屬於
∋	包含	元素 | 包含
∎	證明完畢	q.e.d. | qed | 哈爾莫斯 | 墓碑符號 | 證明完畢
∏	n 元求積	n 元求積
∑	n 元求和	n 元求和
−	減號	減號 | 相減
∓	負正號	負正號
∕	除法斜線	除法斜線
∗	星號運算子	星號運算子
∘	環運算子	環運算子
∙	項目符號運算子	項目符號運算子
√	平方根	基數 | 平方 | 平方根 | 平方符號 | 根
∝	正比	正比
∞	無限符號	無限 | 無限符號
∟	直角	直角
∠	銳角	銳角
∣	整除	整除
∥	平行	平行
∧	邏輯且	邏輯且
∩	交集	交集 | 集
∪	合集	合集 | 收集 | 集
∫	積分	積分
∬	雙重積分	雙重積分
∮	路徑積分	路徑積分
∴	所以	所以
∵	因為	因為
∶	比率	比率
∷	比例	比例
∼	波浪號	波浪號
∽	反向波浪號	反向波浪號
∾	逆向橫躺式 S	逆向橫躺式 S
≃	漸近相等	漸近相等
≅	近似相等	近似相等
≈	約等於	大約 | 約等於 | 近似值
≌	全等於	全等於
≒	大約等於	大約等於
≖	有環等號	有環等號
≠	唔相等符號	不相等 | 唔相等 | 唔相等符號
≡	完全相同	三倍 | 完全 | 完全相同 | 相同
≣	完全相等	完全相等
≤	小過或相等	不相等 | 小過 | 小過或相等 | 等如 | 等於
≥	大過或等於	唔相等 | 大過 | 大過或等於 | 相等 | 等於
≦	小於喺等於上面	小於喺等於上面
≧	大於喺等於上面	大於喺等於上面
≪	遠小於	遠小於
≫	遠大於	遠大於
≬	之間	之間
≮	不小於	不小於
≯	不大於	不大於
≳	大於等於	大於等於
≺	先於	先於
≻	後於	後於
⊁	不後於	不後於
⊂	子集	子集 | 集
⊃	母集	母集
⊆	子集等於	子集等於
⊇	母集等於	母集等於
⊕	圓圈加號	圓圈加號
⊖	圓圈減號	圓圈減號
⊗	圓圈乘號	圓圈乘號
⊘	圓圈除法斜線	圓圈除法斜線
⊙	圓圈句點運算子	圓圈句點運算子
⊚	圓圈環運算子	圓圈環運算子
⊛	圓圈星號運算子	圓圈星號運算子
⊞	方框加號	方框加號
⊟	方框減號	方框減號
⊥	倒 T	倒 T
⊮	不強制	不強制
⊰	關係下先於	關係下先於
⊱	關係下後於	關係下後於
⊶	原點	原點
⊹	赫密特共軛矩陣	赫密特共軛矩陣
⊿	直角三角形	直角三角形
⋁	n 元邏輯或	n 元邏輯或
⋂	n 元交集	n 元交集
⋃	n 元聯集	n 元聯集
⋅	句點運算子	句點運算子
⋆	星運算子	星運算子
⋈	自然合併	自然合併
⋒	雙交集	雙交集
⋘	遠遠小於	遠遠小於
⋙	遠遠大於	遠遠大於
⋭	不屬於正規子群或等於	不屬於正規子群或等於
⋮	垂直省略號	垂直省略號
⋯	中線水平省略號	中線水平省略號
⋰	右上對角省略號	右上對角省略號
⋱	右下對角省略號	右下對角省略號
⌨	鍵盤	鍵盤 | 電腦
⏏	退出按鈕	退出 | 退出按鈕
⏭	下一首曲目按鈕	三角形 | 下一個場景 | 下一首曲目 | 下一首曲目按鈕 | 箭咀
⏮	最後一首曲目按鈕	三角形 | 上一個場景 | 上一首曲目 | 最後一首曲目按鈕 | 箭咀
⏯	播放或暫停按鈕	三角形 | 向右 | 播放 | 播放或暫停按鈕 | 暫停 | 箭咀
⏱	秒表	時鐘 | 秒表
⏲	計時器時鐘	時鐘 | 計時器 | 計時器時鐘
⏸	暫停按鈕	垂直 | 暫停 | 暫停按鈕 | 棒 | 雙
⏹	停止按鈕	停止 | 停止按鈕 | 正方形
⏺	錄製按鈕	圓形 | 錄製 | 錄製按鈕
Ⓜ	圓形 M	m | 圓形
■	實心正方形	實心正方形
□	空心正方形	空心正方形
▢	空心圓角正方形	空心圓角正方形
▣	空心正方形入面有實心正方形	空心正方形入面有實心正方形
▤	正方形填滿橫線	正方形填滿橫線
▥	正方形填滿直線	正方形填滿直線
▦	正方形填滿十字交叉線	正方形填滿十字交叉線
▧	正方形填滿左上右下斜線	正方形填滿左上右下斜線
▨	正方形填滿右上左下斜線	正方形填滿右上左下斜線
▩	正方形填滿對角交叉線	正方形填滿對角交叉線
▪	細黑色正方形	幾何 | 正方形 | 細黑色正方形
▫	細白色正方形	幾何 | 正方形 | 細白色正方形
▬	實心長方形	實心長方形
▭	空心長方形	空心長方形
▮	實心垂直長方形	實心垂直長方形
▰	實心平行四邊形	實心平行四邊形
▲	實心向上三角形	三角形 | 向上 | 實心 | 實心向上三角形 | 箭咀
△	空心正三角形	空心正三角形
▴	細實心正三角形	細實心正三角形
▵	細空心正三角形	細空心正三角形
▶	播放按鈕	三角形 | 向右 | 播放 | 播放按鈕 | 箭咀
▷	指向右嘅空心三角形	指向右嘅空心三角形
▸	指向右嘅細實心三角形	指向右嘅細實心三角形
▹	指向右嘅細空心三角形	指向右嘅細空心三角形
►	指向右嘅實心指示符	指向右嘅實心指示符
▻	指向右嘅空心指示符	指向右嘅空心指示符
▼	實心向下三角形	三角形 | 向下 | 實心 | 實心向下三角形 | 箭咀
▽	指向下嘅空心三角形	指向下嘅空心三角形
▾	指向下嘅細實心三角形	指向下嘅細實心三角形
▿	指向下嘅細空心三角形	指向下嘅細空心三角形
◀	回帶按鈕	三角形 | 向左 | 回帶 | 回帶按鈕 | 箭咀
◁	指向左嘅空心三角形	指向左嘅空心三角形
◂	指向左嘅細實心三角形	指向左嘅細實心三角形
◃	指向左嘅細空心三角形	指向左嘅細空心三角形
◄	指向左嘅實心指示符	指向左嘅實心指示符
◅	指向左嘅空心指示符	指向左嘅空心指示符
◆	實心菱形	實心菱形
◇	空心菱形	空心菱形
◈	空心菱形入面有實心菱形	空心菱形入面有實心菱形
◉	空心圓形入面有實心圓形	空心圓形入面有實心圓形
◊	菱形	菱形 | 鑽石
○	空心圓形	圓形 | 環形 | 空心圓形
◌	點線圓形	點線圓形
◍	圓形填滿直線	圓形填滿直線
◎	同心圓形	同心圓形
●	實心圓形	圓形 | 實心圓形
◐	圓形左半填滿	圓形左半填滿
◑	圓形右半填滿	圓形右半填滿
◒	圓形下半填滿	圓形下半填滿
◓	圓形上半填滿	圓形上半填滿
◔	圓形右上象限填滿	圓形右上象限填滿
◕	圓形左上象限冇填滿	圓形左上象限冇填滿
◖	實心左半圓	實心左半圓
◗	實心右半圓	實心右半圓
◘	反白項目符號	反白項目符號
◙	實心正方形入面有空心圓形	實心正方形入面有空心圓形
◜	左上象限圓弧	左上象限圓弧
◝	右上象限圓弧	右上象限圓弧
◞	右下象限圓弧	右下象限圓弧
◟	左下象限圓弧	左下象限圓弧
◠	上半圓	上半圓
◡	下半圓	下半圓
◢	實心右下三角形	實心右下三角形
◣	實心左下三角形	實心左下三角形
◤	實心左上三角形	實心左上三角形
◥	實心右上三角形	實心右上三角形
◦	空心項目符號	空心項目符號
◯	大空心圓形	圓形 | 大空心圓形 | 環形
◳	空心正方形右上象限	空心正方形右上象限
◷	空心圓形右上象限	空心圓形右上象限
◻	中白色正方形	中白色正方形 | 幾何 | 正方形
◼	中黑色正方形	中黑色正方形 | 幾何 | 正方形
◿	右下三角形	右下三角形
☀	太陽	光亮 | 太陽 | 射線 | 晴朗
☁	雲	天氣 | 雲
☂	遮	服裝 | 遮 | 雨
☃	雪人	寒冷 | 雪 | 雪人
☄	彗星	太空 | 彗星
☎	電話	電話
☑	有剔嘅選框	✓ | 剔號 | 有剔嘅選框 | 盒 | 選框
☘	三葉草	三葉草 | 植物
☝	指向上邊	上 | 手 | 手指 | 指 | 指向 | 指向上邊
☠	骷髏頭同交叉骨	交叉骨 | 怪物 | 死亡 | 臉 | 骷髏頭 | 骷髏頭同交叉骨
☢	放射性	放射性 | 標誌
☣	生物危害	標誌 | 生物危害
☦	正統十字架	十字架 | 基督教 | 宗教 | 正統十字架
☪	星同新月	伊斯蘭教 | 宗教 | 星同新月 | 穆斯林
☮	和平符號	和平 | 和平符號
☯	陰陽	宗教 | 道 | 道教 | 陰 | 陰陽 | 陽
☸	佛法輪	佛教 | 佛法 | 佛法輪 | 宗教 | 輪
☹	皺眉嘅臉	皺眉 | 皺眉嘅臉 | 臉
☺	微笑嘅臉	微笑 | 微笑嘅臉 | 放鬆 | 臉 | 輪廓
♀	女性標誌	女 | 女性標誌
♂	男性標誌	男 | 男性標誌
♟	國際象棋棋子	國際象棋 | 國際象棋棋子 | 消閒
♠	葵扇	紙牌 | 葵扇 | 遊戲
♣	梅花	梅花 | 紙牌 | 遊戲
♥	紅心	紅心 | 紙牌 | 遊戲
♦	階磚	紙牌 | 遊戲 | 階磚
♨	溫泉	泉 | 溫泉 | 熱 | 熱騰騰
♪	八分音符	八分 | 八分音符 | 音樂 | 音符
♭	降號	降號 | 音樂 | 音符
♯	升號	升號 | 音樂 | 音符
♻	循環再造符號	循環再造 | 循環再造符號
♾	無限	世界 | 永遠 | 無限 | 無限制
⚒	錘同挑	工具 | 挑 | 錘 | 錘同挑
⚔	交叉嘅劍	交叉 | 交叉嘅劍 | 劍 | 武器
⚕	醫療符號	員工 | 埃斯科拉庇俄斯 | 醫療符號 | 醫藥
⚖	天秤	天秤 | 天秤座 | 工具 | 星座 | 正義 | 秤 | 重量
⚗	蒸餾器	化學 | 工具 | 蒸餾器
⚙	齒輪	工具 | 齒輪
⚛	原子符號	原子 | 原子符號 | 無神論者
⚜	鳶尾花	鳶尾花
⚠	警告	警告
⚧	跨性别人士符號	跨性别人士 | 跨性别人士符號
⚰	棺材	棺材 | 死亡
⚱	殯儀館	死亡 | 殯儀館 | 灰燼 | 甕 | 葬禮
⛈	閃電雲同雨雲	閃電雲同雨雲 | 雨 | 雲 | 雷電
⛏	挑	工具 | 挑 | 採礦
⛑	救援人員嘅頭盔	十字架 | 帽 | 救援人員嘅頭盔 | 臉 | 輔助 | 頭盔
⛓	鏈	鏈
⛩	神教神社	宗教 | 神教 | 神教神社 | 神社
⛰	山	山
⛱	地上嘅遮	地上嘅遮 | 太陽 | 遮 | 雨
⛴	渡船	乘客 | 渡船 | 艇
⛷	滑雪運動員	滑雪 | 滑雪運動員 | 雪
⛸	溜冰	冰 | 溜冰
⛹	拍波嘅人	拍波嘅人 | 波
✂	較剪	剪 | 工具 | 較剪
✈	飛機	飛機
✉	信封	信 | 信封 | 電郵
✌	勝利手勢	v | 勝利 | 勝利手勢 | 手
✍	寫字嘅手	寫字 | 寫字嘅手 | 手
✏	鉛筆	鉛筆
✒	黑色筆尖	筆 | 筆尖 | 黑色筆尖
✔	粗剔號	✓ | 剔號 | 標誌 | 粗剔號
✖	粗乘號	X | 乘 | 乘法 | 交叉 | 取消 | 標誌 | 粗乘號
✝	拉丁十字架	十字架 | 基督教 | 宗教 | 拉丁十字架
✡	大衛之星	大衛 | 大衛之星 | 宗教 | 星 | 猶太人 | 猶太教
✳	八角星	* | 八角星 | 星
✴	八角星星	* | 八角星星 | 星
❄	雪花	寒冷 | 雪 | 雪花
❇	閃閃	* | 閃閃
❣	沉重嘅感嘆嘅	感嘆嘅 | 標點符號 | 沉重嘅感嘆嘅 | 符號
❤	紅色心	心 | 紅色心
➡	向右箭咀	向右箭咀 | 基點 | 方向 | 東 | 箭咀
⤴	向右箭咀彎向上	向右箭咀彎向上 | 箭咀
⤵	向右箭咀彎向下	向下 | 向右箭咀彎向下 | 箭咀
⨧	加號下標 2	加號下標 2
⨯	向量外積	向量外積
⨼	內積	內積
⩣	邏輯或雙下横線	邏輯或雙下横線
⩽	小於斜等號	小於斜等號
⪍	小於喺相似等上面	小於喺相似等上面
⪚	雙線等號大於	雙線等號大於
⪺	後於喺不幾乎等於上面	後於喺不幾乎等於上面
⬅	向左箭咀	向左箭咀 | 基點 | 方向 | 箭咀 | 西
⬆	向上箭咀	北 | 向上箭咀 | 基點 | 方向 | 箭咀
⬇	向下箭咀	南 | 向下 | 向下箭咀 | 基點 | 方向 | 箭咀
、	頓號	表意 | 逗號 | 頓號
。	中文句號	中文句號 | 句號 | 表意
〈	開尖括號	人字形 | 元組 | 列點括號 | 尖括號 | 括弧 | 菱形括號 | 開尖括號
〉	閂尖括號	人字形 | 元組 | 列點括號 | 尖括號 | 括弧 | 菱形括號 | 閂尖括號
《	開雙尖括號	括弧 | 開雙尖括號 | 雙尖括號
》	閂雙尖括號	括弧 | 閂雙尖括號 | 雙尖括號
「	開引號	引號 | 括弧 | 開引號
」	閂引號	引號 | 括弧 | 閂引號
『	開雙引號	括弧 | 開雙引號 | 雙引號
』	閂雙引號	括弧 | 閂雙引號 | 雙引號
【	開實心透鏡括號	實心括號 | 括弧 | 透鏡括號 | 開實心透鏡括號
】	閂實心透鏡括號	實心括號 | 括弧 | 透鏡括號 | 閂實心透鏡括號
〔	開六角括號	六角括號 | 括弧 | 括號 | 開六角括號
〕	閂六角括號	六角括號 | 括弧 | 括號 | 閂六角括號
〖	開中空透鏡括號	中空括號 | 括弧 | 空心括號 | 開中空透鏡括號
〗	閂中空透鏡括號	中空括號 | 括弧 | 空心括號 | 閂中空透鏡括號
〰	波浪破折號	標點符號 | 波浪 | 波浪破折號 | 破折號
〽	歌記號	標誌 | 歌記號
・	片假名中點	中點 | 片假名 | 片假名中點 | 點 | 點間
㊗	日本「祝」按鈕	恭喜 | 日本 | 日本「祝」按鈕 | 祝
㊙	日本「秘」按鈕	日本 | 日本「秘」按鈕 | 秘 | 秘密
﷼	里亞爾	里亞爾
🅰	A 按鈕 (血型)	a | A 按鈕 (血型) | 血型
🅱	B 按鈕 (血型)	b | B 按鈕 (血型) | 血型
🅾	O 按鈕 (血型)	o | O 按鈕 (血型) | 血型
🅿	P 按鈕	P 按鈕 | 泊車
🈂	日本「服務費」按鈕	日本 | 日本「服務費」按鈕 | 服務費
🈷	日本「月」按鈕	日本 | 日本「月」按鈕 | 月 | 月費
🌡	溫度計	天氣 | 溫度計
🌤	小雲後嘅太陽	太陽 | 小雲後嘅太陽 | 雲
🌥	大雲後嘅太陽	大雲後嘅太陽 | 太陽 | 雲
🌦	雨雲後嘅太陽	太陽 | 雨 | 雨雲後嘅太陽 | 雲
🌧	雨雲	雨 | 雨雲 | 雲
🌨	雪雲	寒冷 | 雪 | 雪雲 | 雲
🌩	閃電雲	閃電 | 閃電雲 | 雲
🌪	閃電	旋風 | 閃電 | 雲
🌫	霧	雲 | 霧
🌬	風臉	吹 | 臉 | 雲 | 風 | 風臉
🌶	辣椒	辣 | 辣椒
🍽	叉、刀同碟	刀 | 叉 | 叉、刀同碟 | 煮食 | 碟
🎖	軍事奬牌	奬牌 | 慶祝 | 軍事 | 軍事奬牌
🎗	紀念絲帶	慶祝 | 紀念 | 紀念絲帶 | 絲帶
🎙	錄音室咪高峰	咪 | 咪高峰 | 錄音室 | 錄音室咪高峰 | 音樂
🎚	級別滑塊	滑塊 | 級別 | 級別滑塊 | 音樂
🎛	控制旋鈕	控制 | 控制旋鈕 | 鈕 | 音樂
🎞	電影畫面	戲 | 戲院 | 畫面 | 電影 | 電影畫面
🎟	入場券	入場 | 入場券 | 券
🏋	舉重嘅人	舉重 | 舉重嘅人 | 舉重者 | 舉重運動員
🏌	打高爾夫嘅人	打高爾夫嘅人 | 波 | 高爾夫
🏍	電單車	賽跑 | 電單車
🏎	賽車	賽車 | 車
🏔	雪山	寒冷的 | 山 | 雪 | 雪山
🏕	露營	露營
🏖	海灘同遮	海灘 | 海灘同遮 | 遮
🏗	建築物建造	建築物建造 | 建造
🏘	屋	屋
🏙	城市景色	城市 | 城市景色
🏚	荒廢嘅房屋	房屋 | 荒廢 | 荒廢嘅房屋
🏛	古典建築	古典 | 古典建築
🏜	沙漠	沙漠
🏝	荒島	島 | 沙漠 | 荒島
🏞	國家公園	公園 | 國家公園
🏟	體育場	體育場
🏳	白色旗	波浪 | 白色旗
🏵	花環	植物 | 花環
🏷	標籤	標籤
🐿	花栗鼠	花栗鼠
👁	眼	眼 | 身體
📽	電影放映機	影片 | 戲 | 戲院 | 放映機 | 電影 | 電影放映機
🕉	唵	印度教 | 唵 | 宗教
🕊	鴿	和平 | 雀 | 飛 | 鴿
🕯	蠟燭	光 | 蠟燭
🕰	壁爐時鐘	壁爐時鐘 | 時鐘
🕳	窿	窿
🕴	著西裝嘅男人	商業 | 男 | 著西裝嘅男人 | 西裝
🕵	偵探	偵探 | 調查員 | 間諜
🕶	太陽眼鏡	太陽眼鏡 | 眼 | 眼鏡 | 黑暗
🕷	蜘蛛	昆蟲 | 蜘蛛
🕸	蜘蛛網	網 | 蜘蛛 | 蜘蛛網
🕹	遊戲桿	遊戲 | 遊戲桿 | 電視遊戲
🖇	連埋嘅萬字夾	萬字夾 | 連住 | 連埋嘅萬字夾
🖊	筆	原子筆 | 筆
🖋	鋼筆	噴水池 | 筆 | 鋼筆
🖌	畫筆	畫畫 | 畫筆
🖍	蠟筆	蠟筆
🖐	手指張開	張開 | 手 | 手指 | 手指張開
🖥	桌面電腦	桌面 | 桌面電腦 | 電腦
🖨	打印機	打印機 | 電腦
🖱	電腦滑鼠	電腦 | 電腦滑鼠
🖲	軌跡球	軌跡球 | 電腦
🖼	框畫	博物館 | 圖片 | 框架 | 框畫 | 繪畫 | 藝術
🗂	卡片索引分類	分類 | 卡片 | 卡片索引分類 | 索引
🗃	卡片檔案盒	卡片 | 卡片檔案盒 | 檔案 | 盒
🗄	檔案櫃	檔案 | 檔案櫃 | 櫃
🗑	廢紙簍	廢紙簍
🗒	可揭式記事簿	可揭式記事簿 | 墊 | 注釋 | 螺旋
🗓	可揭式日曆	可揭式日曆 | 墊 | 日曆 | 螺旋
🗜	鉗	壓 | 工具 | 虎頭鉗 | 鉗
🗝	舊鎖匙	提示 | 舊 | 舊鎖匙 | 鎖 | 鎖匙
🗞	捲起嘅報紙	報紙 | 捲起 | 捲起嘅報紙 | 新聞 | 紙
🗡	匕首	刀 | 匕首 | 武器
🗣	講野嘅頭	剪影 | 臉 | 講 | 講野 | 講野嘅頭 | 頭
🗨	左對話泡泡	對話 | 左對話泡泡 | 講野
🗯	右邊嬲泡泡	右邊嬲泡泡 | 嬲 | 氣球 | 泡泡 | 發癲
🗳	有選票嘅投票箱	投票 | 有選票嘅投票箱 | 盒
🗺	世界地圖	世界 | 世界地圖 | 地圖
🛋	沙發和座燈	座燈 | 沙發 | 沙發和座燈 | 酒店
🛍	購物袋	袋 | 購物 | 購物袋 | 酒店
🛎	服務員鐘	服務員 | 服務員鐘 | 酒店 | 鐘
🛏	床	床 | 訓覺 | 酒店
🛠	錘同士巴拿	士巴拿 | 工具 | 扳手 | 錘 | 錘同士巴拿
🛡	盾	武器 | 盾
🛢	油桶	桶 | 油 | 油桶
🛣	公路	公路 | 路 | 高速公路
🛤	鐵路軌道	火車 | 鐵路 | 鐵路軌道
🛥	機動船	機動船 | 艇
🛩	小型飛機	小型飛機 | 飛機
🛰	衛星	太空 | 衛星
🛳	客船	乘客 | 客船 | 船
