# CLDR symbol names for yue_Hans: symbol, tts name, keywords
# cldr-version	48
# source	https://unicode.org/Public/cldr/48/cldr-common-48.zip
# sha256	06c7c698d6fd8d67cefac15a0206b0109b00e0ef1636f86f84449fa959561f74
# Generated by tools/cldr_symbol_names.py; do not edit.
!	感叹号	感叹 | 感叹号 | 爆炸
#	井号	井号 | 井号标记 | 数字 | 磅 | 镑
$	货币符号	披索 | 美元 | 美金 | 货币符号 | 钱
%	百分比	百分比
&	同埋	同 | 同埋 | 和 | 连字号
'	打字机撇号	单引号 | 引述 | 打字机撇号 | 撇
)	闩括弧	圆括弧 | 括号 | 括弧 | 闩括弧
*	星号	万用字元 | 星号 | 星形
+	加号	加 | 加号
,	逗号	逗号
-	破折号-减号	减号 | 横线 | 破折号 | 破折号-减号
.	句号	句号 | 点
/	斜线	倾斜 | 实线 | 斜线
:	冒号	冒号
;	分号	分号
<	小过	小过 | 开标签 | 标签
=	等号	相等 | 等于 | 等号
>	大过	大过 | 标签 | 闩标签
?	问号	问号 | 问题
@	at 符号	@ | at 符号 | 商业 at | 安培
[	开方括号	开方括号 | 括号 | 方括号
\	反斜线	反斜实线 | 反斜线
]	闩方括号	括号 | 方括号 | 闩方括号
^	抑扬音符号	帽 | 抑扬 | 抑扬音符号 | 指针 | 控制 | 插入符 | 次方 | 音
_	底线	底线 | 横线 | 线
`	重音符	调子 | 重音 | 重音符
{	开波形括号	大括号 | 开波形括号 | 括号 | 波形括号
|	垂直线	垂直线 | 棒 | 管 | 线
}	闩波形括号	大括号 | 括号 | 波形括号 | 闩波形括号
~	波浪符号	波浪符号
¡	倒转嘅感叹号	倒转 | 倒转嘅感叹号 | 感叹 | 感叹号 | 爆炸
¢	分钱	分钱
£	英镑	埃及镑 | 英镑 | 货币 | 镑
¤	未知货币	
¥	日圆	人民币 | 日圆 | 货币
§	部分	分节 | 分节符号 | 段落 | 部分
¨	分音符号	分音 | 分音符号 | 变音
©	版权	版权
«	左双书名号	人字形 | 向左 | 左双书名号 | 引用 | 括号 | 脱字符 | 角
¬	否定符号	不 | 否定符号
®	注册	注册
°	度	小时 | 度 | 证明
±	加减号	加减号
²	上标二	上标 | 上标二 | 二 | 二次方
³	上标三	三 | 三次方 | 上标 | 上标三
´	尖音符	尖音 | 尖音符 | 音符
µ	微单位标志	微单位标志 | 量度
¶	段落标记	副词 | 段落 | 段落标记 | 稻草人
·	中点	中点 | 中间 | 点 | 间隔号
¹	上标一	一 | 上标 | 上标一
»	右双书名号	人字形 | 右双书名号 | 向右 | 引用 | 括号 | 脱字符 | 角
¿	倒转嘅问号	倒转 | 倒转嘅问号 | 问号 | 问题
×	乘号	乘 | 乘号 | 乘数 | 乘法
÷	除号	除 | 除号 | 除法
֏	亚美尼亚德拉姆	
؋	阿富汗尼	
،	阿拉伯逗号	逗号 | 阿拉伯 | 阿拉伯逗号
؛	阿拉伯分号	分号 | 阿拉伯 | 阿拉伯分号
؟	阿拉伯问号	问号 | 问题 | 阿拉伯 | 阿拉伯问号
৳	孟加拉塔卡	
฿	泰铢	
៛	柬埔寨瑞尔	
‐	破折号	横线 | 破折号
–	短破折号	en | 短破折号 | 破折号
—	长破折号	em | 破折号 | 长破折号
―	水平线	横线 | 水平线 | 破折号 | 线
‘	左撇	单引号 | 左撇 | 引言 | 引述 | 撇
’	右撇	单引号 | 右撇 | 引言 | 引述 | 撇
‚	右下撇	下引号 | 右下撇 | 引号 | 撇
“	左引号	双引号 | 左引号 | 引号 | 引言 | 引述
”	右引号	双引号 | 右引号 | 引号 | 引述 | 智慧
„	下右双引号	下右双引号 | 下引号 | 双引号 | 引号 | 引用 | 引言
†	剑标	剑标 | 短剑号
‡	双剑标	剑标 | 双剑标 | 双重 | 短剑号
•	要点	点 | 要点
…	省略号	点 | 省掉 | 省略号
‧	连字点	列点 | 横线 | 破折号 | 连字点
‰	千分比	千分比 | 千分比符号
′	角分符号	角分符号
″	角秒符号	角分符号 | 角秒符号
‴	三撇符号	三撇符号 | 角分符号
‸	插入符号	插入符号
※	参考标记	参考标记
‼	双感叹号	! | !! | 双感叹号 | 嘭嘭 | 感叹号 | 标点符号 | 符号
‽	疑问感叹号	疑问感叹号
‾	上横线	上横线
⁂	三星符号	三星符号
⁄	分数斜线	分数斜线
⁉	感叹问号	! | !? | ? | 感叹号 | 感叹问号 | 标志 | 标点符号 | 问题
⁻	上标减号	上标 | 上标减号 | 减号
₡	哥斯大黎加科朗	
₢	克鲁塞罗	克鲁塞罗
₣	法国法郎	法国法郎
₤	里拉	里拉
₥	密尔	密尔
₦	奈及利亚奈拉	
₧	西班牙陪士特	
₨	卢比	卢比
₩	韩圜	北韩圜 | 韩圜
₪	以色列新谢克尔	
₫	越南盾	
€	欧罗	欧元 | 欧罗 | 货币
₭	寮国基普	
₮	蒙古图格里克	
₰	德国便士	德国便士
₱	披索	披索
₲	巴拉圭瓜拉尼	
₳	奥斯特拉尔	奥斯特拉尔
₴	乌克兰格里夫纳	
₵	迦纳塞地	
₶	图尔里弗尔	图尔里弗尔
₷	斯贝斯米罗	斯贝斯米罗
₸	卡扎克斯坦坦吉	
₹	印度卢比	卢比 | 印度卢比 | 货币
₺	新土耳其里拉	
₼	亚塞拜然马纳特	
₽	卢布	卢布 | 货币
₾	乔治亚拉里	
₿	比特币	比特币
℗	录音版权	声音 | 录音 | 录音版权 | 版权
™	商标	tm | 商标 | 标记
ℹ	资讯	i | 资讯
←	指向左嘅箭咀	向左 | 向左箭咀 | 指向左嘅箭咀 | 箭咀
↑	指向上嘅箭咀	向上 | 向上箭咀 | 指向上嘅箭咀 | 箭咀
→	指向右嘅箭咀	向右 | 向右箭咀 | 指向右嘅箭咀 | 箭咀
↓	指向下嘅箭咀	向下 | 向下箭咀 | 指向下嘅箭咀 | 箭咀
↔	左右箭咀	左右箭咀 | 箭咀
↕	上下箭咀	上下箭咀 | 箭咀
↖	向左上箭咀	向左上箭咀 | 基点间 | 方向 | 箭咀 | 西北
↗	向右上箭咀	东北 | 向右上箭咀 | 基点间 | 方向 | 箭咀
↘	向右下箭咀	东南 | 向右下箭咀 | 基点间 | 方向 | 箭咀
↙	向左下箭咀	向左下箭咀 | 基点间 | 方向 | 箭咀 | 西南
↚	向左箭咀连斜栋	向左箭咀连斜栋
↛	向右箭咀连斜栋	向右箭咀连斜栋
↜	向左波浪箭咀	向左波浪箭咀
↝	向右波浪箭咀	向右波浪箭咀
↞	向左双头箭咀	向左双头箭咀
↟	向上双头箭咀	向上双头箭咀
↠	向右双头箭咀	向右双头箭咀
↡	向下双头箭咀	向下双头箭咀
↢	向左有尾箭咀	向左有尾箭咀
↣	向右有尾箭咀	向右有尾箭咀
↤	尾后有短线嘅向左箭咀	尾后有短线嘅向左箭咀
↥	尾后有短线嘅向上箭咀	尾后有短线嘅向上箭咀
↦	尾后有短线嘅向右箭咀	尾后有短线嘅向右箭咀
↧	尾后有短线嘅向下箭咀	尾后有短线嘅向下箭咀
↨	有底线嘅上下箭咀	有底线嘅上下箭咀
↩	向右箭咀弯向左	向右箭咀弯向左 | 箭咀
↪	向左箭咀弯向右	向左箭咀弯向右 | 箭咀
↫	转圈嘅向左箭咀	转圈嘅向左箭咀
↬	转圈嘅向右箭咀	转圈嘅向右箭咀
↭	左右波浪箭咀	左右波浪箭咀
↮	左右箭咀连斜栋	左右箭咀连斜栋
↯	向下之字形箭咀	之字形 | 向下之字形箭咀
↰	箭头转左嘅向上箭咀	箭头转左嘅向上箭咀
↱	箭头转右嘅向上箭咀	箭头转右嘅向上箭咀
↲	箭头转左嘅向下箭咀	箭头转左嘅向下箭咀
↳	箭头转右嘅向下箭咀	箭头转右嘅向下箭咀
↴	向右再转下嘅箭咀	向右再转下嘅箭咀
↵	向下再转左嘅箭咀	向下再转左嘅箭咀
↶	逆时针上半圆箭咀	逆时针上半圆箭咀
↷	顺时针上半圆箭咀	顺时针上半圆箭咀
↸	指向西北嘅长箭咀	指向西北嘅长箭咀
↹	向左箭咀喺向右箭咀上面 (箭头有短线)	向右 | 向左箭咀喺向右箭咀上面 (箭头有短线) | 短线 | 箭咀
↺	逆时针开口环形箭嘴	逆时针开口环形箭嘴
↻	顺时针开口环形箭嘴	顺时针开口环形箭嘴
↼	倒钩向上嘅向左鱼叉	倒钩 | 倒钩向上嘅向左鱼叉
↽	倒钩向下嘅向左鱼叉	倒钩向下嘅向左鱼叉
↾	倒钩向右嘅向上鱼叉	倒钩向右嘅向上鱼叉
↿	倒钩向左嘅向上鱼叉	倒钩 | 倒钩向左嘅向上鱼叉
⇀	倒钩向上嘅向右鱼叉	倒钩 | 倒钩向上嘅向右鱼叉
⇁	倒钩向下嘅向右鱼叉	倒钩 | 倒钩向下嘅向右鱼叉
⇂	倒钩向右嘅向下鱼叉	倒钩 | 倒钩向右嘅向下鱼叉
⇃	倒钩向左嘅向下鱼叉	倒钩 | 倒钩向左嘅向下鱼叉
⇄	向右箭咀喺向左箭咀上面	向右箭咀喺向左箭咀上面
⇅	向左箭咀在向右箭咀上面	向上 | 向上向下箭咀 | 向下 | 向左箭咀在向右箭咀上面 | 箭咀
⇆	向左箭咀喺向右箭咀上面	向右 | 向左 | 向左箭咀喺向右箭咀上面 | 箭咀
⇇	一对向左箭咀	一对向左箭咀
⇈	一对向上箭咀	一对向上箭咀
⇉	一对向右箭咀	一对向右箭咀
⇊	一对向下箭咀	一对向下箭咀
⇋	向左鱼叉喺向右鱼叉上面	向左鱼叉喺向右鱼叉上面
⇌	向右鱼叉喺向左鱼叉上面	向右鱼叉喺向左鱼叉上面
⇍	有删除线嘅向左双箭咀	有删除线嘅向左双箭咀
⇎	有删除线嘅左右双箭咀	有删除线嘅左右双箭咀
⇏	有删除线嘅向右双箭咀	有删除线嘅向右双箭咀
⇐	向左双箭咀	向左双箭咀
⇑	向上双箭咀	向上双箭咀
⇒	向右双箭咀	向右双箭咀
⇓	向下双箭咀	向下双箭咀
⇔	左右双箭咀	左右双箭咀
⇖	指向西北嘅双箭咀	指向西北嘅双箭咀
⇗	指向东北嘅双箭咀	指向东北嘅双箭咀
⇘	指向东南嘅双箭咀	指向东南嘅双箭咀
⇙	指向西南嘅双箭咀	指向西南嘅双箭咀
⇚	向左三箭咀	向左三箭咀
⇛	向右三箭咀	向右三箭咀
⇜	向左曲线箭咀	向左曲线箭咀
⇝	向右曲线箭咀	向右曲线箭咀
⇞	有双划线嘅向上箭咀	有双划线嘅向上箭咀
⇟	有双划线嘅向下箭咀	有双划线嘅向下箭咀
⇠	向左虚线箭咀	向左虚线箭咀
⇡	向上虚线箭咀	向上虚线箭咀
⇢	向右虚线箭咀	向右虚线箭咀
⇣	向下虚线箭咀	向下虚线箭咀
⇤	箭头有短线嘅向左箭咀	箭头有短线嘅向左箭咀
⇥	箭头有短线嘅向右箭咀	箭头有短线嘅向右箭咀
⇦	向左空心箭咀	向左空心箭咀
⇧	向上空心箭咀	向上空心箭咀
⇨	向右空心箭咀	向右空心箭咀
⇩	向下空心箭咀	向下空心箭咀
⇪	有底线嘅向上空心箭咀	有底线嘅向上空心箭咀
⇵	向下箭咀喺向上箭咀左边	向下箭咀喺向上箭咀左边
∀	全称量词符号	全称量词 | 全称量词符号 | 全部 | 对任何 | 对所有
∂	偏导数符号	偏导数符号
∃	存在量词符号	存在量词符号
∅	空集	空集
∆	递增	三角形 | 递增
∇	拉普拉斯算子	三角 | 拉普拉斯算子
∈	元素	元素 | 包含 | 成员 | 集
∉	唔属于	元素 | 唔属于
∋	包含	元素 | 包含
∎	证明完毕	q.e.d. | qed | 哈尔莫斯 | 墓碑符号 | 证明完毕
∏	n 元求积	n 元求积
∑	n 元求和	n 元求和
−	减号	减号 | 相减
∓	负正号	负正号
∕	除法斜线	除法斜线
∗	星号运算子	星号运算子
∘	环运算子	环运算子
∙	项目符号运算子	项目符号运算子
√	平方根	基数 | 平方 | 平方根 | 平方符号 | 根
∝	正比	正比
∞	无限符号	无限 | 无限符号
∟	直角	直角
∠	锐角	锐角
∣	整除	整除
∥	平行	平行
∧	逻辑且	逻辑且
∩	交集	交集 | 集
∪	合集	合集 | 收集 | 集
∫	积分	积分
∬	双重积分	双重积分
∮	路径积分	路径积分
∴	所以	所以
∵	因为	因为
∶	比率	比率
∷	比例	比例
∼	波浪号	波浪号
∽	反向波浪号	反向波浪号
∾	逆向横躺式 S	逆向横躺式 S
≃	渐近相等	渐近相等
≅	近似相等	近似相等
≈	约等于	大约 | 约等于 | 近似值
≌	全等于	全等于
≒	大约等于	大约等于
≖	有环等号	有环等号
≠	唔相等符号	不相等 | 唔相等 | 唔相等符号
≡	完全相同	三倍 | 完全 | 完全相同 | 相同
≣	完全相等	完全相等
≤	小过或相等	不相等 | 小过 | 小过或相等 | 等于 | 等如
≥	大过或等于	唔相等 | 大过 | 大过或等于 | 相等 | 等于
≦	小于喺等于上面	小于喺等于上面
≧	大于喺等于上面	大于喺等于上面
≪	远小于	远小于
≫	远大于	远大于
≬	之间	之间
≮	不小于	不小于
≯	不大于	不大于
≳	大于等于	大于等于
≺	先于	先于
≻	后于	后于
⊁	不后于	不后于
⊂	子集	子集 | 集
⊃	母集	母集
⊆	子集等于	子集等于
⊇	母集等于	母集等于
⊕	圆圈加号	圆圈加号
⊖	圆圈减号	圆圈减号
⊗	圆圈乘号	圆圈乘号
⊘	圆圈除法斜线	圆圈除法斜线
⊙	圆圈句点运算子	圆圈句点运算子
⊚	圆圈环运算子	圆圈环运算子
⊛	圆圈星号运算子	圆圈星号运算子
⊞	方框加号	方框加号
⊟	方框减号	方框减号
⊥	倒 T	倒 T
⊮	不强制	不强制
⊰	关系下先于	关系下先于
⊱	关系下后于	关系下后于
⊶	原点	原点
⊹	赫密特共轭矩阵	赫密特共轭矩阵
⊿	直角三角形	直角三角形
⋁	n 元逻辑或	n 元逻辑或
⋂	n 元交集	n 元交集
⋃	n 元联集	n 元联集
⋅	句点运算子	句点运算子
⋆	星运算子	星运算子
⋈	自然合并	自然合并
⋒	双交集	双交集
⋘	远远小于	远远小于
⋙	远远大于	远远大于
⋭	不属于正规子群或等于	不属于正规子群或等于
⋮	垂直省略号	垂直省略号
⋯	中线水平省略号	中线水平省略号
⋰	右上对角省略号	右上对角省略号
⋱	右下对角省略号	右下对角省略号
⌨	键盘	电脑 | 键盘
⏏	退出按钮	退出 | 退出按钮
⏭	下一首曲目按钮	三角形 | 下一个场景 | 下一首曲目 | 下一首曲目按钮 | 箭咀
⏮	最后一首曲目按钮	三角形 | 上一个场景 | 上一首曲目 | 最后一首曲目按钮 | 箭咀
⏯	播放或暂停按钮	三角形 | 向右 | 播放 | 播放或暂停按钮 | 暂停 | 箭咀
⏱	秒表	时钟 | 秒表
⏲	计时器时钟	时钟 | 计时器 | 计时器时钟
⏸	暂停按钮	双 | 垂直 | 暂停 | 暂停按钮 | 棒
⏹	停止按钮	停止 | 停止按钮 | 正方形
⏺	录制按钮	圆形 | 录制 | 录制按钮
Ⓜ	圆形 M	m | 圆形
■	实心正方形	实心正方形
□	空心正方形	空心正方形
▢	空心圆角正方形	空心圆角正方形
▣	空心正方形入面有实心正方形	空心正方形入面有实心正方形
▤	正方形填满横线	正方形填满横线
▥	正方形填满直线	正方形填满直线
▦	正方形填满十字交叉线	正方形填满十字交叉线
▧	正方形填满左上右下斜线	正方形填满左上右下斜线
▨	正方形填满右上左下斜线	正方形填满右上左下斜线
▩	正方形填满对角交叉线	正方形填满对角交叉线
▪	细黑色正方形	几何 | 正方形 | 细黑色正方形
▫	细白色正方形	几何 | 正方形 | 细白色正方形
▬	实心长方形	实心长方形
▭	空心长方形	空心长方形
▮	实心垂直长方形	实心垂直长方形
▰	实心平行四边形	实心平行四边形
▲	实心向上三角形	三角形 | 向上 | 实心 | 实心向上三角形 | 箭咀
△	空心正三角形	空心正三角形
▴	细实心正三角形	细实心正三角形
▵	细空心正三角形	细空心正三角形
▶	播放按钮	三角形 | 向右 | 播放 | 播放按钮 | 箭咀
▷	指向右嘅空心三角形	指向右嘅空心三角形
▸	指向右嘅细实心三角形	指向右嘅细实心三角形
▹	指向右嘅细空心三角形	指向右嘅细空心三角形
►	指向右嘅实心指示符	指向右嘅实心指示符
▻	指向右嘅空心指示符	指向右嘅空心指示符
▼	实心向下三角形	三角形 | 向下 | 实心 | 实心向下三角形 | 箭咀
▽	指向下嘅空心三角形	指向下嘅空心三角形
▾	指向下嘅细实心三角形	指向下嘅细实心三角形
▿	指向下嘅细空心三角形	指向下嘅细空心三角形
◀	回带按钮	三角形 | 向左 | 回带 | 回带按钮 | 箭咀
◁	指向左嘅空心三角形	指向左嘅空心三角形
◂	指向左嘅细实心三角形	指向左嘅细实心三角形
◃	指向左嘅细空心三角形	指向左嘅细空心三角形
◄	指向左嘅实心指示符	指向左嘅实心指示符
◅	指向左嘅空心指示符	指向左嘅空心指示符
◆	实心菱形	实心菱形
◇	空心菱形	空心菱形
◈	空心菱形入面有实心菱形	空心菱形入面有实心菱形
◉	空心圆形入面有实心圆形	空心圆形入面有实心圆形
◊	菱形	菱形 | 钻石
○	空心圆形	圆形 | 环形 | 空心圆形
◌	点线圆形	点线圆形
◍	圆形填满直线	圆形填满直线
◎	同心圆形	同心圆形
●	实心圆形	圆形 | 实心圆形
◐	圆形左半填满	圆形左半填满
◑	圆形右半填满	圆形右半填满
◒	圆形下半填满	圆形下半填满
◓	圆形上半填满	圆形上半填满
◔	圆形右上象限填满	圆形右上象限填满
◕	圆形左上象限冇填满	圆形左上象限冇填满
◖	实心左半圆	实心左半圆
◗	实心右半圆	实心右半圆
◘	反白项目符号	反白项目符号
◙	实心正方形入面有空心圆形	实心正方形入面有空心圆形
◜	左上象限圆弧	左上象限圆弧
◝	右上象限圆弧	右上象限圆弧
◞	右下象限圆弧	右下象限圆弧
◟	左下象限圆弧	左下象限圆弧
◠	上半圆	上半圆
◡	下半圆	下半圆
◢	实心右下三角形	实心右下三角形
◣	实心左下三角形	实心左下三角形
◤	实心左上三角形	实心左上三角形
◥	实心右上三角形	实心右上三角形
◦	空心项目符号	空心项目符号
◯	大空心圆形	圆形 | 大空心圆形 | 环形
◳	空心正方形右上象限	空心正方形右上象限
◷	空心圆形右上象限	空心圆形右上象限
◻	中白色正方形	中白色正方形 | 几何 | 正方形
◼	中黑色正方形	中黑色正方形 | 几何 | 正方形
◿	右下三角形	右下三角形
☀	太阳	光亮 | 太阳 | 射线 | 晴朗
☁	云	云 | 天气
☂	遮	服装 | 遮 | 雨
☃	雪人	寒冷 | 雪 | 雪人
☄	彗星	太空 | 彗星
☎	电话	电话
☑	有剔嘅选框	✓ | 剔号 | 有剔嘅选框 | 盒 | 选框
☘	三叶草	三叶草 | 植物
☝	指向上边	上 | 手 | 手指 | 指 | 指向 | 指向上边
☠	骷髅头同交叉骨	交叉骨 | 怪物 | 死亡 | 脸 | 骷髅头 | 骷髅头同交叉骨
☢	放射性	放射性 | 标志
☣	生物危害	标志 | 生物危害
☦	正统十字架	十字架 | 基督教 | 宗教 | 正统十字架
☪	星同新月	伊斯兰教 | 宗教 | 星同新月 | 穆斯林
☮	和平符号	和平 | 和平符号
☯	阴阳	宗教 | 道 | 道教 | 阳 | 阴 | 阴阳
☸	佛法轮	佛教 | 佛法 | 佛法轮 | 宗教 | 轮
☹	皱眉嘅脸	皱眉 | 皱眉嘅脸 | 脸
☺	微笑嘅脸	微笑 | 微笑嘅脸 | 放松 | 脸 | 轮廓
♀	女性标志	女 | 女性标志
♂	男性标志	男 | 男性标志
♟	国际象棋棋子	国际象棋 | 国际象棋棋子 | 消闲
♠	葵扇	游戏 | 纸牌 | 葵扇
♣	梅花	梅花 | 游戏 | 纸牌
♥	红心	游戏 | 红心 | 纸牌
♦	阶砖	游戏 | 纸牌 | 阶砖
♨	温泉	泉 | 温泉 | 热 | 热腾腾
♪	八分音符	八分 | 八分音符 | 音乐 | 音符
♭	降号	降号 | 音乐 | 音符
♯	升号	升号 | 音乐 | 音符
♻	循环再造符号	循环再造 | 循环再造符号
♾	无限	世界 | 无限 | 无限制 | 永远
⚒	锤同挑	工具 | 挑 | 锤 | 锤同挑
⚔	交叉嘅剑	交叉 | 交叉嘅剑 | 剑 | 武器
⚕	医疗符号	医疗符号 | 医药 | 员工 | 埃斯科拉庇俄斯
⚖	天秤	天秤 | 天秤座 | 工具 | 星座 | 正义 | 秤 | 重量
⚗	蒸馏器	化学 | 工具 | 蒸馏器
⚙	齿轮	工具 | 齿轮
⚛	原子符号	原子 | 原子符号 | 无神论者
⚜	鸢尾花	鸢尾花
⚠	警告	警告
⚧	跨性别人士符号	跨性别人士 | 跨性别人士符号
⚰	棺材	棺材 | 死亡
⚱	殡仪馆	死亡 | 殡仪馆 | 灰烬 | 瓮 | 葬礼
⛈	闪电云同雨云	云 | 闪电云同雨云 | 雨 | 雷电
⛏	挑	工具 | 挑 | 采矿
⛑	救援人员嘅头盔	十字架 | 头盔 | 帽 | 救援人员嘅头盔 | 脸 | 辅助
⛓	链	链
⛩	神教神社	宗教 | 神教 | 神教神社 | 神社
⛰	山	山
⛱	地上嘅遮	地上嘅遮 | 太阳 | 遮 | 雨
⛴	渡船	乘客 | 渡船 | 艇
⛷	滑雪运动员	滑雪 | 滑雪运动员 | 雪
⛸	溜冰	冰 | 溜冰
⛹	拍波嘅人	拍波嘅人 | 波
✂	较剪	剪 | 工具 | 较剪
✈	飞机	飞机
✉	信封	信 | 信封 | 电邮
✌	胜利手势	v | 手 | 胜利 | 胜利手势
✍	写字嘅手	写字 | 写字嘅手 | 手
✏	铅笔	铅笔
✒	黑色笔尖	笔 | 笔尖 | 黑色笔尖
✔	粗剔号	✓ | 剔号 | 标志 | 粗剔号
✖	粗乘号	X | 乘 | 乘法 | 交叉 | 取消 | 标志 | 粗乘号
✝	拉丁十字架	十字架 | 基督教 | 宗教 | 拉丁十字架
✡	大卫之星	大卫 | 大卫之星 | 宗教 | 星 | 犹太人 | 犹太教
✳	八角星	* | 八角星 | 星
✴	八角星星	* | 八角星星 | 星
❄	雪花	寒冷 | 雪 | 雪花
❇	闪闪	* | 闪闪
❣	沉重嘅感叹嘅	感叹嘅 | 标点符号 | 沉重嘅感叹嘅 | 符号
❤	红色心	心 | 红色心
➡	向右箭咀	东 | 向右箭咀 | 基点 | 方向 | 箭咀
⤴	向右箭咀弯向上	向右箭咀弯向上 | 箭咀
⤵	向右箭咀弯向下	向下 | 向右箭咀弯向下 | 箭咀
⨧	加号下标 2	加号下标 2
⨯	向量外积	向量外积
⨼	内积	内积
⩣	逻辑或双下横线	逻辑或双下横线
⩽	小于斜等号	小于斜等号
⪍	小于喺相似等上面	小于喺相似等上面
⪚	双线等号大于	双线等号大于
⪺	后于喺不几乎等于上面	后于喺不几乎等于上面
⬅	向左箭咀	向左箭咀 | 基点 | 方向 | 箭咀 | 西
⬆	向上箭咀	北 | 向上箭咀 | 基点 | 方向 | 箭咀
⬇	向下箭咀	南 | 向下 | 向下箭咀 | 基点 | 方向 | 箭咀
、	顿号	表意 | 逗号 | 顿号
。	中文句号	中文句号 | 句号 | 表意
〈	开尖括号	人字形 | 元组 | 列点括号 | 尖括号 | 开尖括号 | 括弧 | 菱形括号
〉	闩尖括号	人字形 | 元组 | 列点括号 | 尖括号 | 括弧 | 菱形括号 | 闩尖括号
《	开双尖括号	双尖括号 | 开双尖括号 | 括弧
》	闩双尖括号	双尖括号 | 括弧 | 闩双尖括号
「	开引号	开引号 | 引号 | 括弧
」	闩引号	引号 | 括弧 | 闩引号
『	开双引号	双引号 | 开双引号 | 括弧
』	闩双引号	双引号 | 括弧 | 闩双引号
【	开实心透镜括号	实心括号 | 开实心透镜括号 | 括弧 | 透镜括号
】	闩实心透镜括号	实心括号 | 括弧 | 透镜括号 | 闩实心透镜括号
〔	开六角括号	六角括号 | 开六角括号 | 括号 | 括弧
〕	闩六角括号	六角括号 | 括号 | 括弧 | 闩六角括号
〖	开中空透镜括号	中空括号 | 开中空透镜括号 | 括弧 | 空心括号
〗	闩中空透镜括号	中空括号 | 括弧 | 空心括号 | 闩中空透镜括号
〰	波浪破折号	标点符号 | 波浪 | 波浪破折号 | 破折号
〽	歌记号	标志 | 歌记号
・	片假名中点	中点 | 点 | 点间 | 片假名 | 片假名中点
㊗	日本「祝」按钮	恭喜 | 日本 | 日本「祝」按钮 | 祝
㊙	日本「秘」按钮	日本 | 日本「秘」按钮 | 秘 | 秘密
﷼	里亚尔	里亚尔
🅰	A 按钮 (血型)	a | A 按钮 (血型) | 血型
🅱	B 按钮 (血型)	b | B 按钮 (血型) | 血型
🅾	O 按钮 (血型)	o | O 按钮 (血型) | 血型
🅿	P 按钮	P 按钮 | 泊车
🈂	日本「服务费」按钮	日本 | 日本「服务费」按钮 | 服务费
🈷	日本「月」按钮	日本 | 日本「月」按钮 | 月 | 月费
🌡	温度计	天气 | 温度计
🌤	小云后嘅太阳	云 | 太阳 | 小云后嘅太阳
🌥	大云后嘅太阳	云 | 大云后嘅太阳 | 太阳
🌦	雨云后嘅太阳	云 | 太阳 | 雨 | 雨云后嘅太阳
🌧	雨云	云 | 雨 | 雨云
🌨	雪云	云 | 寒冷 | 雪 | 雪云
🌩	闪电云	云 | 闪电 | 闪电云
🌪	闪电	云 | 旋风 | 闪电
🌫	雾	云 | 雾
🌬	风脸	云 | 吹 | 脸 | 风 | 风脸
🌶	辣椒	辣 | 辣椒
🍽	叉、刀同碟	刀 | 叉 | 叉、刀同碟 | 煮食 | 碟
🎖	军事奖牌	军事 | 军事奖牌 | 奖牌 | 庆祝
🎗	纪念丝带	丝带 | 庆祝 | 纪念 | 纪念丝带
🎙	录音室咪高峰	咪 | 咪高峰 | 录音室 | 录音室咪高峰 | 音乐
🎚	级别滑块	滑块 | 级别 | 级别滑块 | 音乐
🎛	控制旋钮	控制 | 控制旋钮 | 钮 | 音乐
🎞	电影画面	戏 | 戏院 | 电影 | 电影画面 | 画面
🎟	入场券	入场 | 入场券 | 券
🏋	举重嘅人	举重 | 举重嘅人 | 举重者 | 举重运动员
🏌	打高尔夫嘅人	打高尔夫嘅人 | 波 | 高尔夫
🏍	电单车	电单车 | 赛跑
🏎	赛车	赛车 | 车
🏔	雪山	寒冷的 | 山 | 雪 | 雪山
🏕	露营	露营
🏖	海滩同遮	海滩 | 海滩同遮 | 遮
🏗	建筑物建造	建筑物建造 | 建造
🏘	屋	屋
🏙	城市景色	城市 | 城市景色
🏚	荒废嘅房屋	房屋 | 荒废 | 荒废嘅房屋
🏛	古典建筑	古典 | 古典建筑
🏜	沙漠	沙漠
🏝	荒岛	岛 | 沙漠 | 荒岛
🏞	国家公园	公园 | 国家公园
🏟	体育场	体育场
🏳	白色旗	波浪 | 白色旗
🏵	花环	植物 | 花环
🏷	标签	标签
🐿	花栗鼠	花栗鼠
👁	眼	眼 | 身体
📽	电影放映机	影片 | 戏 | 戏院 | 放映机 | 电影 | 电影放映机
🕉	唵	印度教 | 唵 | 宗教
🕊	鸽	和平 | 雀 | 飞 | 鸽
🕯	蜡烛	光 | 蜡烛
🕰	壁炉时钟	壁炉时钟 | 时钟
🕳	窿	窿
🕴	着西装嘅男人	商业 | 男 | 着西装嘅男人 | 西装
🕵	侦探	侦探 | 调查员 | 间谍
🕶	太阳眼镜	太阳眼镜 | 眼 | 眼镜 | 黑暗
🕷	蜘蛛	昆虫 | 蜘蛛
🕸	蜘蛛网	网 | 蜘蛛 | 蜘蛛网
🕹	游戏杆	游戏 | 游戏杆 | 电视游戏
🖇	连埋嘅万字夹	万字夹 | 连住 | 连埋嘅万字夹
🖊	笔	原子笔 | 笔
🖋	钢笔	喷水池 | 笔 | 钢笔
🖌	画笔	画画 | 画笔
🖍	蜡笔	蜡笔
🖐	手指张开	张开 | 手 | 手指 | 手指张开
🖥	桌面电脑	桌面 | 桌面电脑 | 电脑
🖨	打印机	打印机 | 电脑
🖱	电脑滑鼠	电脑 | 电脑滑鼠
🖲	轨迹球	电脑 | 轨迹球
🖼	框画	博物馆 | 图片 | 框架 | 框画 | 绘画 | 艺术
🗂	卡片索引分类	分类 | 卡片 | 卡片索引分类 | 索引
🗃	卡片档案盒	卡片 | 卡片档案盒 | 档案 | 盒
🗄	档案柜	柜 | 档案 | 档案柜
🗑	废纸篓	废纸篓
🗒	可揭式记事簿	可揭式记事簿 | 垫 | 注释 | 螺旋
🗓	可揭式日历	可揭式日历 | 垫 | 日历 | 螺旋
🗜	钳	压 | 工具 | 虎头钳 | 钳
🗝	旧锁匙	提示 | 旧 | 旧锁匙 | 锁 | 锁匙
🗞	卷起嘅报纸	卷起 | 卷起嘅报纸 | 报纸 | 新闻 | 纸
🗡	匕首	刀 | 匕首 | 武器
🗣	讲野嘅头	剪影 | 头 | 脸 | 讲 | 讲野 | 讲野嘅头
🗨	左对话泡泡	对话 | 左对话泡泡 | 讲野
🗯	右边嬲泡泡	发癫 | 右边嬲泡泡 | 嬲 | 气球 | 泡泡
🗳	有选票嘅投票箱	投票 | 有选票嘅投票箱 | 盒
🗺	世界地图	世界 | 世界地图 | 地图
🛋	沙发和座灯	座灯 | 沙发 | 沙发和座灯 | 酒店
🛍	购物袋	袋 | 购物 | 购物袋 | 酒店
🛎	服务员钟	服务员 | 服务员钟 | 酒店 | 钟
🛏	床	床 | 训觉 | 酒店
🛠	锤同士巴拿	士巴拿 | 工具 | 扳手 | 锤 | 锤同士巴拿
🛡	盾	武器 | 盾
🛢	油桶	桶 | 油 | 油桶
🛣	公路	公路 | 路 | 高速公路
🛤	铁路轨道	火车 | 铁路 | 铁路轨道
🛥	机动船	机动船 | 艇
🛩	小型飞机	小型飞机 | 飞机
🛰	卫星	卫星 | 太空
🛳	客船	乘客 | 客船 | 船
