# CLDR symbol names for zu: symbol, tts name, keywords
# cldr-version	48
# source	https://unicode.org/Public/cldr/48/cldr-common-48.zip
# sha256	06c7c698d6fd8d67cefac15a0206b0109b00e0ef1636f86f84449fa959561f74
# icu-version	78.3
# unicode-version	17.0
# Generated by tools/cldr_symbol_names.py; do not edit.
!	umbabazi	bang | exclamation | exclamation mark | exclamation point | umbabazi
#	uphawu lwe-hash	hash | hash sign | hashtag | inamba | lb | pound | uphawu lwe-hash
$	i-dollar	i-dollar | i-peso | i-USD | imali
%	iphesenti	iphesenti
&	ampersand	ampersand
'	i-aphostrofi yokuthayipha	i-aphostrofi | i-aphostrofi yokuthayipha | isilinganiso | isilinganiso esisodwa
)	ubuzali obusondelene	paren | parens | parenthesis | ubakaki | ubakaki oyindilinga | ubuzali obusondelene
*	asterisk	asterisk | star | wildcard
+	uphawu lokuhlanganisa	hlanganisa | uphawu lokuhlanganisa | yengeza
,	ukhefana	ukhefana
-	i-hyphen-minus	i-hyphen | i-hyphen-minus | susa | udeshi
.	isikhathi	ichashazi | isikhathi | ungqi
/	isleshi	isleshi | isthrokhi | oblique | slash | solidus | virgule | whack
:	ikholoni	ikholoni
;	isemikholoni	isemikholoni | semi-colon | semicolon
<	ncane kune	ithegi | ncane kune | vula ithegi
=	lingana	lingana | okulingana
>	khulu kuno	ithegi | khulu kuno | vala ithegi
?	umbuzi	umbuzi | umbuzo
@	at-sign	at-sign
[	ubakaki wesikwele ovulekile	ikhroshethi | ubakaki | ubakaki oyisikwele | ubakaki wesikwele ovulekile
\	backslash	backslash | reverse solidus | whack
]	vala ubakaki oyisikwele	ikhroshethi | ubakaki | ubakaki oyisikwele | vala ubakaki oyisikwele
^	circumflex accent	amandla | circumflex | control | I-chevron | inkomba | isibonakaliso se-xor | isigqoko | isimangalo | ukunakekelwa | wedge
_	umugqa ophansi	dwebela | udeshi | udeshi ophansi | umugqa | umugqa ophansi | underdash
`	grave accent	accent | grave | tone
{	ubakaki ovulekile	i-gullwing | ubakaki | ubakaki ogobile | ubakaki ovulekile
|	umugqa ome mpo	ibha | ibha yokuqonda mpo | induku | ipayipi | ipiki | umugqa | umugqa ome mpo | unhlangothi | unhlangothi owu-sheffer | vbar
}	vala ubakaki ogobile	i-gullwing | ubakaki | ubakaki ogobile | vala ubakaki ogobile
~	i-tilde	i-tilde
¡	isibabazo esihlanekezelwe	bang | exclamation | exclamation mark | exclamation point | inverted | isibabazi esihlanekezelwe | isibabazo esihlanekezelwe
¢	i-cent	i-cent
£	i-pound	EGP | GBP | i-currency | i-pound | pound
¤	imali engaziwa	
¥	i-yen	currency | I-CNY | i-yen | JPY | yen | yuan
§	i-section	i-section | ingxenye | isigaba | silcrow
¨	i-diaeresis	i-diaeresis | i-tréma | i-umlaut
©	ilungelo lokukopisha	ilungelo lokukopisha
«	i-guillement ekwesobunxele	amabrakhethi | carets | chevron | i-angle | i-guillement ekwesobunxele | i-guillment ekwesobunxele | kwesobunxele | ukucaphuna
¬	i-negation	hhayi | i-negation | ukuphikisa
®	okubhalisiwe	okubhalisiwe
°	i-degree	i-degree | ihora | ubufakazi
±	hlanganisa-susa	hlanganisa-susa
²	i-superscript two	i-squared | i-superscript two | superscript | two
³	i-superscript three	i-cubed | i-superscript three | superscript | three
´	isimangalo esibi	i-acute | isimangalo | isimangalo esibi | ithoni
µ	i-micro sign	i-micro sign | kala | micro sign
¶	uphawu lwesigaba	alinea | isigaba | paragraph | paragraph mark | pilcrow | uphawu lwesigaba
·	ichashaza eliphakathi nendawo	ichashaza | ichashaza eliphakathi nendawo | interpunct | middot | phakathi nendawo
¹	i-superscript one	i-one | i-superscript one | superscript
»	i-guillement ekwesokudla	amabrakhethi | carets | chevron | i-angle | i-guillement ekwesokudla | kwesokudla | ukucaphuna
¿	umbuzi ohlanekezelwe	inverted | umbuzi | umbuzi ohlanekezelwe | umbuzo
×	uphawu lokuphindaphinda	izikhathi | ukuphindaphinda | uphawu lokuphindaphinda
÷	uphawu lokuhlukanisa	hlukanisa | obelus | ukuhlukanisa | uphawu lokuhlukanisa
֏	i-Armenian Dram	
؋	i-Afghan Afghani	
،	ukhefana wama-arabic	ukhefana wama-arabic
؛	isemikholoni ye-arabic	arabic | arabic semicolon | isemikholoni ye-arabic | semi-colon
؟	umbuzi wesi-arabic	arabic | arabic question mark | question | umbuzi | umbuzi wesi-arabic
৳	i-Bangladeshi Taka	
฿	i-Thai Baht	
៛	i-Cambodian Riel	
‐	i-hyphen	i-hyphen | udeshi
–	i-en dash	en | i-dash | i-en dash
—	i-em dash	em | i-dash | i-em dash
―	ibha evundlile	ibha | ibha evundlile | udeshi | ulayini
‘	i-aphostrofi yakwesokunxele	i-aphostrof | i-aphostrofi yakwesokunxele | isilinganiso | isilinganiso esihlakaniphile | isilinganiso esisodwa
’	i-aphostrofi yakwesokudla	i-aphostrofi | i-aphostrofi yakwesokudla | isilinganiso | isilinganiso esihlakaniphile | isilinganiso esisodwa
‚	umphikisi wesokudla ophansi	i-aphostrofi | isicaphuni | isilinganiso esiphansi | umphikisi wesokudla ophansi
“	uphawu lwesicaphuni lwesobunxele	isicaphuni | isilinganiso kabili | ukucaphuna | ukucaphuna okuhle | uphawu lwesicaphuni lwesobunxele
”	uphawu lwesicaphuni lwesokudla	isicaphuni | isicaphuni esiphindwe kabili | ukucaphuna | ukucaphuna okuhlakaniphile | uphawu lwesicaphuni lwesokudla
„	uphawu locaphuna oluphansi kwesokudla	isicaphuni | isicaphuni esiphindwe kabili | ukucaphuna | ukucaphuna okuhlakaniphile | uphawu locaphuna oluphansi kwesokudla
†	uphawu lwe-dagger	dagger | obelisk | obelus | uphawu lwe-dagger
‡	uphawu lwe-dagger oluphindeke kabili	i-dagger | obelisk | obelus | phinda kabili | uphawu lwe-dagger oluphindeke kabili
•	ichashaza	ichashaza | ungqi
…	i-ellipsis	amachashazi | i-ellipsis | okusalayo
‧	iphuzu le-hyphenation	i-hyphen | iphuzu | iphuzu le-hyphenation | udeshi
‰	per mille	mil | mille | per | permil | permille
′	prime	prime
″	double prime	double prime | prime
‴	triple prime	prime | triple prime
‸	i-caret	i-caret
※	uphawu lwereferensi	uphawu lwereferensi
‼	uphawu lwesibabazi oluphindekile	isibabazi | uphawu | uphawu lwesibabazi oluphindekile
‽	i-interrobang	i-interrobang
‾	ngaphezu komugqa	ngaphezu komugqa
⁂	i-asterism	i-asterism | i-dinkus | izinkanyezi
⁄	fraction slash	fraction slash | stroke | virgule
⁉	uphawu lombuzo oluyisibabazi	isibabazi | umbuzo | uphawu | uphawu lombuzo oluyisibabazi
⁻	i-superscript minus	i-minus | i-superscript minus | superscript
₡	i-Costa Rican Colón	
₢	cruzeiro	BRB | cruzeiro | currency
₣	french franc	currency | franc | french franc
₤	lira	currency | lira
₥	i-mill	i-mil | i-mill
₦	i-Nigerian Naira	
₨	rupee	currency | rupee
₩	i-won	i-won | KPW | KRW
₪	i-Israeli New Sheqel	
₫	i-Vietnamese Dong	
€	i-euro	EUR | euro | i-currency | i-euro
₭	i-Laotian Kip	
₮	i-Mongolian Tugrik	
₰	german penny	currency | german penny | pfennig
₱	i-peso	i-peso
₲	i-Paraguayan Guarani	
₳	austral	ARA | austral | currency
₴	i-Ukrainian Hryvnia	
₵	i-Ghanaian Cedi	
₶	livre tournois	currency | livre tournois
₷	spesmilo	currency | spesmilo
₸	i-Kazakhstani Tenge	
₹	i-indian rupee	i-currency | i-indian rupee | indian rupee | rupee
₺	i-Turkish Lira	
₼	i-Azerbaijani Manat	
₽	i-ruble	i-currency | i-ruble | ruble
₾	i-Georgian Lari	
₿	i-bitcoin	i-bitcoin | i-BTC
℗	i-copyright yokuqopha umsindo	copyright | i-copyright yokuqopha umsindo | ukuqopha | umsindo
™	uphawu lokuhweba	uphawu | uphawu lokuhweba
ℹ	umthombo wolwazi	i | ulwazi | umthombo wolwazi
←	kwesobunxele-i-arrow yokukhomba	kwesobunxele | kwesobunxele-i-arrow yokukhomba | umcibisholo
↑	phezulu-i-arrow yokukhomba	phezulu | phezulu-i-arrow yokukhomba | umcibisholo
→	kwesokudla-i-arrow yokukhomba	kwesokudla | kwesokudla-i-arrow yokukhomba | umcibisholo
↓	ezansi-i-arrow yokukhomba	ezansi | ezansi-i-arrow yokukhomba | umcibisholo
↔	umcibisholo okwesokunxele nesokudla	umcibisholo | umcibisholo okwesokunxele nesokudla
↕	umcibisholo ophansi phezulu	umcibisholo | umcibisholo ophansi phezulu
↖	umcibisholo obheke phezulu kwesokunxele	inkomba | inkombakuhlanganisa | inyakathontshonalanga | umcibisholo | umcibisholo obheke phezulu kwesokunxele
↗	Inkomba phezulu-kwesokudla	enyakathompumalanga | inkomba | Inkomba phezulu-kwesokudla | inkombakuhlanganisa | umcibisholo
↘	inkombaphansi ngqo	eningizimunempumalanga | inkomba | inkombakuhlanganisa | inkombaphansi ngqo | umcibisholo
↙	umcibisholo obheke phansi kwesokunxele	inkomba | ningizimuntshonalanga | umcibisholo | umcibisholo obheke phansi kwesokunxele
↚	umugqa womcibisholo wangakwesokundele	umugqa womcibisholo wangakwesokundele
↛	umugqa womcibisholo wangakwesokudla	umugqa womcibisholo wangakwesokudla
↜	umcibisholo wegagasi wangakwesokunxele	umcibisholo wegagasi wangakwesokunxele
↝	umcibisholo wegagasi wangakwesokudla	umcibisholo wegagasi wangakwesokudla
↞	umcibisholo onamakhanda amabili wangakwesokudla	umcibisholo onamakhanda amabili wangakwesokudla
↟	umcibisholo onamakhanda amabili waphezulu	umcibisholo onamakhanda amabili waphezulu
↠	umcibisholo onamakhanda amabili ngakwesokunxele	umcibisholo onamakhanda amabili wangakwesokunxele
↡	umcibisholo onamakhanda amabili waphansi	umcibisholo onamakhanda amabili waphansi
↢	umsila womcibisholo wangakwesokunxele	umsila womcibisholo wangakwesokunxele
↣	umsila womcibisholo wangakwesokudla	umsila womcibisholo wangakwesokudla
↤	umcibisholo wangakwesokunxele kusuka kwibha	umcibisholo wangakwesokunxele kusuka kwibha
↥	umcibisholo waphezulu kusuka kwibha	umcibisholo waphezulu kusuka kwibha
↦	umcibisholo wangakwesokudla kusuka kwibha	umcibisholo wangakwesokudla kusuka kwibha
↧	umcibisholo waphansi kusuka kwibha	umcibisholo waphansi kusuka kwibha
↨	umcibisholo waphezulu phansi onebhesi	umcibisholo waphezulu phansi onebhesi
↩	umcibisholo okhombe kwesokudla ogobe kwesokunxele	umcibisholo | umcibisholo okhombe kwesokudla ogobe kwesokunxele
↪	umcibisholo okhombe kwesokunxele ogobe kwesokudla	umcibisholo | umcibisholo okhombe kwesokunxele ogobe kwesokudla
↫	iluphu lomcibisholo wangakwesokunxele	iluphu lomcibisholo wangakwesokunxele
↬	iluphu lomcibisholo wangakwesokudla	iluphu lomcibisholo wangakwesokudla
↭	umcibisholo wegagasi wangakwesokunxele kwesokudla	umcibisholo wegagasi wangakwesokunxele kwesokudla
↮	umugqa womcibisholo wangakwesokunxele kwesokudla	umugqa womcibisholo wangakwesokunxele kwesokudla
↯	umcibisholo we-zigzag waphansi	i-zigzag | umcibisholo we-zigzag waphansi
↰	ithiphu yomcibisholo waphezulu kwesokunxele	ithiphu yomcibisholo waphezulu kwesokunxele
↱	ithiphu yomcibisholo waphezulu kwesokudla	ithiphu yomcibisholo waphezulu kwesokudla
↲	ithiphu yomcibisholo waphansi kwesokunxele	ithiphu yomcibisholo waphansi kwesokunxele
↳	ithiphu yomcibisholo waphansi kwesokudla	ithiphu yomcibisholo waphansi kwesokudla
↴	ikhona lomcibisholo wakwesokudla phansi	ikhona lomcibisholo wakwesokudla phansi
↵	ikhona lomcibisholo waphansi kwesokunxele	ikhona lomcibisholo waphansi kwesokunxele
↶	umcibisholo cishe oyindingilizi ophezulu ohamba ngokuphikisana newashi	umcibisholo cishe oyindingilizi ophezulu ohamba ngokuphikisana newashi
↷	umcibisholo cishe oyindingilizi ophezulu ohamba newashi	umcibisholo cishe oyindingilizi ophezulu ohamba newashi
↸	ibha elide lomcibisholo wentshonalanga nenyakatho	ibha elide lomcibisholo wentshonalanga nenyakatho
↹	ibha lomcibisholo ngakwesokudla ngaphezu kwebha lomcibisholo wangakwesokudla	ibha lomcibisholo ngakwesokudla ngaphezu kwebha lomcibisholo wangakwesokudla
↺	umcibisholo oyindingilizi evulekile ohamba ngokuphikisana newashi	umcibisholo oyindingilizi evulekile ohamba ngokuphikisana newashi
↻	umcibisholo oyindingilizi evulekile ohamba newashi	umcibisholo oyindingilizi evulekile ohamba newashi
↼	i-harpoon barb yaphezulu kwesokunxele	i-barb | i-harpoon barb yaphezulu kwesokunxele
↽	i-harpoon barb yaphansi kwesokunxele	i-harpoon barb yaphansi kwesokunxele
↾	i-harpoon barb yakwesokudla phezulu	i-barb | i-harpoon barb yakwesokudla phezulu
↿	i-harpoon barb yakwesokunxele phezulu	i-barb | i-harpoon barb yakwesokunxele phezulu
⇀	i-harpoon barb yaphezulu kwesokudla	i-barb | i-harpoon barb yaphezulu kwesokudla
⇁	i-harpoon barb yaphansi kwesokudla	i-barb | i-harpoon barb yaphansi kwesokudla
⇂	i-harpoon barb yakwesokudla phansi	i-barb | i-harpoon barb yakwesokudla phansi
⇃	i-harpoon barb yakwesokunxele phansi	i-barb | i-harpoon barb yakwesokunxele phansi
⇄	umcibisholo wakwesokudla ngaphezu komcibisholo wakwesokunxele	umcibisholo wakwesokudla ngaphezu komcibisholo wakwesokunxele
⇅	phezulu-ukukhomba phezulu nasezansi	imicibisholo ekhomba phansi nekhomba phezulu | phansi | phezulu | phezulu-ukukhomba phezulu nasezansi | umcibisholo
⇆	left-ukukhomba ku-right naku-left	kwesobunxele | kwesobunxele-ukukhomba kwesokudla-imicibisholo yokukhomba | kwesokudla | left-ukukhomba ku-right naku-left | umcibisholo
⇇	imicibisholo ebhangqiwe yangakwesokunxele	imicibisholo ebhangqiwe yangakwesokunxele
⇈	imicibisholo ebhangqiwe yaphezulu	imicibisholo ebhangqiwe yaphezulu
⇉	imicibisholo ebhangqiwe yakwesokudla	imicibisholo ebhangqiwe yakwesokudla
⇊	imicibisholo ebhangqiwe yaphansi	imicibisholo ebhangqiwe yaphansi
⇋	i-harpoon yangakwesokunxele ngaphezu kwe-harpon yangakwesokudla	i-harpoon yangakwesokunxele ngaphezu kwe-harpon yangakwesokudla
⇌	i-harpoon yangakwesokudla ngaphezu kwe-harpon yangakwesokunxele	i-harpoon yangakwesokudla ngaphezu kwe-harpon yangakwesokunxele
⇍	i-stroke somcibisholo ongakubili wangakwesokunxele	i-stroke somcibisholo ongakubili wangakwesokunxele
⇎	i-stroke somcibisholo ongakubili wesokunxele kwesokudla	i-stroke somcibisholo ongakubili wesokunxele kwesokudla
⇏	i-stroke somcibisholo ongakubili wangakwesokudla	i-stroke somcibisholo ongakubili wangakwesokudla
⇐	umcibisholo ongakubili wangakwesokunxele	umcibisholo ongakubili wangakwesokunxele
⇑	umcibisholo ongakubili waphezulu	umcibisholo ongakubili waphezulu
⇒	umcibisholo ongakubili wangakwesokudla	umcibisholo ongakubili wangakwesokudla
⇓	umcibisholo ongakubili waphansi	umcibisholo ongakubili waphansi
⇔	umcibisholo ongakubili wesokunxele kwesokudla	umcibisholo ongakubili wesokunxele kwesokudla
⇖	umcibisholo ongakubili wasentshonalanga nenyakatho	umcibisholo ongakubili wasentshonalanga nenyakatho
⇗	umcibisholo ongakubili wasempumalanga nenyakatho	umcibisholo ongakubili wasempumalanga nenyakatho
⇘	umcibisholo ongakubili waseningizimu esempumalanga	umcibisholo ongakubili waseningizimu esempumalanga
⇙	umcibisholo ongakubili weningizimu esentshonalanga	umcibisholo ongakubili weningizimu esentshonalanga
⇚	umcibisholo ongakuthathu wangakwesokunxele	umcibisholo ongakuthathu wangakwesokunxele
⇛	umcibisholo ongakuthathu wangakwesokudla	umcibisholo ongakuthathu wangakwesokudla
⇜	umcibisholo we-squiggle ongakwesokunxele	umcibisholo we-squiggle ongakwesokunxele
⇝	umcibisholo we-squiggle ongakwesokudla	umcibisholo we-squiggle ongakwesokudla
⇞	i-stroke esingakubili somcibisholo ophezulu	i-stroke esingakubili somcibisholo ophezulu
⇟	i-stroke esingakubili somcibisholo ophansi	i-stroke esingakubili somcibisholo ophansi
⇠	umcibisholo wedeshi ongakwesokunxele	umcibisholo wedeshi ongakwesokunxele
⇡	umcibisholo wedeshi ophezulu	umcibisholo wedeshi ophezulu
⇢	rightwards dashed arrow	rightwards dashed arrow
⇣	downwards dashed arrow	downwards dashed arrow
⇤	leftwards arrow bar	leftwards arrow bar
⇥	rightwards arrow bar	rightwards arrow bar
⇦	umcibisholo ongenalutho oyakwesokunxele	umcibisholo ongenalutho oyakwesokunxele
⇧	upwards hollow arrow	umcibisholo ongenalutho oya phezulu | upwards hollow arrow
⇨	rightwards hollow arrow	rightwards hollow arrow
⇩	umcibisholo ongenalutho oya phansi	downwards hollow arrow | umcibisholo ongenalutho oya phansi
⇪	upwards hollow arrow from bar	upwards hollow arrow from bar
⇵	downwards arrow leftwards upwards arrow	downwards arrow leftwards upwards arrow
∀	for all	all | any | for all | given | universal
∂	partial differential	differential | partial differential
∃	there exists	there exists
∅	empty set	empty set | mathematics | set operator
∆	i-increment	i-increment | triangle
∇	i-nabla	i-nabla | ungxantathu
∈	i-element of	element | element of | i-element of | iqukethe | set | ukuba yilungu
∉	not an element	element | not an element
∋	contains as member	contains as member | element
∎	end proof	end proof | halmos | q.e.d. | qed | tombstone
∏	n-ary product	logic | n-ary product | product
∑	n-ary summation	mathematics | n-ary summation | summation
−	uphawu lokususa	khipha | susa | uphawu lokususa
∓	minus-or-plus	minus-or-plus | plus-minus
∕	division slash	division slash | slash | stroke | virgule
∗	asterisk operator	asterisk operator | star
∘	ring operator	composition | operator | ring operator
∙	bullet operator	bullet operator | operator
√	i-square root	i-radical | i-square root | radix | root | square | surd
∝	proportional	proportional | proportionality
∞	i-infinity sign	i-infinity | i-infinity sign
∟	right angle	mathematics | right angle
∠	angle	acute | angle
∣	divides	divides | divisor
∥	parallel	parallel
∧	logical and	ac | atque | logical and | wedge
∩	i-intersection	i-intersection | set
∪	i-union	i-collection | i-union | set | union
∫	integral	calculus | integral
∬	double integral	calculus | double integral
∮	contour integral	contour integral
∴	therefore	logic | therefore
∵	because	because | logic
∶	ratio	ratio
∷	proportion	proportion | proportionality
∼	tilde operator	operator | tilde operator
∽	reversed tilde	reversed tilde | tilde
∾	inverted lazy s	inverted lazy s
≃	asymptotically equal	asymptote | asymptotically equal | mathematics
≅	approximately equal	approximately equal | congruence | equality | isomorphism | mathematics
≈	cishe kulingane	cishe | cishe kulingane | ukusondela
≌	all equal	all equal | equality | mathematics
≒	approximately equal the image	approximately equal the image
≖	ring in equal	equality | mathematics | ring in equal
≠	ngalingani	ngalingani | ukungalingani
≡	kufana nalokhu	kufana nalokhu | kufana nse | kuthathu | kuyafana
≣	strictly equivalent	equality | mathematics | strictly equivalent
≤	ncane kune noma ukulingana	ncane kune | ncane kune noma ukulingana | ukulingana | ukungalingani
≥	okukhulu kuno noma okulinganayo	khulu kune | lingana | okukhulu kuno noma okulinganayo | okulingana | okungalingani
≦	less-than over equal	inequality | less-than over equal | mathematics
≧	greater-than over equal	greater-than over equal | inequality | mathematics
≪	much less-than	inequality | mathematics | much less-than
≫	much greater-than	inequality | mathematics | much greater-than
≬	between	between
≮	not less-than	inequality | mathematics | not less-than
≯	not greater-than	inequality | mathematics | not greater-than
≳	greater-than equivalent	greater-than equivalent | inequality | mathematics
≺	precedes	mathematics | precedes | set operator
≻	succeeds	mathematics | set operator | succeeds
⊁	does not succeed	does not succeed | mathematics | set operator
⊂	i-subset of	i-set | i-subset of | subset | subset of
⊃	superset	mathematics | set operator | superset
⊆	subset equal	subset equal
⊇	superset equal	equality | mathematics | superset equal
⊕	circled plus	circled plus | plus
⊖	circled minus	circled minus | erosion | symmetric difference
⊗	circled times	circled times | product | tensor
⊘	circled division slash	circled division slash | division-like | mathematics
⊙	circled dot operator	circled dot operator | operator | XNOR
⊚	circled ring operator	circled ring operator
⊛	circled asterisk operator	asterisk | circled asterisk operator | operator
⊞	squared plus	addition-like | mathematics | squared plus
⊟	squared minus	mathematics | squared minus | subtraction-like
⊥	up tack	eet | falsum | tack | up tack
⊮	does not force	does not force
⊰	precedes under relation	mathematics | precedes under relation | set operator
⊱	succeeds under relation	mathematics | set operator | succeeds under relation
⊶	original	original
⊹	hermitian conjugate matrix	hermitian conjugate matrix | mathematics | self-adjoint matrix | square matrix
⊿	right triangle	mathematics | right triangle | right-angled triangle
⋁	n-ary logical or	disjunction | logic | n-ary logical or
⋂	n-ary intersection	intersection | mathematics | n-ary intersection | set operator
⋃	n-ary union	mathematics | n-ary union | set operator | union
⋅	dot operator	dot operator | operator
⋆	star operator	operator | star operator
⋈	natural join	binary operator | bowtie | natural join
⋒	double intersection	double intersection | intersection | mathematics | set operator
⋘	very much less-than	inequality | mathematics | very much less-than
⋙	very much greater-than	inequality | mathematics | very much greater-than
⋭	does not contain as normal subgroup equal	does not contain as normal subgroup equal | group theory | mathematics
⋮	vertical ellipsis	ellipsis | mathematics | vertical ellipsis
⋯	midline horizontal ellipsis	ellipsis | midline horizontal ellipsis
⋰	up right diagonal ellipsis	ellipsis | mathematics | up right diagonal ellipsis
⋱	down right diagonal ellipsis	down right diagonal ellipsis | ellipsis | mathematics
⌨	ikhibhodi	ikhibhodi | ikhompytha
⏏	inkinobho yokukhipha	inkinobho yokukhipha | ukukhipha
⏭	inkinobho yokudlala okulandelayo	inkinobho yokudlala okulandelayo | okulandelayo | umcibisholo | unxantathu
⏮	inkinobho yeculo lokugcina	iculo ebelidlala | inkinobho yeculo lokugcina | obekudlala | umcibisholo | unxantathu
⏯	inkinobho yokudlala noma ukumisa	dlala | inkinobho yokudlala noma ukumisa | okwesokudla | phumuza | umcibisholo | unxantathu
⏱	i-stop washi	i-stop washi | iwashi
⏲	timer clock	isiklalisikhathi | iwashi | timer clock
⏸	inkinobho yokuphumuza	ibha | inkinobho yokuphumuza | okuqondile | ukuphinda | ukuphumuza
⏹	inkinobho yokumisa	inkinobho yokumisa | isikwele | misa
⏺	inkinobho yokuqopha	indingilizi | inkinobho yokuqopha | ukuqopha
Ⓜ	uhlamvu m olusendingilizini	indingilizi | m | uhlamvu m olusendingilizini
■	filled square	filled square
□	hollow square	hollow square
▢	hollow square with rounded corners	hollow square with rounded corners
▣	hollow square containing filled square	hollow square containing filled square
▤	square with horizontal fill	square with horizontal fill
▥	square with vertical fill	square with vertical fill
▦	square orthogonal crosshatch fill	square orthogonal crosshatch fill
▧	square upper left lower right fill	square upper left lower right fill
▨	square upper right lower left fill	square upper right lower left fill
▩	square diagonal crosshatch fill	square diagonal crosshatch fill
▪	iskwele esincane esimnyama	iskwele | iskwele esincane esimnyama | jiyometrikhi
▫	isikwele esimhlophe esincane	isikwele esimhlophe esincane | iskwele | jiyometrikhi
▬	filled rectangle	filled rectangle
▭	hollow rectangle	hollow rectangle
▮	filled vertical rectangle	filled vertical rectangle
▰	filled parallelogram	filled parallelogram
▲	egcwele phezulu-ungxantathu okhombayo	egcwele phezulu-ungxantathu okhombayo | phezulu | ugcwele | ugcwele phezulu-ungxantathu okhombayo | umkhonto | ungxantathu
△	hollow up-pointing triangle	hollow up-pointing triangle
▴	filled up-pointing small triangle	filled up-pointing small triangle
▵	hollow up-pointing small triangle	hollow up-pointing small triangle
▶	inkinobho yokudlala	dlala | inkinobho yokudlala | kwesokudla | umcibisholo | unxantathu
▷	hollow right-pointing triangle	hollow right-pointing triangle
▸	filled right-pointing small triangle	filled right-pointing small triangle
▹	hollow right-pointing small triangle	hollow right-pointing small triangle
►	filled right-pointing pointer	filled right-pointing pointer
▻	hollow right-pointing pointer	hollow right-pointing pointer
▼	igcwaliswe phansi-okukhomba ungxantathu	igcwaliswe phansi-okukhomba ungxantathu | phansi | ukugcwalisa | ukugcwalisa phansi-ukukhomba okungxantathu | umkhonto | ungxantathu
▽	hollow down-pointing triangle	hollow down-pointing triangle
▾	filled down-pointing small triangle	filled down-pointing small triangle
▿	hollow down-pointing small triangle	hollow down-pointing small triangle
◀	inkinobho yokubuyela emuva	inkinobho yokubuyela emuva | kwesokunxele | ukuhlehla | umcibisholo | umxantathu
◁	hollow left-pointing triangle	hollow left-pointing triangle
◂	filled left-pointing small triangle	filled left-pointing small triangle
◃	hollow left-pointing small triangle	hollow left-pointing small triangle
◄	filled left-pointing pointer	filled left-pointing pointer
◅	hollow left-pointing pointer	hollow left-pointing pointer
◆	filled diamond	filled diamond
◇	hollow diamond	hollow diamond
◈	hollow diamond containing filled diamond	hollow diamond containing filled diamond
◉	hollow circle containing filled circle	circled dot | concentric cicles filled | fisheye | hollow circle containing filled circle | ward
◊	i-lozenge	i-lozenge | i-rhombus | idayimani
○	indilinga engenalutho	indandatho | indilinga | indilinga engenalutho
◌	dotted circle	dotted circle
◍	circle with vertical fill	circle with vertical fill
◎	concentric circles	concentric circles | double circle | target
●	indilinga egcwele	indilinga | indilinga egcwele
◐	circle left half filled	circle left half filled
◑	circle right half filled	circle right half filled
◒	circle lower half filled	circle lower half filled
◓	circle upper half filled	circle upper half filled
◔	circle upper right quadrant filled	circle upper right quadrant filled
◕	circle all but upper left quadrant filled	circle all but upper left quadrant filled
◖	left half filled circle	left half filled circle
◗	right half filled circle	right half filled circle
◘	inverse bullet	inverse bullet
◙	filled square containing hollow circle	filled square containing hollow circle | inverse hollow circle
◜	upper left quadrant circular arc	upper left quadrant circular arc
◝	upper right quadrant circular arc	upper right quadrant circular arc
◞	lower right quadrant circular arc	lower right quadrant circular arc
◟	lower left quadrant circular arc	lower left quadrant circular arc
◠	upper half circle	upper half circle
◡	lower half circle	lower half circle
◢	filled lower right triangle	filled lower right triangle
◣	filled lower left triangle	filled lower left triangle
◤	filled upper left triangle	filled upper left triangle
◥	filled upper right triangle	filled upper right triangle
◦	hollow bullet	hollow bullet
◯	indilinga enkulu engenalutho	indandatho | indilinga | indilinga enkulu engenalutho
◳	hollow square upper right quadrant	hollow square upper right quadrant
◷	hollow circle with upper right quadrant	hollow circle with upper right quadrant
◻	isikwele esimhlophe esimaphakathi	isikwele esimhlophe esimaphakathi | iskwele | jiyometrikhi
◼	iskwele esimnyama esimaphakathi	iskwele | iskwele esimnyama esimaphakathi | jiyometrikhi
◿	lower right triangle	lower right triangle
☀	ilanga	ilanga | imisebe | isikhala | isimo sezulu | kunelanga | ukukhanya
☁	ifu	ifu | isimo sezulu
☂	isambulela	impahla egqokwayo | imvula | isambulela | isimo sezulu
☃	indoda yesithwathwa	indoda yesithwathwa | isimo sezulu | isithwathwa | ukubanda
☄	ikhomethi	ikhomethi | ukhathi
☎	ucingo	ifoni | ucingo
☑	ibhokisi lebhalothi elinokuhlola	ibhalothi | ibhokisi | ibhokisi lebhalothi elinokuhlola | ukuhlola
☘	i-shamrock	i-shamrock | isitshalo
☝	umunwe wokukhomba okhombe phezulu	isandla | ukukhomba | umunwe | umunwe wokukhomba | umunwe wokukhomba okhombe phezulu | umzimba
☠	ugebhezi namathambo	amathambo aphambene | ugebhezi namathambo
☢	kusebenza ngowaya	kusebenza ngowaya | uphawu
☣	okungaba nobungozi kumvelo	okungaba nobungozi kumvelo | uphawu
☦	isiphambano senkolo	inkolo | isiphambano | isiphambano senkolo | ubukristu
☪	inkanyezi nocezu lwenyanga	inkanyezi nocezu lwenyanga | inkolo | isulumane | ubusulumane
☮	uphawu lokuthula	ukuthula | uphawu lokuthula
☯	yin yang	inkolo | tao | yang | yin yang | ying
☸	isondo likadharma	dharma | inkolo | isondo | isondo likadharma | umbhuda
☹	ubuso obubiphile	bipha | ubuso | ubuso obubiphile
☺	ubuso obumoyizelayo	moyizela | ubuso | ubuso obumoyizelayo | ukuphumula
♀	uphawu lowesifazane	owesifazane | uphawu lowesifazane
♂	upahwu lwendoda	indoda | upahwu lwendoda
♟	chess pawn	chess | dupe | expendable | pawn
♠	uspeyidi	ikhadi | ispeyidi | umdlalo | uspeyidi
♣	umpukane	ikhadi | izimpukane | umdlalo | umpukane
♥	unhliziyo	ikhadi | inhliziyo | izinhliziyo | umdlalo | unhliziyo
♦	okumise okwedayimane	amadayimane | idayimane | ikhadi | okumise okwedayimane | umdlalo
♨	iziphethu ezinamanzi ashisayo	iziphethu | iziphethu ezinamanzi ashisayo | kuyashisa | kuyathunya
♪	inothi yesishiyagalombili	inothi | umculo | yesishiyagalombili
♭	iscaba	bemolle | flat | music | note
♯	sharp	dièse | diesis | music | note | sharp
♻	uphawu lokuvuselela	uphawu lokuvuselela | vuselela
♾	ingunaphakade	forever | ingunaphakade | unbounded | universal
⚒	isando ipiki	ipiki | isando | ithuluzi
⚔	imikhonto ephambene	imikhonto | imikhonto ephambene | izikhali | okuphambene
⚕	uphawu losizo lwezempilo	abasebenzi | umuthi | uphawu losizo lwezempilo
⚖	okokulinganisa	inkanyezi | isisindo | ithuluzi | iziklali | libra | okokulinganisa | ubulungiswa | ukulingana
⚗	i-alambic	i-alambic | ithuluzi | khemistri
⚙	igiya	igiya | ithuluzi
⚛	uphawu lokungakhonzi	ongakholwa | ukungakhonzi | uphawu lokungakhonzi
⚜	i-fleur-de-lis	i-fleur-de-lis
⚠	isexwayiso	isexwayiso
⚧	isimbuli ye-transgender	i-transgender | isimbuli ye-transgender
⚰	ibhokisi lomngcwabo	ibhokisi lomngcwabo | ukufa
⚱	isitsha somngcwabo	isitsha somngcwabo | ukufa | umlotha | umngcwabo
⛈	ifu elinombani kanye nemvula	ifu | ifu elinombani kanye nemvula | imvula | isimo sezulu | ukuduma
⛏	ipiki	imayini | ipiki | ithuluzi
⛑	isigqoko esiqinile esinesiphambano esimhlophe	isigqoko | isigqoko esiqinile esinesiphambano esimhlophe | isiphambano | ubuso | usizo
⛓	amaketango	amaketango
⛩	shinto shrine	inkolo | shinto | shrine
⛰	intaba	intaba
⛱	isambulela esiphansi	ilanga | imvula | isambulela | isambulela esiphansi | isimo sezulu
⛴	isikebhe sokuwelisa	isikebhe | isikebhe sokuwelisa
⛷	odlala iski	isithwatha | odlala iski | ski
⛸	ice skate	ice skate | iqhwa | skate
⛹	umuntu onebhola	ibhola | umuntu onebhola
✂	isikelo	isikelo | ithuluzi
✈	ibhanoyi	ibhanoyi | isithuthi
✉	imvilophu	i-imeyli | imvilophu
✌	isandla sokunqoba	isandla | isandla sokunqoba | ukunqoba | umzimba
✍	isandla esibhalayo	isandla | isandla esibhalayo | ukubhala | umzimba
✏	ipenseli	ipenseli
✒	umsizi omnyama	omnyama | umsizi
✔	uphawu lokuhlola oluwugqinsi	ukuhlola | uphawu | uphawu lokuhlola oluwugqinsi
✖	phindaphinda	phindaphinda | ukukhansela | ukuphindaphinda | uphawu lokuphindaphinda oluwugqinsi
✝	isiphambano sobulatini	inkolo | isiphambano | isiphambano sobulatini | ubukristu
✡	inkanyezi kadavide	inkanyezi | inkanyezi kadavide | inkolo | udavide | umjuda
✳	inkanyezi enemigxa eyisishiyagalombili	inkanyezi | inkanyezi enemigxa eyisishiyagalombili
✴	inkanyezi ecije kayisishayagalombili	inkanyezi | inkanyezi ecije kayisishayagalombili
❄	ikhekheba leqha	ikhekheba leqha | isimo sezulu | isithwathwa | ukubanda
❇	ukubhanyaza	ukubhanyaza
❣	isibabazi senhliziyo edangele	inhliziyo | isibabazi | isibabazi senhliziyo edangele | uphawu
❤	inhliziyo ebomvu	inhliiziyo | inhliziyo ebomvu
➡	Inkomba kwesokudla	empumalanga | inkomba | Inkomba kwesokudla | umcibisholo
⤴	umcibisholo wakwesokudla ogobele phezulu	umcibisholo | umcibisholo wakwesokudla ogobele phezulu
⤵	umcibisholo wakwesokudla ogobele phansi	phansi | umcibisholo | umcibisholo wakwesokudla ogobele phansi
⨧	plus subscript two	kanye nokubili okubhaliselwe | plus subscript two
⨯	umkhiqizo we-vector cross	umkhiqizo we-vector cross
⨼	umkhiqizo wangaphakathi	umkhiqizo wangaphakathi
⩣	ibha yangaphansi enengqondo noma ekabili	ibha yangaphansi enengqondo noma ekabili
⩽	ngaphansi-kunetshekile elilinganayo	ngaphansi-kunetshekile elilinganayo
⪍	okungaphansi-kungaphezu kokulingana okufanayo	okungaphansi-kungaphezu kokulingana okufanayo
⪚	double-line equal greater-than	double-line equal greater-than | inequality | mathematics
⪺	succeeds above not almost equal	succeeds above not almost equal
⬅	inkombasinxele	inkomba | inkombasinxele | ntshonalanga
⬆	inkomba phezulu	enyakatho | inkomba | inkomba phezulu | umcibisholo
⬇	umcibisholo opheke phansi	inkomba | ningizimu | phansi | umcibisholo | umcibisholo opheke phansi
、	ukhefana we-ideographic	ukhefana | ukhefana we-ideographic | umbono
。	isikhathi se-ideographic	i-ideographic | isikhathi | isikhathi se-ideographic | ungqi
〈	vula ubakaki oyi-engeli	abakaki abayidayimane | i-chevron | i-tuple | ubakaki | ubakaki ocijile | ubakaki oyi-engeli | vula ubakaki oyi-engeli
〉	vala ubakaki oyi-engeli	abakaki abayidayimane | i-chevron | i-tuple | ubakaki | ubakaki ocijile | ubakaki oyi-engeli | vala ubakaki oyi-engeli
《	vula ubakaki oyi-engeli ophindwe kabili	ubakaki | ubakaki oyi-engeli ophindwe kabili | vula ubakaki oyi-engeli ophindwe kabili
》	vala ubakaki oyi-engeli ophindwe kabili	ubakaki | ubakaki oyi-engeli ophindwe kabili | vala ubakaki oyi-engeli ophindwe kabili
「	vula ubakaki osekhoneni	ubakaki | ubakaki osekhoneni | vula ubakaki osekhoneni
」	vala ubakaki osekhoneni	ubakaki | ubakaki osekhoneni | vala ubakaki osekhoneni
『	vula ubakaki onembobo osekhoneni	ubakaki | ubakaki onembobo osekhoneni | vula ubakaki onembobo osekhoneni
』	vala ubakaki onembobo osekhoneni	ubakaki | ubakaki onembobo osekhoneni | vala ubakaki onembobo osekhoneni
【	vula amalensi amnyama abakaki	amalensi kabakaki | ubakaki | ubakaki oyi-lenticular | vula amalensi amnyama abakaki
】	vala amalensi amnyama kabakaki	amalensi kabakaki | ubakaki | ubakaki oyi-lenticular | vala amalensi amnyama kabakaki
〔	vula ubakaki oyigobolondo lofudu	ubakaki | ubakaki oyigobolondo | ubakaki oyigobolondo lofudu | vula ubakaki oyigobolondo lofudu
〕	vala ubakaki oyigobolondo lofudu	ubakaki | ubakaki oyigobolondo | ubakaki oyigobolondo lofudu | vala ubakaki oyigobolondo lofudu
〖	vula amalensi embobo kabakaki	hollow lenticular bracket | imbobo yamalensi kabakaki | ubakaki | vula amalensi embobo kabakaki
〗	vala amalensi embobo kabakaki	hollow lens bracket | hollow lenticular bracket | ubakaki | vala amalensi embobo kabakaki
〰	udeshi osagagasi	okusagagasi | udeshi | udeshi osagagasi
〽	upahwu lokulungisa ingxenye	ingxenye | upahwu lokulungisa ingxenye | uphawu
・	ichashazi lekatakana eliphakathi nendawo	amachashazi | ichashazi lekatakana eliphakathi nendawo | katakana | middot | ukuxhumana
㊗	uphawu lokuzungeleziwe kokuhalalisa	ama-chinese | halalisa | uphawu lokuzungeleziwe kokuhalalisa
㊙	uphawu lobumfihlo ezungeziwe	ama-chinese | imfihlo | uphawu lobumfihlo ezungeziwe
﷼	rial	currency | rial
🅰	inkinobho ka-a	a | igazi | inkinobho ka-a
🅱	inkinobho ka-b	b | inkinobho ka-b | uhlobo lwegazi
🅾	inkinobho o	igazi | inkinobho o | o
🅿	inkinobho yokupaka	inkinobho yokupaka | ukupaka
🈂	uphawu lokumahhala oluyiskwele	mahhala | uphawu lokumahhala oluyiskwele
🈷	uphawu lwenyanga oluyiskwele	inyanga | uphawu lwenyanga oluyiskwele
🌡	ithemomitha	isimo sezulu | ithemomitha
🌤	ilanga elingemuva kwefu elincane	ifu | ilanga | ilanga elingemuva kwefu elincane | isimo sezulu
🌥	ilanga elingemuva kwef elikhul	ifu | ilanga | ilanga elingemuva kwef elikhul | isimo sezulu
🌦	ilanga elingemuva kwefu elinemvula	ifu | ilanga | ilanga elingemuva kwefu elinemvula | imvula | isimo sezulu
🌧	ifu elinemvula	ifu | ifu elinemvula | imvula | isimo sezulu
🌨	ifu elinesithwathwa	ifu | ifu elinesithwathwa | isimo sezulu | isithwathwa | ukubanda
🌩	ifu elinombani	ifu | ifu elinombani | isimo sezulu | umbani
🌪	inkanyamba	ifu | inkanyamba | isimo sezulu | umoya ovunguzayo
🌫	inkungu	ifu | inkungu | isimo sezulu
🌬	ubuso bomoya	ifu | isimo sezulu | phephetha | ubuso | ubuso bomoya | umoya
🌶	upelepele obabayo	isitshalo | ukubaba | upelepele | upelepele obabayo
🍽	imfoloko nommese nepleti	imfoloko | imfoloko nommese nepleti | ipleti | ukupheka | ummese
🎖	imedali yamasosha	imedali | imedali yamasosha | okwamasosha | umbungazo
🎗	iribhini yesikhumbuzo	iribhini | iribhini yesikhumbuzo | isikhumbuzo | umbungazo
🎙	imakhrofoni yasestudiyo	imakhrofoni | imakhrofoni yasestudiyo | imayikhi | istudiyo | umculo
🎚	izinga lesilawuli	izinga | izinga lesilawuli | okokulawula | umculo
🎛	izinkinobho zezilawuli	izinkinobho | izinkinobho zezilawuli | ukulawula | umculo
🎞	amafreymi amafilimu	amafreymi amafilimu | amafreymu | ifilimu | imuvi | isinema
🎟	amathikithi okungena	amathikithi | amathikithi okungena | ukungena
🏋	umuntu ophakamisa izinsimbi	izinsimbi | ukuphakamisa | umuntu ophakamisa izinsimbi
🏌	umuntu odlala igalofu	ibhola | igalofu | umuntu odlala igalofu
🏍	isithuthuthu esigijimayo	isithuthuthu esigijimayo | umjaho
🏎	imoto yomjaho	imoto | imoto yomjaho | umjaho
🏔	intaba embethe iqhwa	intaba | intaba embethe iqhwa | iqhwa | ukubanda
🏕	ukukhempa	ukukhempa
🏖	ibhishi nesambulela	ibhishi | ibhishi nesambulela | isambulela
🏗	ukwakha isakhiwo	ukwakha | ukwakha isakhiwo
🏘	izakhiwo zezindlu	izakhiwo zezindlu | izindlu
🏙	ukubukeka kwedolobha	idolobha | ukubukeka kwedolobha
🏚	isakhiwo sendlu esinganakiwe	indlu | isakhiwo sendlu esinganakiwe
🏛	isakhiwo sakudala	isakhiwo | isakhiwo sakudala
🏜	ugwadule	isiqhingi | ugwadule
🏝	isiqhingi sasogwadule	isiqhingi | isiqhingi sasogwadule | ugwadule
🏞	ipaki likazwelonke	ipaki | ipaki likazwelonke
🏟	inkundla yezemidlalo	inkundla | inkundla yezemidlalo
🏳	ukundizisa ifulegi elimhlophe	ukundizisa | ukundizisa ifulegi elimhlophe
🏵	irosette	irosette | isitshalo
🏷	ilebula	ilebula
🐿	i-chipmunk	i-chipmunk
👁	ihlo	ihlo | umzimba
📽	ibhayisikobho	amafreymu | ibhayisikobho | ifilimu | imuvi | isinema
🕉	om	hindu | inkolo | om
🕊	ijuba	ijuba | inyoni | ndiza | ukuthula
🕯	ikhandlela	ikhandlela | ukukhanya
🕰	mantelpiece clock	iwashi | mantelpiece clock
🕳	imbobo	imbobo
🕴	indoda egqoke isudu	ibhizinisi | indoda | indoda egqoke isudu | isudu
🕵	umseshi	impimpi | umpheyi | umseshi
🕶	izibuko zelanga	ihlo | izibuko | izibuko zamehlo | izibuko zelanga | ubumnyana
🕷	isicabucabu	isicabucabu | isilokozane
🕸	ulwembu lwesicabucabu	isicabucabu | ulwembu | ulwembu lwesicabucabu
🕹	ijoystiki	ijoystiki | umdlalo | umdlalo wevidiyo
🖇	okokubamba amaphepha okuhlangene	okokubamba amaphepha okuhlangene | okokuhlanganisa amaphepha okuhlangene
🖊	ipeni elicijile	ipeni | ipeni elicijile | ukucija
🖋	ifountain pen	fountain | ifountain pen | ipeni
🖌	ibhulashi lokupeda	ibhulashi lokupeda | ukupenda
🖍	ikhrayoni	ikhrayoni
🖐	isandla esiphakanyisiwe esivuliwe	esivuliwe | isandla | isandla esiphakanyisiwe esivuliwe | umunwe | umzimba
🖥	ikhompyutha yedeskhithophu	ideskhithophu | ikhompyutha | ikhompyutha yedeskhithophu
🖨	iphrinta	ikhompyutha | iphrinta
🖱	isilawuli sekhompyutha	3 | ikhompyutha | inkinobho | isilawuli | isilawuli sekhompyutha
🖲	itrackball	ikhompyutha | itrackball
🖼	ifulemu enesithombe	ifulemu | ifulemu enesithombe | imyuziyemu | isithombe | ubuciko
🗂	okwahlukanisa amakhadi	ikhadi | okwahlukanisa amakhadi | okwahlukanisayo
🗃	ibhodi lokugcina amakhadi	ibhodi lokugcina amakhadi | ibhokisi | ifayela | ikhadi
🗄	ikhabethei lamafayela	fayela | ikhabethe | ikhabethei lamafayela
🗑	ubhasikidi wezibi	ubhasikidi wezibi
🗒	okokubhala okunezipringi	izipringi | okokubhala | okokubhala okunezipringi
🗓	ikhalenda lezipringi	ikhalenda | ikhalenda lezipringi | izipringi
🗜	isicindezeli	isicindezeli | ithuluzi | uvaysi
🗝	ukhiye omdala	khiya | okudala | okukukhanyiselayo | ukhiye | ukhiye omdala
🗞	iphephandaba eligoqiwe	eligoqiwe | iphepha | iphephandaba | izindaba
🗡	ummese	isikhali | ummese
🗣	ikhanda elikhulumayo	ikhanda | ikhanda elikhulumayo | isithombe | ubuso | ukukhuluma
🗨	ibhaluni lenkulumo lakwesokunxele	ibhaluni lenkulumo lakwesokunxele | inkulumo
🗯	ibhaluni lenkulumo lakwesokudla lolaka	ibhaluni | ibhaluni lenkulumo lakwesokudla lolaka | ukucasuka | ulaka
🗳	ibhokisi lebhalothi elinebhalothi	ibhalothi | ibhokisi | ibhokisi lebhalothi elinebhalothi
🗺	ibalazwe lomhlaba	ibalazwe | ibalazwe lomhlaba | umhlaba
🛋	usofa ilambu	ihhotela | ilambu | usofa
🛍	izikhwama zokuthenga	ihhotela | isikhwama | izikhwama zokuthenga | ukuthenga
🛎	insimbi	ihhotela | insimbi
🛏	umbhede	ihhotela | ukulala | umbhede
🛠	isando nespanelo	ipiki | isando | isando nespanelo | ispanelo
🛡	ihawu	ihawu | isikhali
🛢	idramu lamafutha	amafutha | idramu | idramu lamafutha
🛣	umgwaqo onguthelawayeka	umgwaqo | umgwaqo onguthelawayeka | umgwaqo womphakathi
🛤	ujantshi wesitimela	isitimela | ujantshi | ujantshi wesitimela
🛥	isikebhe esinenjini	isikebhe | isikebhe esinenjini | isithuthi
🛩	ibhanoyi elincane	ibhanoyi | ibhanoyi elincane | isithuthi
🛰	isethalayithi	isethalayithi | isithuthi | umkhathi
🛳	umkhumbi othwala abagbeli	isithuthi | umgibeli | umkhumbi | umkhumbi othwala abagbeli
